{
  "症状": {
    "稀便": [
      "拉稀"
    ],
    "大便粘液": [
      "黏液样大便"
    ],
    "消化不良": [
      "消化吸收能力差"
    ],
    "肠鸣音": [
      "肚子有响声"
    ],
    "腹泻": [
      "拉肚子",
      "拉稀"
    ],
    "沙哑": [
      "嗓子哑",
      "喉咙哑",
      "声音嘶哑"
    ],
    "喘息": [
      "气喘",
      "憋喘"
    ],
    "咳嗽": [],
    "呼吸困难": [
      "呼吸困难",
      "呼吸不舒服"
    ],
    "皮疹": [
      "疹子",
      "红色疙瘩"
    ],
    "精神软": [
      "精神状态差",
      "精神不好",
      "没精神"
    ],
    "湿疹": [],
    "支气管炎": [],
    "痰": [
      "黏痰",
      "黄痰"
    ],
    "细菌感染": [
      "细菌性炎症"
    ],
    "鼻流涕": [
      "流鼻子"
    ],
    "鼻塞": [
      "鼻塞",
      "鼻子不通",
      "鼻子堵"
    ],
    "发热": [
      "发烧"
    ],
    "过敏": [],
    "积食": [],
    "磨牙症": [],
    "淋巴结肿大": [],
    "上呼吸道感染": [],
    "贫血": [],
    "支原体感染": [
      "支原体阳性"
    ],
    "呼吸道感染": [],
    "中等度热": [],
    "高热": [],
    "腹痛": [
      "肚子痛",
      "胃部疼"
    ],
    "呕吐": [],
    "出汗": [
      "出虚汗",
      "冷汗"
    ],
    "病毒感染": [],
    "厌食": [
      "不爱吃饭",
      "不肯吃东西"
    ],
    "肠炎": [
      "肠子发炎"
    ],
    "屁": [
      "放屁臭",
      "多屁"
    ],
    "腹胀": [
      "胀气",
      "肚子胀",
      "肚子硬",
      "肚子鼓"
    ],
    "黄疸": [],
    "脓血便": [],
    "脱水": [],
    "尿量减少": [
      "小便量少",
      "没尿"
    ],
    "打喷嚏": [],
    "普通感冒": [
      "感冒",
      "风寒感冒"
    ],
    "恶心": [
      "想吐"
    ],
    "肺炎": [],
    "退热": [
      "烧退",
      "退烧"
    ],
    "热惊厥": [],
    "心肌炎": [],
    "哭闹": [],
    "呃逆": [
      "打嗝"
    ],
    "口臭": [
      "口气重",
      "嘴里有异味"
    ],
    "咽喉炎": [
      "嗓子发炎",
      "咽部红肿"
    ],
    "幼儿急疹": [],
    "肠套叠": [],
    "肠梗阻": [
      "肠道梗阻"
    ],
    "大便黏液": [
      "粘液便"
    ],
    "蛋花汤样便": [
      "蛋花状大便"
    ],
    "口腔溃疡": [],
    "咳痰": [
      "吐痰",
      "呕痰"
    ],
    "粗糙呼吸音": [
      "呼噜呼噜",
      "呼吸声有点粗"
    ],
    "水样便": [
      "稀水便"
    ],
    "四肢厥冷": [
      "手脚发凉"
    ],
    "扁桃体炎": [
      "扁桃体红肿"
    ],
    "头痛": [],
    "咽喉不适": [
      "嗓子不舒服"
    ],
    "干咳": [],
    "胸痛": [
      "胸疼"
    ],
    "胸膜炎": [],
    "鼻炎": [],
    "绿便": [
      "大便发绿",
      "绿屎",
      "绿色粑粑"
    ],
    "胃肠功能紊乱": [
      "胃肠功能不好",
      "消化功能紊乱"
    ],
    "肠胃型感冒": [],
    "胃肠炎": [],
    "肛门红肿": [
      "肛周脓肿",
      "屁股红"
    ],
    "便秘": [
      "不排便"
    ],
    "大便酸臭": [],
    "扁桃体发炎": [],
    "疱疹": [],
    "轮状病毒感染": [
      "轮状病毒肠炎"
    ],
    "病毒性感冒": [],
    "脑部先天发育不良": [],
    "痰鸣音": [
      "喉咙有响声",
      "嗓子呼噜呼噜"
    ],
    "低热": [
      "低烧"
    ],
    "粥样便": [],
    "黑便": [
      "大便变黑"
    ],
    "缺钙": [
      "缺铁"
    ],
    "食欲不振": [
      "胃口不佳",
      "不太吃饭",
      "不大吃东西"
    ],
    "哮喘": [],
    "败血症": [],
    "血便": [
      "大便带血",
      "拉血",
      "便血"
    ],
    "嗜睡": [
      "睡眠增多",
      "爱睡觉"
    ],
    "心率增快": [
      "心率过快",
      "心跳加快"
    ],
    "支气管炎肺炎": [
      "支气管肺炎"
    ],
    "气管炎": [],
    "腹部不适": [
      "肚子不舒服",
      "腹部不适"
    ],
    "阑尾炎": [],
    "睡眠障碍": [
      "睡眠不安",
      "睡眠不好",
      "失眠"
    ],
    "抽搐": [
      "抽风"
    ],
    "惊厥": [],
    "脑炎": [],
    "支气管肺炎": [
      "支原体肺炎"
    ],
    "过敏体质": [],
    "痢疾": [],
    "咽喉红肿": [
      "咽部充血"
    ],
    "肠系膜淋巴结炎": [],
    "干呕": [
      "呕吐"
    ],
    "脑膜炎": [],
    "乏力": [],
    "心脏病": [],
    "先天性心脏病": [],
    "口周发青": [
      "口唇发青",
      "口周青紫"
    ],
    "鼻流血": [
      "鼻血",
      "流鼻血"
    ],
    "中耳炎": [
      "耳朵发炎"
    ],
    "呼吸急促": [
      "呼吸增快"
    ],
    "红疹": [
      "疹子"
    ],
    "荨麻疹": [],
    "细菌性肠炎": [],
    "手足口病": [],
    "肠胃炎": [
      "肠炎",
      "胃炎",
      "胃肠炎"
    ],
    "头晕": [],
    "烦躁": [],
    "肠痉挛": [],
    "寒战": [
      "冷战"
    ],
    "体重减轻": [],
    "血尿": [
      "尿红尿",
      "尿血"
    ],
    "泪囊炎": [],
    "鼻出血": [],
    "病毒性肠炎": [],
    "喷嚏": [
      "打喷嚏"
    ],
    "溃疡": [
      "有溃",
      "口腔溃疡"
    ],
    "喉骨软化": [],
    "鼻窦炎": [],
    "大便隐血": [
      "大便潜血"
    ],
    "鹅口疮": [],
    "蛋花样便": [],
    "咽峡炎": [],
    "肺结核": [],
    "尿量增多": [],
    "衣原体感染": [],
    "细菌性感冒": [],
    "结膜炎": [],
    "佝偻病": [],
    "地中海贫血": [],
    "过敏性咳嗽": [],
    "糊状便": [],
    "过敏性鼻炎": [],
    "脑出血": [],
    "中毒性脑病": [],
    "高乳酸血症": [],
    "脱肛": [],
    "尿路感染": [
      "泌尿感染"
    ],
    "白血病": [],
    "呼噜": [
      "打呼噜"
    ],
    "肛裂": []
  }
}