{
  "症状": {
    "稀便": 969,
    "大便粘液": 201,
    "消化不良": 1155,
    "肠鸣音": 95,
    "腹泻": 2473,
    "沙哑": 163,
    "喘息": 389,
    "咳嗽": 5080,
    "呼吸困难": 27,
    "皮疹": 141,
    "精神软": 282,
    "湿疹": 78,
    "支气管炎": 878,
    "痰": 1692,
    "细菌感染": 470,
    "鼻流涕": 1400,
    "鼻塞": 403,
    "发热": 3082,
    "过敏": 301,
    "积食": 48,
    "磨牙症": 3,
    "淋巴结肿大": 4,
    "上呼吸道感染": 189,
    "贫血": 54,
    "支原体感染": 241,
    "呼吸道感染": 356,
    "中等度热": 197,
    "高热": 276,
    "腹痛": 201,
    "呕吐": 1898,
    "出汗": 206,
    "病毒感染": 479,
    "厌食": 45,
    "肠炎": 284,
    "屁": 203,
    "腹胀": 289,
    "黄疸": 71,
    "脓血便": 106,
    "脱水": 345,
    "尿量减少": 106,
    "打喷嚏": 228,
    "普通感冒": 1173,
    "恶心": 113,
    "肺炎": 578,
    "退热": 194,
    "热惊厥": 28,
    "心肌炎": 12,
    "哭闹": 514,
    "呃逆": 28,
    "口臭": 17,
    "咽喉炎": 230,
    "幼儿急疹": 59,
    "肠套叠": 3,
    "肠梗阻": 16,
    "大便黏液": 11,
    "蛋花汤样便": 42,
    "口腔溃疡": 18,
    "咳痰": 68,
    "粗糙呼吸音": 78,
    "水样便": 315,
    "四肢厥冷": 100,
    "扁桃体炎": 97,
    "头痛": 23,
    "咽喉不适": 84,
    "干咳": 123,
    "胸痛": 3,
    "胸膜炎": 7,
    "鼻炎": 50,
    "绿便": 426,
    "胃肠功能紊乱": 93,
    "肠胃型感冒": 11,
    "肠胃炎": 20,
    "肛门红肿": 4,
    "便秘": 103,
    "大便酸臭": 84,
    "扁桃体发炎": 2,
    "疱疹": 31,
    "轮状病毒感染": 50,
    "病毒性感冒": 22,
    "脑部先天发育不良": 1,
    "痰鸣音": 150,
    "低热": 328,
    "粥样便": 18,
    "黑便": 9,
    "缺钙": 60,
    "食欲不振": 44,
    "哮喘": 27,
    "呼吸急促": 20,
    "败血症": 9,
    "血便": 76,
    "嗜睡": 41,
    "心率增快": 4,
    "支气管肺炎": 40,
    "气管炎": 11,
    "腹部不适": 32,
    "阑尾炎": 4,
    "睡眠障碍": 12,
    "抽搐": 56,
    "惊厥": 8,
    "脑炎": 18,
    "过敏体质": 34,
    "痢疾": 15,
    "咽喉红肿": 4,
    "肠系膜淋巴结炎": 9,
    "干呕": 63,
    "脑膜炎": 6,
    "乏力": 1,
    "心脏病": 4,
    "口周发青": 16,
    "鼻流血": 6,
    "中耳炎": 11,
    "红疹": 3,
    "荨麻疹": 7,
    "细菌性肠炎": 7,
    "手足口病": 13,
    "头晕": 6,
    "烦躁": 23,
    "肠痉挛": 10,
    "寒战": 19,
    "体重减轻": 1,
    "血尿": 4,
    "泪囊炎": 1,
    "病毒性肠炎": 11,
    "喷嚏": 3,
    "溃疡": 17,
    "喉骨软化": 3,
    "鼻窦炎": 6,
    "大便隐血": 4,
    "鹅口疮": 16,
    "蛋花样便": 2,
    "咽峡炎": 6,
    "肺结核": 3,
    "尿量增多": 1,
    "衣原体感染": 9,
    "细菌性感冒": 4,
    "结膜炎": 1,
    "佝偻病": 1,
    "地中海贫血": 1,
    "过敏性咳嗽": 2,
    "糊状便": 7,
    "过敏性鼻炎": 8,
    "脑出血": 4,
    "中毒性脑病": 2,
    "高乳酸血症": 11,
    "脱肛": 1,
    "尿路感染": 1,
    "白血病": 1,
    "呼噜": 1,
    "肛裂": 1
  }
}