{
    "data-split": "train",
    "example-id": "10350473",
    "dialogue-content": [
        {
            "speaker": "医生",
            "sentence": "您好，宝宝拉肚子有几天了？",
            "label": "OOOOOBIIOOOOO",
            "normalized": [
                "腹泻"
            ],
            "type": [
                "1"
            ]
        },
        {
            "speaker": "患者",
            "sentence": "好几天了",
            "label": "OOOO",
            "normalized": [],
            "type": []
        },
        {
            "speaker": "患者",
            "sentence": "一天要拉七，八次",
            "label": "OOOOOOOO",
            "normalized": [],
            "type": []
        },
        {
            "speaker": "医生",
            "sentence": "大便什么性状的，是稀糊便还是，水样便？粘液便？不消化便？",
            "label": "OOOOOOOOOBIIOOOBIIOBIIOOOOOO",
            "normalized": [
                "稀便",
                "水样便",
                "大便粘液"
            ],
            "type": [
                "3",
                "3",
                "3"
            ]
        },
        {
            "speaker": "患者",
            "sentence": "还咳嗽咳了就吐奶",
            "label": "OBIBOOBI",
            "normalized": [
                "咳嗽",
                "咳嗽",
                "呕吐"
            ],
            "type": [
                "1",
                "1",
                "1"
            ]
        },
        {
            "speaker": "医生",
            "sentence": "主要是明确腹泻原因，对因治疗，才会好转的快",
            "label": "OOOOOBIOOOOOOOOOOOOOO",
            "normalized": [
                "腹泻"
            ],
            "type": [
                "1"
            ]
        },
        {
            "speaker": "医生",
            "sentence": "先咳嗽的还是先腹泻的？",
            "label": "OBIOOOOBIOO",
            "normalized": [
                "咳嗽",
                "腹泻"
            ],
            "type": [
                "1",
                "1"
            ]
        },
        {
            "speaker": "患者",
            "sentence": "",
            "label": "",
            "normalized": [],
            "type": []
        },
        {
            "speaker": "患者",
            "sentence": "先腹泻的",
            "label": "OBIO",
            "normalized": [
                "腹泻"
            ],
            "type": [
                "1"
            ]
        },
        {
            "speaker": "医生",
            "sentence": "绿色水样便吗？是不是大便都被尿不湿吸收了？",
            "label": "BIBIIOOOOOOOOOOOOOOOO",
            "normalized": [
                "绿便",
                "水样便"
            ],
            "type": [
                "3",
                "3"
            ]
        },
        {
            "speaker": "医生",
            "sentence": "有化验便常规及轮状病毒抗体吗？目前服用什么药物？",
            "label": "OOOOOOOOOOOOOOOOOOOOOOOO",
            "normalized": [],
            "type": []
        },
        {
            "speaker": "患者",
            "sentence": "蒙脱石，还有贴肚脐眼的",
            "label": "OOOOOOOOOOO",
            "normalized": [],
            "type": []
        },
        {
            "speaker": "医生",
            "sentence": "如果腹部受凉，消化不良，给予腹部保暖，肚脐贴一般2-3天会好转，如果没有改善，需要注意除外肠道感染。方便的话最好做个便常规，轮状病毒抗体",
            "label": "OOOOOOOBIIIOOOOOOOOOOOOOOOOOOOOOOOOOOOOOOOOOOOOOOOOOOOOOOOOOOOOOOOOO",
            "normalized": [
                "消化不良"
            ],
            "type": [
                "3"
            ]
        },
        {
            "speaker": "患者",
            "sentence": "我家宝宝严重吗？",
            "label": "OOOOOOOO",
            "normalized": [],
            "type": []
        },
        {
            "speaker": "医生",
            "sentence": "如果宝宝精神状态好，哺乳可，尿量正常，应该不严重",
            "label": "OOOOOOOOOOOOOOOOOOOOOOOO",
            "normalized": [],
            "type": []
        },
        {
            "speaker": "患者",
            "sentence": "好，麻烦你了。谢谢",
            "label": "OOOOOOOOO",
            "normalized": [],
            "type": []
        },
        {
            "speaker": "医生",
            "sentence": "不客气。另外宝宝咳嗽，不知有痰没有，可以口服止咳化痰药物，注意避免受凉，勤喂水。",
            "label": "OOOOOOOOBIOOOBIOOOOOOOOOOOOOOOOOOOOOOOOO",
            "normalized": [
                "咳嗽",
                "痰"
            ],
            "type": [
                "1",
                "3"
            ]
        },
        {
            "speaker": "医生",
            "sentence": "必要时肺部听诊，冬季支气管炎或肺炎高发，注意避免支气管炎。",
            "label": "OOOOOOOOOOBIIIOBIOOOOOOOBIIIO",
            "normalized": [
                "支气管炎",
                "肺炎",
                "支气管炎"
            ],
            "type": [
                "3",
                "3",
                "3"
            ]
        },
        {
            "speaker": "患者",
            "sentence": "宝宝今天刚咳嗽",
            "label": "OOOOOBI",
            "normalized": [
                "咳嗽"
            ],
            "type": [
                "1"
            ]
        },
        {
            "speaker": "医生",
            "sentence": "恩，不知有鼻塞流涕现象吗？如果没有，偶尔咳嗽，那注意勤喂水，避免受凉，多话观察",
            "label": "OOOOOBIBIOOOOOOOOOOOBIOOOOOOOOOOOOOOOOO",
            "normalized": [
                "鼻塞",
                "鼻流涕",
                "咳嗽"
            ],
            "type": [
                "1",
                "3",
                "1"
            ]
        },
        {
            "speaker": "患者",
            "sentence": "舒腹贴膏贴了用处大吗",
            "label": "OOOOOOOOOO",
            "normalized": [],
            "type": []
        },
        {
            "speaker": "患者",
            "sentence": "有点鼻塞",
            "label": "OOBI",
            "normalized": [
                "鼻塞"
            ],
            "type": [
                "1"
            ]
        },
        {
            "speaker": "医生",
            "sentence": "如果腹部消化不良有辅助治疗作用。",
            "label": "OOOOBIIIOOOOOOOO",
            "normalized": [
                "消化不良"
            ],
            "type": [
                "3"
            ]
        },
        {
            "speaker": "医生",
            "sentence": "咳嗽鼻塞感冒症状，多注意体温变化，可以口服止咳缓解感冒症状药物如艾畅观察。",
            "label": "BIBIBIOOOOOOOOOOOOOOOOOOOBIOOOOOOOOOO",
            "normalized": [
                "咳嗽",
                "鼻塞",
                "普通感冒",
                "普通感冒"
            ],
            "type": [
                "1",
                "1",
                "1",
                "1"
            ]
        }
    ]
}