{
    "data-split": "train",
    "example-id": "10459097",
    "dialogue-content": [
        {
            "speaker": "医生",
            "sentence": "你好，我是您的接诊医生",
            "label": "OOOOOOOOOOO",
            "normalized": [],
            "type": []
        },
        {
            "speaker": "患者",
            "sentence": "嗯嗯",
            "label": "OO",
            "normalized": [],
            "type": []
        },
        {
            "speaker": "医生",
            "sentence": "为了更好的提供服务，我需要询问您几个与病症相关的问题，感谢您配合。",
            "label": "OOOOOOOOOOOOOOOOOOOOOOOOOOOOOOOOO",
            "normalized": [],
            "type": []
        },
        {
            "speaker": "医生",
            "sentence": "宝贝最近有没有着凉或接触感冒的人",
            "label": "OOOOOOOOOOOOBIOO",
            "normalized": [
                "普通感冒"
            ],
            "type": [
                "3"
            ]
        },
        {
            "speaker": "患者",
            "sentence": "好的",
            "label": "OO",
            "normalized": [],
            "type": []
        },
        {
            "speaker": "医生",
            "sentence": "宝贝有没有鼻塞流鼻涕发热？咳嗽几天了？",
            "label": "OOOOOBIBIIBIOBIOOOO",
            "normalized": [
                "鼻塞",
                "鼻流涕",
                "发热",
                "咳嗽"
            ],
            "type": [
                "3",
                "1",
                "2",
                "1"
            ]
        },
        {
            "speaker": "医生",
            "sentence": "宝贝大约一天咳嗽几次？影响宝贝睡眠和活动吗？",
            "label": "OOOOOOBIOOOOOOOOOOOOOO",
            "normalized": [
                "咳嗽"
            ],
            "type": [
                "1"
            ]
        },
        {
            "speaker": "患者",
            "sentence": "流鼻涕，不发热",
            "label": "BIIOOBI",
            "normalized": [
                "鼻流涕",
                "发热"
            ],
            "type": [
                "1",
                "2"
            ]
        },
        {
            "speaker": "医生",
            "sentence": "是清鼻涕还是黄鼻涕？",
            "label": "OBIIOOBIIO",
            "normalized": [
                "鼻流涕",
                "鼻流涕"
            ],
            "type": [
                "1",
                "1"
            ]
        },
        {
            "speaker": "患者",
            "sentence": "咳有三天左右了吧",
            "label": "BOOOOOOO",
            "normalized": [
                "咳嗽"
            ],
            "type": [
                "1"
            ]
        },
        {
            "speaker": "医生",
            "sentence": "宝贝最近精神状态怎么样？吃饭吃奶好吗？",
            "label": "OOOOOOOOOOOOOOOOOOO",
            "normalized": [],
            "type": []
        },
        {
            "speaker": "医生",
            "sentence": "嗯嗯，有没有带宝宝看医生，药物是医生给开的吗？",
            "label": "OOOOOOOOOOOOOOOOOOOOOOO",
            "normalized": [],
            "type": []
        },
        {
            "speaker": "患者",
            "sentence": "刚开始清的今天有时候酬的有时清的",
            "label": "OOOOOOOOOOOOOOOO",
            "normalized": [],
            "type": []
        },
        {
            "speaker": "医生",
            "sentence": "宝贝最烈大小便怎么样？",
            "label": "OOOOOOOOOOO",
            "normalized": [],
            "type": []
        },
        {
            "speaker": "医生",
            "sentence": "宝贝最近大小便怎么样？",
            "label": "OOOOOOOOOOO",
            "normalized": [],
            "type": []
        },
        {
            "speaker": "医生",
            "sentence": "咳嗽也是是机体的一种保护性反应，人体通过咳嗽可以清除在气道的病毒，细菌，异物或炎症分泌物，包括痰液。",
            "label": "BIOOOOOOOOOOOOOOOOOOBIOOOOOOOOOOOOOOOOOOOOOOOOOBOO",
            "normalized": [
                "咳嗽",
                "咳嗽",
                "痰"
            ],
            "type": [
                "1",
                "1",
                "3"
            ]
        },
        {
            "speaker": "患者",
            "sentence": "吃饭不是很好，晚上翻身动的话会咳嗽",
            "label": "OOOOOOOOOOOOOOOBI",
            "normalized": [
                "咳嗽"
            ],
            "type": [
                "1"
            ]
        },
        {
            "speaker": "患者",
            "sentence": "没去医院看，就在外面诊所看过，说是支气管有点发炎",
            "label": "OOOOOOOOOOOOOOOOOBIIIIII",
            "normalized": [
                "支气管炎"
            ],
            "type": [
                "1"
            ]
        },
        {
            "speaker": "医生",
            "sentence": "宝贝有痰主要是肺部炎症感染渗出的过程，宝贝改变体位后咳嗽，主要是痰液刺激的！",
            "label": "OOBIOOOOOOOOOOOOOOOOOOOOOOBIOOOOBOOOOO",
            "normalized": [
                "痰",
                "咳嗽",
                "痰"
            ],
            "type": [
                "1",
                "1",
                "1"
            ]
        },
        {
            "speaker": "患者",
            "sentence": "大便不正常",
            "label": "OOOOO",
            "normalized": [],
            "type": []
        },
        {
            "speaker": "医生",
            "sentence": "嗯，宝贝吃了药物后开始大便变化的吗？大便是什么样的？一天几次？",
            "label": "OOOOOOOOOOOOOOOOOOOOOOOOOOOOOOO",
            "normalized": [],
            "type": []
        },
        {
            "speaker": "医生",
            "sentence": "婴幼儿的宝贝抵抗力比较差，气管支气管腔比较狭窄，纤毛运动比较差，细菌病毒容易滞留，很容易引起肺炎，气管炎症",
            "label": "OOOOOOOOOOOOOOOOOOOOOOOOOOOOOOOOOOOOOOOOOOOOOOBIOOOOO",
            "normalized": [
                "肺炎"
            ],
            "type": [
                "3"
            ]
        },
        {
            "speaker": "患者",
            "sentence": "大便有时不一样，一天拉三次左右，一次拉一点",
            "label": "OOOOOOOOOOOOOOOOOOOOO",
            "normalized": [],
            "type": []
        },
        {
            "speaker": "医生",
            "sentence": "支气管炎主要由病毒，细菌，支原体或等感染引起，主要表现就是发热，咳嗽，气促等，宝贝有可能出现呼吸增快，肺部罗音等等",
            "label": "BIIIOOOOOOOOOOOOOOOOOOOOOOOOOBIOBIOBIOOOOOOOOOBIIIOOOOOOO",
            "normalized": [
                "支气管炎",
                "发热",
                "咳嗽",
                "喘息",
                "呼吸深快"
            ],
            "type": [
                "1",
                "3",
                "1",
                "3",
                "3"
            ]
        },
        {
            "speaker": "患者",
            "sentence": "也正常玩",
            "label": "OOOO",
            "normalized": [],
            "type": []
        },
        {
            "speaker": "患者",
            "sentence": "这几天吃住药里",
            "label": "OOOOOOO",
            "normalized": [],
            "type": []
        },
        {
            "speaker": "医生",
            "sentence": "奥奥，宝贝大便不是很稀或水多，次数多就不要太担心，因为孩子气管炎症很容易出现胃肠道症状，尤其的化痰药物比较凉，会有影响！",
            "label": "OOOOOOOOOOOOOOOOOOOOOOOOOOOOOOOOOOOOOOOOOOOOOOOOOOOOOOOOOOOO",
            "normalized": [],
            "type": []
        },
        {
            "speaker": "患者",
            "sentence": "那用去医院吗医生",
            "label": "OOOOOOOO",
            "normalized": [],
            "type": []
        },
        {
            "speaker": "医生",
            "sentence": "治疗上主要加强宝宝护理，加强休息，多给宝宝喝水，咳嗽后勤拍背促进痰液排出来，治疗上主要是控制感染，抗病毒，止咳化痰，退热等对症支持治疗！",
            "label": "OOOOOOOOOOOOOOOOOOOOOOOOBIOOOOOOBOOOOOOOOOOOOOOOOOOOOOOOOOOOOOOOOOOO",
            "normalized": [
                "咳嗽",
                "痰"
            ],
            "type": [
                "1",
                "1"
            ]
        },
        {
            "speaker": "患者",
            "sentence": "他不发热啊",
            "label": "OOBIO",
            "normalized": [
                "发热"
            ],
            "type": [
                "2"
            ]
        },
        {
            "speaker": "患者",
            "sentence": "止咳化痰颗粒吃住里，",
            "label": "OOOOOOOOOO",
            "normalized": [],
            "type": []
        },
        {
            "speaker": "医生",
            "sentence": "医生给开的药物也主要是消炎止咳化痰的，但是效果不是很好，可能是因为阿奇霉素主要是对抗支原体感染的消炎药",
            "label": "OOOOOOOOOOOOOOOOOOOOOOOOOOOOOOOOOOOOOOOOOOOOOOOOOOO",
            "normalized": [],
            "type": []
        },
        {
            "speaker": "患者",
            "sentence": "那还要吃什么药",
            "label": "OOOOOOO",
            "normalized": [],
            "type": []
        },
        {
            "speaker": "医生",
            "sentence": "宝贝这个情况可以带孩子去二级以上公立医院小儿内科就诊，检查一下血常规，支原体，和胸片，排除肺炎或细菌感染情况",
            "label": "OOOOOOOOOOOOOOOOOOOOOOOOOOOOOOOOOOOOOOOOOOOOOBIOBIIIOO",
            "normalized": [
                "肺炎",
                "细菌感染"
            ],
            "type": [
                "3",
                "3"
            ]
        },
        {
            "speaker": "医生",
            "sentence": "通过体检听诊和化验结果，可以明确病因，便于对症治疗效果比较好，也能指导我们用药！",
            "label": "OOOOOOOOOOOOOOOOOOOOOOOOOOOOOOOOOOOOOOOO",
            "normalized": [],
            "type": []
        },
        {
            "speaker": "医生",
            "sentence": "如果有明显病毒或细菌感染，就要及时让面诊医生调整药物，改善孩子症状！",
            "label": "OOOOOOOOBIIIOOOOOOOOOOOOOOOOOOOOOO",
            "normalized": [
                "细菌感染"
            ],
            "type": [
                "3"
            ]
        },
        {
            "speaker": "患者",
            "sentence": "哦那在家吃药不行把",
            "label": "OOOOOOOOO",
            "normalized": [],
            "type": []
        },
        {
            "speaker": "医生",
            "sentence": "您现在可以多给宝宝喝水，勤拍背，由下而上拍。促进宝贝痰液排出来",
            "label": "OOOOOOOOOOOOOOOOOOOOOOOOOOBOOOO",
            "normalized": [
                "痰"
            ],
            "type": [
                "1"
            ]
        },
        {
            "speaker": "患者",
            "sentence": "嗯嗯好的",
            "label": "OOOO",
            "normalized": [],
            "type": []
        },
        {
            "speaker": "医生",
            "sentence": "宝贝已经口服药物几天了，但是没有好转，需要及时检查，明确诊断",
            "label": "OOOOOOOOOOOOOOOOOOOOOOOOOOOOOO",
            "normalized": [],
            "type": []
        },
        {
            "speaker": "医生",
            "sentence": "一般经过积极正规治疗大多数预后比较好，病程外7-14天左右！但是如果治疗不彻底，由于宝贝抵抗力差，很容易肺部炎症扩散，加重肺部炎症，引起大片性肺部炎症，引起呼吸衰竭等等",
            "label": "OOOOOOOOOOOOOOOOOOOOOOOOOOOOOOOOOOOOOOOOOOOOOOOOOOOOOOOOOOOOOOOOOOOOOOOOOOOOOOOOOOOO",
            "normalized": [],
            "type": []
        },
        {
            "speaker": "患者",
            "sentence": "三天了吧",
            "label": "OOOO",
            "normalized": [],
            "type": []
        },
        {
            "speaker": "医生",
            "sentence": "宝贝现在要清淡饮食，多吃新鲜水果蔬菜，不要吃油腻干燥食物，多给宝宝喝水，勤拍背！",
            "label": "OOOOOOOOOOOOOOOOOOOOOOOOOOOOOOOOOOOOOOOO",
            "normalized": [],
            "type": []
        },
        {
            "speaker": "患者",
            "sentence": "哦哦那不行就去医院看看吧",
            "label": "OOOOOOOOOOOO",
            "normalized": [],
            "type": []
        },
        {
            "speaker": "患者",
            "sentence": "嗯嗯",
            "label": "OO",
            "normalized": [],
            "type": []
        },
        {
            "speaker": "医生",
            "sentence": "好的，宝贝吃药3天了没有好转，及时检查看看，便于对症支持治疗！",
            "label": "OOOOOOOOOOOOOOOOOOOOOOOOOOOOOOO",
            "normalized": [],
            "type": []
        },
        {
            "speaker": "患者",
            "sentence": "嗯嗯谢谢医生",
            "label": "OOOOOO",
            "normalized": [],
            "type": []
        },
        {
            "speaker": "医生",
            "sentence": "宝贝如果母乳喂养妈妈不要吃生冷辛辣干燥油腻食物，避免加重宝贝症状",
            "label": "OOOOOOOOOOOOOOOOOOOOOOOOOOOOOOOO",
            "normalized": [],
            "type": []
        },
        {
            "speaker": "患者",
            "sentence": "好的",
            "label": "OO",
            "normalized": [],
            "type": []
        },
        {
            "speaker": "医生",
            "sentence": "平时多给宝宝喝水，加强喂养，适当户外活动，增强抵抗力，避免着凉，预防宝贝感冒",
            "label": "OOOOOOOOOOOOOOOOOOOOOOOOOOOOOOOOOOOOBI",
            "normalized": [
                "普通感冒"
            ],
            "type": [
                "3"
            ]
        },
        {
            "speaker": "医生",
            "sentence": "还有疑问吗",
            "label": "OOOOO",
            "normalized": [],
            "type": []
        },
        {
            "speaker": "患者",
            "sentence": "他吃住奶和喝奶粉不喜欢吃饭",
            "label": "OOOOOOOOOOOOO",
            "normalized": [],
            "type": []
        },
        {
            "speaker": "患者",
            "sentence": "到时体重和身高都正常",
            "label": "OOOOOOOOOO",
            "normalized": [],
            "type": []
        },
        {
            "speaker": "医生",
            "sentence": "嗯嗯，加强宝贝母乳喂养就可以，本人宝贝服药吸收就需要一个过程。也不要太担心，检查看看，没有其他问题就不用太担心了！",
            "label": "OOOOOOOOOOOOOOOOOOOOOOOOOOOOOOOOOOOOOOOOOOOOOOOOOOOOOOOOO",
            "normalized": [],
            "type": []
        },
        {
            "speaker": "患者",
            "sentence": "好吧，那谢谢医生了",
            "label": "OOOOOOOOO",
            "normalized": [],
            "type": []
        },
        {
            "speaker": "医生",
            "sentence": "那您不用太担心，慢慢调整宝贝饮食情况就可以了！",
            "label": "OOOOOOOOOOOOOOOOOOOOOOO",
            "normalized": [],
            "type": []
        },
        {
            "speaker": "医生",
            "sentence": "好的??",
            "label": "OOOO",
            "normalized": [],
            "type": []
        },
        {
            "speaker": "医生",
            "sentence": "您有任何问题可以随时和我联系或留言，我看到后会第一时间回复。",
            "label": "OOOOOOOOOOOOOOOOOOOOOOOOOOOOOO",
            "normalized": [],
            "type": []
        },
        {
            "speaker": "患者",
            "sentence": "嗯嗯谢谢你",
            "label": "OOOOO",
            "normalized": [],
            "type": []
        },
        {
            "speaker": "患者",
            "sentence": "再见",
            "label": "OO",
            "normalized": [],
            "type": []
        },
        {
            "speaker": "医生",
            "sentence": "不客气",
            "label": "OOO",
            "normalized": [],
            "type": []
        },
        {
            "speaker": "医生",
            "sentence": "再见",
            "label": "OO",
            "normalized": [],
            "type": []
        }
    ]
}