{
    "data-split": "train",
    "example-id": "10876416",
    "dialogue-content": [
        {
            "speaker": "医生",
            "sentence": "你好",
            "label": "OO",
            "normalized": [],
            "type": []
        },
        {
            "speaker": "患者",
            "sentence": "你好",
            "label": "OO",
            "normalized": [],
            "type": []
        },
        {
            "speaker": "患者",
            "sentence": "这样的症状用吃药吗",
            "label": "OOOOOOOOO",
            "normalized": [],
            "type": []
        },
        {
            "speaker": "医生",
            "sentence": "这个孩子在出现上述症状之前，有没有受凉的情况？家里的大人有没有呼吸道感染的情况",
            "label": "OOOOOOOOOOOOOOOOOOOOOOOOOOOOOOOBIIIIOOO",
            "normalized": [
                "呼吸道感染"
            ],
            "type": [
                "2"
            ]
        },
        {
            "speaker": "患者",
            "sentence": "应该没有",
            "label": "OOOO",
            "normalized": [],
            "type": []
        },
        {
            "speaker": "患者",
            "sentence": "就是昨天带他出去玩了",
            "label": "OOOOOOOOOO",
            "normalized": [],
            "type": []
        },
        {
            "speaker": "医生",
            "sentence": "那就给孩子还有其他的症状吗？比如说流鼻涕打喷嚏，咳嗽",
            "label": "OOOOOOOOOOOOOOOOOBIIBIIOBI",
            "normalized": [
                "鼻流涕",
                "打喷嚏",
                "咳嗽"
            ],
            "type": [
                "2",
                "2",
                "2"
            ]
        },
        {
            "speaker": "患者",
            "sentence": "估计受凉了",
            "label": "OOOOO",
            "normalized": [],
            "type": []
        },
        {
            "speaker": "医生",
            "sentence": "如果有受凉的情况，那就应该考虑呼吸道感染",
            "label": "OOOOOOOOOOOOOOOBIIII",
            "normalized": [
                "呼吸道感染"
            ],
            "type": [
                "3"
            ]
        },
        {
            "speaker": "患者",
            "sentence": "没有，其他好像没有",
            "label": "OOOOOOOOO",
            "normalized": [],
            "type": []
        },
        {
            "speaker": "医生",
            "sentence": "就需要给孩子口服药物的，可以选择小儿伪麻美芬滴剂或者是感冒颗粒",
            "label": "OOOOOOOOOOOOOOOOOOOOOOOOOOOOOOO",
            "normalized": [],
            "type": []
        },
        {
            "speaker": "患者",
            "sentence": "嗯他呼噜的也不太厉害就早起，现在有点呼噜一会儿就不呼噜了让早起睡醒了有点忽悠，",
            "label": "OOOOOOOOOOOOOOOOOOOOOOOOOOOOOOOOOOOOOOO",
            "normalized": [],
            "type": []
        },
        {
            "speaker": "患者",
            "sentence": "喝点儿感冒颗粒，",
            "label": "OOOOOOOO",
            "normalized": [],
            "type": []
        },
        {
            "speaker": "医生",
            "sentence": "这应该是嗓子眼儿有痰出现的声音，这个年龄段的孩子咳嗽反射比较弱，他也不容易排出体外，如果气管当中有分泌物，就会出现呼噜呼噜的声音",
            "label": "OOOOOOOOBIOOOOOOOOOOOOOOBIOOOOOOOOOOOOOOOOOOOOOOOOOOOOOOOBIIIOOO",
            "normalized": [
                "痰",
                "咳嗽",
                "粗糙呼吸音"
            ],
            "type": [
                "1",
                "1",
                "1"
            ]
        },
        {
            "speaker": "患者",
            "sentence": "嗯我明白就是自己喝点儿，感冒的就可以啦，",
            "label": "OOOOOOOOOOOOBIOOOOOO",
            "normalized": [
                "普通感冒"
            ],
            "type": [
                "1"
            ]
        },
        {
            "speaker": "医生",
            "sentence": "如果有受凉的情况，出现嗓子眼儿有痰出现呼噜呼噜的声音，不需要口服感冒药物吗",
            "label": "OOOOOOOOOOOOOOOBIOOBIIIOOOOOOOOOOOOOO",
            "normalized": [
                "痰",
                "粗糙呼吸音"
            ],
            "type": [
                "1",
                "1"
            ]
        },
        {
            "speaker": "患者",
            "sentence": "如何其他的，",
            "label": "OOOOOO",
            "normalized": [],
            "type": []
        },
        {
            "speaker": "医生",
            "sentence": "另外还需要给孩子口服一点化痰的药物，可以选择氨溴索",
            "label": "OOOOOOOOOOOOOOOOOOOOOOOOO",
            "normalized": [],
            "type": []
        },
        {
            "speaker": "患者",
            "sentence": "嗯明白啦，",
            "label": "OOOOO",
            "normalized": [],
            "type": []
        },
        {
            "speaker": "医生",
            "sentence": "最主要的就是让孩子多喝水，保持室内的湿度高一些，勤拍背，促进痰液的排出",
            "label": "OOOOOOOOOOOOOOOOOOOOOOOOOOOOOOBOOOO",
            "normalized": [
                "痰"
            ],
            "type": [
                "1"
            ]
        },
        {
            "speaker": "医生",
            "sentence": "嗯",
            "label": "O",
            "normalized": [],
            "type": []
        },
        {
            "speaker": "医生",
            "sentence": "观察这个孩子的体温变化",
            "label": "OOOOOOOOOOO",
            "normalized": [],
            "type": []
        },
        {
            "speaker": "医生",
            "sentence": "如果出现了咳嗽的情况或者说这个症状加重了，那就需要给孩子口服消炎药",
            "label": "OOOOOBIOOOOOOOOOOOOOOOOOOOOOOOOOO",
            "normalized": [
                "咳嗽"
            ],
            "type": [
                "1"
            ]
        },
        {
            "speaker": "患者",
            "sentence": "恩好的谢谢，",
            "label": "OOOOOO",
            "normalized": [],
            "type": []
        },
        {
            "speaker": "医生",
            "sentence": "好的",
            "label": "OO",
            "normalized": [],
            "type": []
        },
        {
            "speaker": "医生",
            "sentence": "不客气",
            "label": "OOO",
            "normalized": [],
            "type": []
        },
        {
            "speaker": "医生",
            "sentence": "如果给予上述治疗，2到3天以后，症状没有明显的缓解，这个孩子甚至出现了发热的情况，精神状态比较差，那就需要到医院就诊的",
            "label": "OOOOOOOOOOOOOOOOOOOOOOOOOOOOOOOOOOOBIOOOOBIIIIIIOOOOOOOOOOO",
            "normalized": [
                "发热",
                "精神软"
            ],
            "type": [
                "1",
                "3"
            ]
        }
    ]
}