{
    "data-split": "train",
    "example-id": "10781994",
    "dialogue-content": [
        {
            "speaker": "医生",
            "sentence": "您好，宝宝咳嗽多久了?有痰吗？嗓子哑吗？",
            "label": "OOOOOBIOOOOBIOOBIIOO",
            "normalized": [
                "咳嗽",
                "痰",
                "沙哑"
            ],
            "type": [
                "1",
                "1",
                "3"
            ]
        },
        {
            "speaker": "患者",
            "sentence": "嗓子像是有痰似的，吼了吼了的，",
            "label": "OOOOBIOOOOOOOOO",
            "normalized": [
                "痰"
            ],
            "type": [
                "1"
            ]
        },
        {
            "speaker": "医生",
            "sentence": "宝宝是气喘吗？",
            "label": "OOOBIOO",
            "normalized": [
                "喘息"
            ],
            "type": [
                "2"
            ]
        },
        {
            "speaker": "患者",
            "sentence": "不啊",
            "label": "OO",
            "normalized": [],
            "type": []
        },
        {
            "speaker": "医生",
            "sentence": "这样咳嗽几天了？",
            "label": "OOBIOOOO",
            "normalized": [
                "咳嗽"
            ],
            "type": [
                "1"
            ]
        },
        {
            "speaker": "患者",
            "sentence": "3天",
            "label": "OO",
            "normalized": [],
            "type": []
        },
        {
            "speaker": "医生",
            "sentence": "宝宝体温正常吗？有没有流鼻涕打喷嚏？",
            "label": "OOOOOOOOOOOBIIBIIO",
            "normalized": [
                "鼻流涕",
                "打喷嚏"
            ],
            "type": [
                "3",
                "1"
            ]
        },
        {
            "speaker": "患者",
            "sentence": "体温正常，以前也打喷嚏",
            "label": "OOOOOOOOBII",
            "normalized": [
                "打喷嚏"
            ],
            "type": [
                "1"
            ]
        },
        {
            "speaker": "患者",
            "sentence": "现在打",
            "label": "OOO",
            "normalized": [],
            "type": []
        },
        {
            "speaker": "医生",
            "sentence": "宝宝最近受凉了吗？家里有没有感冒的?",
            "label": "OOOOOOOOOOOOOOOOOO",
            "normalized": [],
            "type": []
        },
        {
            "speaker": "患者",
            "sentence": "家里没有感冒的",
            "label": "OOOOBIO",
            "normalized": [
                "普通感冒"
            ],
            "type": [
                "2"
            ]
        },
        {
            "speaker": "医生",
            "sentence": "好的",
            "label": "OO",
            "normalized": [],
            "type": []
        },
        {
            "speaker": "医生",
            "sentence": "宝宝最近呛奶吗？",
            "label": "OOOOOOOO",
            "normalized": [],
            "type": []
        },
        {
            "speaker": "患者",
            "sentence": "没觉得凉着",
            "label": "OOOOO",
            "normalized": [],
            "type": []
        },
        {
            "speaker": "医生",
            "sentence": "有没有口吐泡泡？",
            "label": "OOOOOOOO",
            "normalized": [],
            "type": []
        },
        {
            "speaker": "患者",
            "sentence": "没有",
            "label": "OO",
            "normalized": [],
            "type": []
        },
        {
            "speaker": "医生",
            "sentence": "嗯，宝宝咳嗽频繁吗？影响睡眠吗？",
            "label": "OOOOBIOOOOOOOOOO",
            "normalized": [
                "咳嗽"
            ],
            "type": [
                "1"
            ]
        },
        {
            "speaker": "患者",
            "sentence": "恩今天比较频繁，不影响睡眠",
            "label": "OOOOOOOOOOOOO",
            "normalized": [],
            "type": []
        },
        {
            "speaker": "医生",
            "sentence": "除了这些，宝宝还有其他症状吗？",
            "label": "OOOOOOOOOOOOOOO",
            "normalized": [],
            "type": []
        },
        {
            "speaker": "医生",
            "sentence": "比如呕吐腹泻等等？",
            "label": "OOBIBIOOO",
            "normalized": [
                "呕吐",
                "腹泻"
            ],
            "type": [
                "2",
                "2"
            ]
        },
        {
            "speaker": "患者",
            "sentence": "都没有都和以前一样，就是咳嗽，和嗓子吼了",
            "label": "OOOOOOOOOOOOBIOOBIIO",
            "normalized": [
                "咳嗽",
                "沙哑"
            ],
            "type": [
                "1",
                "1"
            ]
        },
        {
            "speaker": "医生",
            "sentence": "给宝贝听诊肺部了吗？",
            "label": "OOOOOOOOOO",
            "normalized": [],
            "type": []
        },
        {
            "speaker": "患者",
            "sentence": "没有怎么听啊",
            "label": "OOOOOO",
            "normalized": [],
            "type": []
        },
        {
            "speaker": "医生",
            "sentence": "根据您的描述，宝宝咳嗽，嗓子吼，可能是气喘或喉鸣，考虑支气管炎的可能性较大",
            "label": "OOOOOOOOOBIOBIIOOOOBIOOOOOOBIIIOOOOOO",
            "normalized": [
                "咳嗽",
                "沙哑",
                "喘息",
                "支气管炎"
            ],
            "type": [
                "1",
                "1",
                "3",
                "3"
            ]
        },
        {
            "speaker": "医生",
            "sentence": "需要带宝宝去医院儿科就诊，用听诊器听诊肺部，查血常规胸片等相关检查，排除肺炎，根据结果，给于控制感染，止咳化痰等对症治疗。",
            "label": "OOOOOOOOOOOOOOOOOOOOOOOOOOOOOOOOOOOOBIOOOOOOOOOOOOOOOOOOOOOOO",
            "normalized": [
                "肺炎"
            ],
            "type": [
                "3"
            ]
        },
        {
            "speaker": "患者",
            "sentence": "那怎么办",
            "label": "OOOO",
            "normalized": [],
            "type": []
        },
        {
            "speaker": "医生",
            "sentence": "不要着急",
            "label": "OOOO",
            "normalized": [],
            "type": []
        },
        {
            "speaker": "患者",
            "sentence": "那些仪器对宝宝有影响吗",
            "label": "OOOOOOOOOOO",
            "normalized": [],
            "type": []
        },
        {
            "speaker": "医生",
            "sentence": "宝宝呼吸道感染是比较常见的，没有肺炎的话，可以口服药物控制感染止咳化痰治疗",
            "label": "OOBIIIIOOOOOOOOOBIOOOOOOOOOOOOOOOOOOO",
            "normalized": [
                "呼吸道感染",
                "肺炎"
            ],
            "type": [
                "3",
                "3"
            ]
        },
        {
            "speaker": "医生",
            "sentence": "胸片有辐射，血常规没有影响",
            "label": "OOOOOOOOOOOOO",
            "normalized": [],
            "type": []
        },
        {
            "speaker": "医生",
            "sentence": "一般支气管炎的病程是一星期左右，用药五到七天",
            "label": "OOBIIIOOOOOOOOOOOOOOOO",
            "normalized": [
                "支气管炎"
            ],
            "type": [
                "3"
            ]
        },
        {
            "speaker": "患者",
            "sentence": "那可以不拍么",
            "label": "OOOOOO",
            "normalized": [],
            "type": []
        },
        {
            "speaker": "医生",
            "sentence": "根据听诊，如果没有啰音，可以先不拍片哦",
            "label": "OOOOOOOOOOOOOOOOOOO",
            "normalized": [],
            "type": []
        },
        {
            "speaker": "患者",
            "sentence": "听诊没有影响吧",
            "label": "OOOOOOO",
            "normalized": [],
            "type": []
        },
        {
            "speaker": "医生",
            "sentence": "室内勤通风，家里有感冒的，积极治疗，尽量少接触宝宝",
            "label": "OOOOOOOOOOOOOOOOOOOOOOOOO",
            "normalized": [],
            "type": []
        },
        {
            "speaker": "患者",
            "sentence": "好的",
            "label": "OO",
            "normalized": [],
            "type": []
        },
        {
            "speaker": "医生",
            "sentence": "听诊器没有影响哦",
            "label": "OOOOOOOO",
            "normalized": [],
            "type": []
        },
        {
            "speaker": "患者",
            "sentence": "好谢谢",
            "label": "OOO",
            "normalized": [],
            "type": []
        },
        {
            "speaker": "医生",
            "sentence": "就是听一下宝宝肺部",
            "label": "OOOOOOOOO",
            "normalized": [],
            "type": []
        },
        {
            "speaker": "医生",
            "sentence": "不客气",
            "label": "OOO",
            "normalized": [],
            "type": []
        },
        {
            "speaker": "患者",
            "sentence": "嗯好的",
            "label": "OOO",
            "normalized": [],
            "type": []
        },
        {
            "speaker": "医生",
            "sentence": "这几天注意避免宝宝呛奶哦",
            "label": "OOOOOOOOOOOO",
            "normalized": [],
            "type": []
        },
        {
            "speaker": "医生",
            "sentence": "祝宝宝早日康复",
            "label": "OOOOOOO",
            "normalized": [],
            "type": []
        },
        {
            "speaker": "患者",
            "sentence": "恩",
            "label": "O",
            "normalized": [],
            "type": []
        },
        {
            "speaker": "医生",
            "sentence": "您有任何问题可以随时和我联系或留言，我看到后会第一时间回复。",
            "label": "OOOOOOOOOOOOOOOOOOOOOOOOOOOOOO",
            "normalized": [],
            "type": []
        }
    ]
}