{
    "data-split": "train",
    "example-id": "10744871",
    "dialogue-content": [
        {
            "speaker": "医生",
            "sentence": "你好",
            "label": "OO",
            "normalized": [],
            "type": []
        },
        {
            "speaker": "患者",
            "sentence": "好",
            "label": "O",
            "normalized": [],
            "type": []
        },
        {
            "speaker": "医生",
            "sentence": "从你提供的血常规的报告上看，血常规的检查结果基本是正常的，c反应蛋白的数值是偏高的",
            "label": "OOOOOOOOOOOOOOOOOOOOOOOOOOOOOOOOOOOOOOOOO",
            "normalized": [],
            "type": []
        },
        {
            "speaker": "患者",
            "sentence": "",
            "label": "",
            "normalized": [],
            "type": []
        },
        {
            "speaker": "医生",
            "sentence": "孩子发热多长时间了",
            "label": "OOBIOOOOO",
            "normalized": [
                "发热"
            ],
            "type": [
                "1"
            ]
        },
        {
            "speaker": "患者",
            "sentence": "三天啦",
            "label": "OOO",
            "normalized": [],
            "type": []
        },
        {
            "speaker": "医生",
            "sentence": "这个孩子到底多大了呀？是一岁还是11岁",
            "label": "OOOOOOOOOOOOOOOOOOO",
            "normalized": [],
            "type": []
        },
        {
            "speaker": "医生",
            "sentence": "你的血常规的年龄提示是11岁呀",
            "label": "OOOOOOOOOOOOOOO",
            "normalized": [],
            "type": []
        },
        {
            "speaker": "患者",
            "sentence": "11个月",
            "label": "OOOO",
            "normalized": [],
            "type": []
        },
        {
            "speaker": "医生",
            "sentence": "如果是11个月的孩子，这个孩子中性粒细胞的百分比是偏高的，那就应该考虑细菌感染",
            "label": "OOOOOOOOOOOOOOOOOOOOOOOOOOOOOOOOOOOBIII",
            "normalized": [
                "细菌感染"
            ],
            "type": [
                "3"
            ]
        },
        {
            "speaker": "患者",
            "sentence": "今天眼睛下面红",
            "label": "OOOOOOO",
            "normalized": [],
            "type": []
        },
        {
            "speaker": "医生",
            "sentence": "这个应该与发热有关系",
            "label": "OOOOOBIOOO",
            "normalized": [
                "发热"
            ],
            "type": [
                "1"
            ]
        },
        {
            "speaker": "患者",
            "sentence": "高烧，但是精神状态很好",
            "label": "BIOOOOOOOOO",
            "normalized": [
                "高热"
            ],
            "type": [
                "1"
            ]
        },
        {
            "speaker": "医生",
            "sentence": "除了发热，还有其他的症状吗",
            "label": "OOBIOOOOOOOOO",
            "normalized": [
                "发热"
            ],
            "type": [
                "1"
            ]
        },
        {
            "speaker": "患者",
            "sentence": "没有",
            "label": "OO",
            "normalized": [],
            "type": []
        },
        {
            "speaker": "医生",
            "sentence": "发热之前这个孩子有没有受凉的情况？家里的大人有没有呼吸道感染的情况",
            "label": "BIOOOOOOOOOOOOOOOOOOOOOOOOOOOOOOO",
            "normalized": [
                "发热"
            ],
            "type": [
                "1"
            ]
        },
        {
            "speaker": "患者",
            "sentence": "在我们当地医院什么也没看出来，验完血也没看出来",
            "label": "OOOOOOOOOOOOOOOOOOOOOOO",
            "normalized": [],
            "type": []
        },
        {
            "speaker": "患者",
            "sentence": "没有啊",
            "label": "OOO",
            "normalized": [],
            "type": []
        },
        {
            "speaker": "患者",
            "sentence": "突然高烧的",
            "label": "OOBIO",
            "normalized": [
                "高热"
            ],
            "type": [
                "1"
            ]
        },
        {
            "speaker": "医生",
            "sentence": "什么意思",
            "label": "OOOO",
            "normalized": [],
            "type": []
        },
        {
            "speaker": "医生",
            "sentence": "你们当地医生说血常规的检查是正常的",
            "label": "OOOOOOOOOOOOOOOOO",
            "normalized": [],
            "type": []
        },
        {
            "speaker": "患者",
            "sentence": "就说细菌感染。",
            "label": "OOBIIIO",
            "normalized": [
                "细菌感染"
            ],
            "type": [
                "1"
            ]
        },
        {
            "speaker": "医生",
            "sentence": "对呀，就是细菌感染引起的，因为中性粒细胞的百分比升高",
            "label": "OOOOOBIIIOOOOOOOOOOOOOOOOO",
            "normalized": [
                "细菌感染"
            ],
            "type": [
                "1"
            ]
        },
        {
            "speaker": "医生",
            "sentence": "c反应蛋白的数值升高",
            "label": "OOOOOOOOOO",
            "normalized": [],
            "type": []
        },
        {
            "speaker": "患者",
            "sentence": "那还用说吗，我百度都能看出来",
            "label": "OOOOOOOOOOOOOO",
            "normalized": [],
            "type": []
        },
        {
            "speaker": "医生",
            "sentence": "医生有没有说这个孩子嗓子充血",
            "label": "OOOOOOOOOOBIII",
            "normalized": [
                "咽喉不适"
            ],
            "type": [
                "1"
            ]
        },
        {
            "speaker": "患者",
            "sentence": "哪您说突发高烧原因在哪呢",
            "label": "OOOOOBIOOOOO",
            "normalized": [
                "高热"
            ],
            "type": [
                "1"
            ]
        },
        {
            "speaker": "患者",
            "sentence": "有点",
            "label": "OO",
            "normalized": [],
            "type": []
        },
        {
            "speaker": "医生",
            "sentence": "这个年龄段的孩子如果没有其他的症状，就是突然的出现发热，我认为呼吸道感染的可能性是非常大的，如果嗓子充血，那就更证实了这一点",
            "label": "OOOOOOOOOOOOOOOOOOOOOOOOOBIOOOOBIIIIOOOOOOOOOOOOBIIIOOOOOOOOOO",
            "normalized": [
                "发热",
                "呼吸道感染",
                "咽喉不适"
            ],
            "type": [
                "1",
                "3",
                "3"
            ]
        },
        {
            "speaker": "医生",
            "sentence": "可能你会说这个孩子没有出现流鼻涕打喷嚏的情况",
            "label": "OOOOOOOOOOOOOBIIBIIOOO",
            "normalized": [
                "鼻流涕",
                "打喷嚏"
            ],
            "type": [
                "2",
                "3"
            ]
        },
        {
            "speaker": "医生",
            "sentence": "这个年龄段的孩子呼吸道感染往往表现为全身的症状，也就是发热，很少有局部的卡他症状包括流鼻涕打喷嚏",
            "label": "OOOOOOOOBIIIIOOOOOOOOOOOOOOBIOOOOOOOOOOOOOBIIBII",
            "normalized": [
                "呼吸道感染",
                "发热",
                "鼻流涕",
                "打喷嚏"
            ],
            "type": [
                "3",
                "1",
                "2",
                "3"
            ]
        },
        {
            "speaker": "患者",
            "sentence": "真没有流鼻涕",
            "label": "OOOBII",
            "normalized": [
                "鼻流涕"
            ],
            "type": [
                "2"
            ]
        },
        {
            "speaker": "医生",
            "sentence": "不一定会出现流鼻涕打喷嚏的",
            "label": "OOOOOOBIIBIIO",
            "normalized": [
                "鼻流涕",
                "打喷嚏"
            ],
            "type": [
                "2",
                "3"
            ]
        },
        {
            "speaker": "医生",
            "sentence": "我上面已经跟你说过了，这个年龄段的孩子呼吸道感染以后，往往就是一个症状发热",
            "label": "OOOOOOOOOOOOOOOOOOOBIIIIOOOOOOOOOOOBI",
            "normalized": [
                "呼吸道感染",
                "发热"
            ],
            "type": [
                "3",
                "1"
            ]
        },
        {
            "speaker": "患者",
            "sentence": "三天了，都没出现流鼻涕",
            "label": "OOOOOOOOBII",
            "normalized": [
                "鼻流涕"
            ],
            "type": [
                "2"
            ]
        },
        {
            "speaker": "医生",
            "sentence": "不一定会出现流鼻涕打喷嚏的症状，整个病程有的孩子仅仅就是发热",
            "label": "OOOOOOBIIBIIOOOOOOOOOOOOOOOOBI",
            "normalized": [
                "鼻流涕",
                "打喷嚏",
                "发热"
            ],
            "type": [
                "2",
                "2",
                "1"
            ]
        },
        {
            "speaker": "患者",
            "sentence": "哪怎么治疗呢",
            "label": "OOOOOO",
            "normalized": [],
            "type": []
        },
        {
            "speaker": "医生",
            "sentence": "需要给孩子应用消炎药控制感染，清热解毒的药物对症治疗",
            "label": "OOOOOOOOOOOOOOOOOOOOOOOOOO",
            "normalized": [],
            "type": []
        },
        {
            "speaker": "医生",
            "sentence": "超过38.5度，应该给孩子应用退热药物",
            "label": "OOOOOOOOOOOOOOOOOOO",
            "normalized": [],
            "type": []
        },
        {
            "speaker": "患者",
            "sentence": "好的",
            "label": "OO",
            "normalized": [],
            "type": []
        }
    ]
}