{
    "data-split": "train",
    "example-id": "10345916",
    "dialogue-content": [
        {
            "speaker": "医生",
            "sentence": "你好",
            "label": "OO",
            "normalized": [],
            "type": []
        },
        {
            "speaker": "患者",
            "sentence": "你好",
            "label": "OO",
            "normalized": [],
            "type": []
        },
        {
            "speaker": "医生",
            "sentence": "请问宝宝47天前，排便的规律怎么样？",
            "label": "OOOOOOOOOOOOOOOOOO",
            "normalized": [],
            "type": []
        },
        {
            "speaker": "患者",
            "sentence": "规律一天一两次",
            "label": "OOOOOOO",
            "normalized": [],
            "type": []
        },
        {
            "speaker": "医生",
            "sentence": "之后生活环境有变化吗？",
            "label": "OOOOOOOOOOO",
            "normalized": [],
            "type": []
        },
        {
            "speaker": "患者",
            "sentence": "没有",
            "label": "OO",
            "normalized": [],
            "type": []
        },
        {
            "speaker": "医生",
            "sentence": "母乳还是奶粉喂养？",
            "label": "OOOOOOOOO",
            "normalized": [],
            "type": []
        },
        {
            "speaker": "患者",
            "sentence": "纯母乳喂养",
            "label": "OOOOO",
            "normalized": [],
            "type": []
        },
        {
            "speaker": "医生",
            "sentence": "妈妈有便秘吗？",
            "label": "OOOOOOO",
            "normalized": [],
            "type": []
        },
        {
            "speaker": "患者",
            "sentence": "一两天排一次",
            "label": "OOOOOO",
            "normalized": [],
            "type": []
        },
        {
            "speaker": "医生",
            "sentence": "大便干硬吗？",
            "label": "OOOOOO",
            "normalized": [],
            "type": []
        },
        {
            "speaker": "患者",
            "sentence": "不",
            "label": "O",
            "normalized": [],
            "type": []
        },
        {
            "speaker": "医生",
            "sentence": "有给孩子添加辅食吗？",
            "label": "OOOOOOOOOO",
            "normalized": [],
            "type": []
        },
        {
            "speaker": "医生",
            "sentence": "不好意思，看错了。",
            "label": "OOOOOOOOO",
            "normalized": [],
            "type": []
        },
        {
            "speaker": "患者",
            "sentence": "这么小肯定没有添加啊",
            "label": "OOOOOOOOOO",
            "normalized": [],
            "type": []
        },
        {
            "speaker": "医生",
            "sentence": "我看成六个月了，不好意思，宝宝平时放屁多吗？",
            "label": "OOOOOOOOOOOOOOOOOBIOOO",
            "normalized": [
                "屁"
            ],
            "type": [
                "1"
            ]
        },
        {
            "speaker": "患者",
            "sentence": "多",
            "label": "O",
            "normalized": [],
            "type": []
        },
        {
            "speaker": "患者",
            "sentence": "没事",
            "label": "OO",
            "normalized": [],
            "type": []
        },
        {
            "speaker": "医生",
            "sentence": "吃奶量正常吗？",
            "label": "OOOOOOO",
            "normalized": [],
            "type": []
        },
        {
            "speaker": "患者",
            "sentence": "正常",
            "label": "OO",
            "normalized": [],
            "type": []
        },
        {
            "speaker": "患者",
            "sentence": "跟以前一样",
            "label": "OOOOO",
            "normalized": [],
            "type": []
        },
        {
            "speaker": "医生",
            "sentence": "那应该问题不大，是宝宝肠蠕动减慢导致的。平时顺时针帮他揉肚子，用温毛巾热敷肚子，帮助肠道蠕动，促进排便排气。",
            "label": "OOOOOOOOOOOOOOOOOOOOOOOOOOOOOOOOOOOOOOOOOOOOOOOOOOOOOO",
            "normalized": [],
            "type": []
        },
        {
            "speaker": "患者",
            "sentence": "一次敷多久呢！",
            "label": "OOOOOOO",
            "normalized": [],
            "type": []
        },
        {
            "speaker": "医生",
            "sentence": "妈妈饮食要清淡一点，不要吃易过敏、不易消化、油腻的食物。多吃应季的蔬菜和水果，尤其是香蕉、火龙果、梨、橙子，有利于通肠润便。",
            "label": "OOOOOOOOOOOOOOOOOOOOOOOOOOOOOOOOOOOOOOOOOOOOOOOOOOOOOOOOOOOOOO",
            "normalized": [],
            "type": []
        },
        {
            "speaker": "患者",
            "sentence": "好的，我吃苹果比较多",
            "label": "OOOOOOOOOO",
            "normalized": [],
            "type": []
        },
        {
            "speaker": "医生",
            "sentence": "每次10到15分钟，一天3到4次。",
            "label": "OOOOOOOOOOOOOOOOO",
            "normalized": [],
            "type": []
        },
        {
            "speaker": "患者",
            "sentence": "好的",
            "label": "OO",
            "normalized": [],
            "type": []
        },
        {
            "speaker": "医生",
            "sentence": "嗯嗯",
            "label": "OO",
            "normalized": [],
            "type": []
        },
        {
            "speaker": "患者",
            "sentence": "谢谢，再见",
            "label": "OOOOO",
            "normalized": [],
            "type": []
        },
        {
            "speaker": "医生",
            "sentence": "不客气的，再见",
            "label": "OOOOOOO",
            "normalized": [],
            "type": []
        },
        {
            "speaker": "医生",
            "sentence": "你好",
            "label": "OO",
            "normalized": [],
            "type": []
        },
        {
            "speaker": "患者",
            "sentence": "你好",
            "label": "OO",
            "normalized": [],
            "type": []
        },
        {
            "speaker": "医生",
            "sentence": "上次说的那些方法你都试了吗？",
            "label": "OOOOOOOOOOOOOO",
            "normalized": [],
            "type": []
        },
        {
            "speaker": "患者",
            "sentence": "试了，我还在我们这里的地方看了看",
            "label": "OOOOOOOOOOOOOOOO",
            "normalized": [],
            "type": []
        },
        {
            "speaker": "医生",
            "sentence": "开了什么药吗？",
            "label": "OOOOOOO",
            "normalized": [],
            "type": []
        },
        {
            "speaker": "患者",
            "sentence": "给来了个叫乳果糖口服溶液喝了四天了，一天一次，一次两毫升",
            "label": "OOOOOOOOOOOOOOOOOOOOOOOOOOOO",
            "normalized": [],
            "type": []
        },
        {
            "speaker": "医生",
            "sentence": "是的，乳果糖有软化大便的作用。宝宝现在食欲怎么样？",
            "label": "OOOOOOOOOOOOOOOOOOOOOOOOO",
            "normalized": [],
            "type": []
        },
        {
            "speaker": "患者",
            "sentence": "食欲可以",
            "label": "OOOO",
            "normalized": [],
            "type": []
        },
        {
            "speaker": "医生",
            "sentence": "肚子鼓吗？放屁多吗？",
            "label": "BIIOOBIOOO",
            "normalized": [
                "腹胀",
                "屁"
            ],
            "type": [
                "1",
                "1"
            ]
        },
        {
            "speaker": "患者",
            "sentence": "放屁臭",
            "label": "BII",
            "normalized": [
                "屁"
            ],
            "type": [
                "1"
            ]
        },
        {
            "speaker": "患者",
            "sentence": "肚子有点硬",
            "label": "BIIII",
            "normalized": [
                "腹胀"
            ],
            "type": [
                "1"
            ]
        },
        {
            "speaker": "患者",
            "sentence": "没有前几天多",
            "label": "OOOOOO",
            "normalized": [],
            "type": []
        },
        {
            "speaker": "医生",
            "sentence": "可以先用食用油涂于肛门周围，或用肥皂条塞进肛门，刺激排便。",
            "label": "OOOOOOOOOOOOOOOOOOOOOOOOOOOOO",
            "normalized": [],
            "type": []
        },
        {
            "speaker": "患者",
            "sentence": "这怎么回事",
            "label": "OOOOO",
            "normalized": [],
            "type": []
        },
        {
            "speaker": "患者",
            "sentence": "我很担心",
            "label": "OOOO",
            "normalized": [],
            "type": []
        },
        {
            "speaker": "医生",
            "sentence": "单纯只有不排便的话，主要是由于肠蠕动减慢造成的功能性的问题。实在担心的话可以做个腹部超声或拍个腹片。",
            "label": "OOOOOOOOOOOOOOOOOOOOOOOOOOOOOOOOOOOOOOOOOOOOOOOOOO",
            "normalized": [],
            "type": []
        },
        {
            "speaker": "患者",
            "sentence": "这个排除什么的",
            "label": "OOOOOOO",
            "normalized": [],
            "type": []
        },
        {
            "speaker": "医生",
            "sentence": "排除肠梗阻",
            "label": "OOBII",
            "normalized": [
                "肠梗阻"
            ],
            "type": [
                "3"
            ]
        },
        {
            "speaker": "患者",
            "sentence": "他不自主排便，有没有其他疾病吗",
            "label": "OOOOOOOOOOOOOOO",
            "normalized": [],
            "type": []
        },
        {
            "speaker": "医生",
            "sentence": "如果生后就出现这个问题，就要注意巨结肠的可能。",
            "label": "OOOOOOOOOOOOOOOOOOOOOOO",
            "normalized": [],
            "type": []
        },
        {
            "speaker": "患者",
            "sentence": "他是四十多天才出现这种情况",
            "label": "OOOOOOOOOOOOO",
            "normalized": [],
            "type": []
        },
        {
            "speaker": "医生",
            "sentence": "所以目前不太考虑巨结肠。",
            "label": "OOOOOOOOOOOO",
            "normalized": [],
            "type": []
        },
        {
            "speaker": "患者",
            "sentence": "肠阻梗的症状是什么啊",
            "label": "OOOOOOOOOO",
            "normalized": [],
            "type": []
        },
        {
            "speaker": "医生",
            "sentence": "不排便，严重的还会出现腹痛、呕吐。",
            "label": "OOOOOOOOOOOBIOBIO",
            "normalized": [
                "腹痛",
                "呕吐"
            ],
            "type": [
                "3",
                "3"
            ]
        },
        {
            "speaker": "患者",
            "sentence": "要怎么治疗啊！严重吗",
            "label": "OOOOOOOOOO",
            "normalized": [],
            "type": []
        },
        {
            "speaker": "医生",
            "sentence": "这个只是猜测，首先考虑的还是功能性的问题，做检查只是让你排除。",
            "label": "OOOOOOOOOOOOOOOOOOOOOOOOOOOOOOO",
            "normalized": [],
            "type": []
        },
        {
            "speaker": "患者",
            "sentence": "我明天去医院给宝宝查一查",
            "label": "OOOOOOOOOOOO",
            "normalized": [],
            "type": []
        },
        {
            "speaker": "医生",
            "sentence": "好的",
            "label": "OO",
            "normalized": [],
            "type": []
        },
        {
            "speaker": "患者",
            "sentence": "麻烦你了，谢谢",
            "label": "OOOOOOO",
            "normalized": [],
            "type": []
        },
        {
            "speaker": "医生",
            "sentence": "不麻烦的，希望能帮到你",
            "label": "OOOOOOOOOOO",
            "normalized": [],
            "type": []
        },
        {
            "speaker": "患者",
            "sentence": "好的，再见",
            "label": "OOOOO",
            "normalized": [],
            "type": []
        },
        {
            "speaker": "医生",
            "sentence": "再见",
            "label": "OO",
            "normalized": [],
            "type": []
        },
        {
            "speaker": "医生",
            "sentence": "你好",
            "label": "OO",
            "normalized": [],
            "type": []
        }
    ]
}