{
    "data-split": "train",
    "example-id": "10491971",
    "dialogue-content": [
        {
            "speaker": "医生",
            "sentence": "你好，很高兴为你解答。",
            "label": "OOOOOOOOOOO",
            "normalized": [],
            "type": []
        },
        {
            "speaker": "医生",
            "sentence": "宝宝拉肚子几天了，大便一天几次？",
            "label": "OOBIIOOOOOOOOOOO",
            "normalized": [
                "腹泻"
            ],
            "type": [
                "1"
            ]
        },
        {
            "speaker": "患者",
            "sentence": "第一天，五回了",
            "label": "OOOOOOO",
            "normalized": [],
            "type": []
        },
        {
            "speaker": "患者",
            "sentence": "中午吃的拉肚子药还贴着",
            "label": "OOOOOOOOOOO",
            "normalized": [],
            "type": []
        },
        {
            "speaker": "医生",
            "sentence": "大便是什么颜色？什么性状？",
            "label": "OOOOOOOOOOOOO",
            "normalized": [],
            "type": []
        },
        {
            "speaker": "医生",
            "sentence": "大便之前或大便时有哭闹吗？",
            "label": "OOOOOOOOOBIOO",
            "normalized": [
                "哭闹"
            ],
            "type": [
                "3"
            ]
        },
        {
            "speaker": "患者",
            "sentence": "大便黄色有点稀",
            "label": "BIIIIII",
            "normalized": [
                "稀便"
            ],
            "type": [
                "1"
            ]
        },
        {
            "speaker": "医生",
            "sentence": "有没有没有消化的颗粒？",
            "label": "OOOOOOOOOOO",
            "normalized": [],
            "type": []
        },
        {
            "speaker": "医生",
            "sentence": "体温多少啊！有没有呕吐？",
            "label": "OOOOOOOOOBIO",
            "normalized": [
                "呕吐"
            ],
            "type": [
                "2"
            ]
        },
        {
            "speaker": "患者",
            "sentence": "有山楂颗粒",
            "label": "OOOOO",
            "normalized": [],
            "type": []
        },
        {
            "speaker": "患者",
            "sentence": "37度4莫有",
            "label": "BIIIII",
            "normalized": [
                "低热"
            ],
            "type": [
                "1"
            ]
        },
        {
            "speaker": "医生",
            "sentence": "？",
            "label": "O",
            "normalized": [],
            "type": []
        },
        {
            "speaker": "医生",
            "sentence": "精神状态怎么样？吃奶量怎么样？家长你是不是在忙啊！",
            "label": "OOOOOOOOOOOOOOOOOOOOOOOOO",
            "normalized": [],
            "type": []
        },
        {
            "speaker": "患者",
            "sentence": "莫有呕吐",
            "label": "OOBI",
            "normalized": [
                "呕吐"
            ],
            "type": [
                "2"
            ]
        },
        {
            "speaker": "医生",
            "sentence": "网络有延迟。我问的问题，你不能及时看见。",
            "label": "OOOOOOOOOOOOOOOOOOOO",
            "normalized": [],
            "type": []
        },
        {
            "speaker": "患者",
            "sentence": "状态好，吃奶也可以",
            "label": "OOOOOOOOO",
            "normalized": [],
            "type": []
        },
        {
            "speaker": "患者",
            "sentence": "不忙",
            "label": "OO",
            "normalized": [],
            "type": []
        },
        {
            "speaker": "患者",
            "sentence": "网络的事",
            "label": "OOOO",
            "normalized": [],
            "type": []
        },
        {
            "speaker": "医生",
            "sentence": "好的，目前宝宝的症状主要是腹泻，带有低热，考虑腹泻待查。",
            "label": "OOOOOOOOOOOOOBIOOOBIOOOBIOOO",
            "normalized": [
                "腹泻",
                "低热",
                "腹泻"
            ],
            "type": [
                "3",
                "1",
                "3"
            ]
        },
        {
            "speaker": "医生",
            "sentence": "建议二甲以上公立医院儿内科就诊，检查血常规，大便常规。",
            "label": "OOOOOOOOOOOOOOOOOOOOOOOOOOO",
            "normalized": [],
            "type": []
        },
        {
            "speaker": "患者",
            "sentence": "哦",
            "label": "O",
            "normalized": [],
            "type": []
        },
        {
            "speaker": "医生",
            "sentence": "你可能会觉得为什么推荐就医呢，因为宝宝太小了，虽然精神状态还不错，但是今天的大便五次了，还有点低热，我担心，腹泻会加重，出现反复发烧甚至体温升高",
            "label": "OOOOOOOOOOOOOOOOOOOOOOOOOOOOOOOOOOOOOOOOOOOOOOOBIOOOOOBIOOOOOOOOBIOOOOOO",
            "normalized": [
                "低热",
                "腹泻",
                "发热"
            ],
            "type": [
                "1",
                "3",
                "1"
            ]
        },
        {
            "speaker": "医生",
            "sentence": "发烧腹泻可能是受凉，也有可能是感染呀！",
            "label": "BIBIOOOOOOOOOOOOOOO",
            "normalized": [
                "发热",
                "腹泻"
            ],
            "type": [
                "1",
                "3"
            ]
        },
        {
            "speaker": "患者",
            "sentence": "哦，吃退烧药不行吗",
            "label": "OOOOOOOOO",
            "normalized": [],
            "type": []
        },
        {
            "speaker": "医生",
            "sentence": "超过38度5才可以吃退热药，低热的情况下物理降温处理",
            "label": "OOOOOOOOOOOOOOBIOOOOOOOOOO",
            "normalized": [
                "低热"
            ],
            "type": [
                "1"
            ]
        },
        {
            "speaker": "医生",
            "sentence": "宁愿检查清楚，再用药，不愿盲目吃药啊！",
            "label": "OOOOOOOOOOOOOOOOOOO",
            "normalized": [],
            "type": []
        },
        {
            "speaker": "患者",
            "sentence": "哦，谢谢",
            "label": "OOOO",
            "normalized": [],
            "type": []
        },
        {
            "speaker": "医生",
            "sentence": "如果检查血常规和大便常规提示有细菌感染的话，而且没有头孢类过敏。可以口服点头孢克洛颗粒",
            "label": "OOOOOOOOOOOOOOOBIIIOOOOOOOOOOBIOOOOOOOOOOOO",
            "normalized": [
                "细菌感染",
                "过敏"
            ],
            "type": [
                "3",
                "3"
            ]
        },
        {
            "speaker": "医生",
            "sentence": "如果是细菌感染而没有及时治疗。宝宝可能会出现反复发热。腹泻加重可能出现脱水，电解质紊乱等。",
            "label": "OOOBIIIOOOOOOOOOOOOOOOOOBIOBIOOOOOOOOOOOOOOOO",
            "normalized": [
                "细菌感染",
                "发热",
                "腹泻"
            ],
            "type": [
                "3",
                "1",
                "3"
            ]
        },
        {
            "speaker": "医生",
            "sentence": "所以有必要去医院看一下",
            "label": "OOOOOOOOOOO",
            "normalized": [],
            "type": []
        },
        {
            "speaker": "患者",
            "sentence": "嗯",
            "label": "O",
            "normalized": [],
            "type": []
        },
        {
            "speaker": "医生",
            "sentence": "如果没有感染，那就考虑受凉啦！",
            "label": "OOOOOOOOOOOOOOO",
            "normalized": [],
            "type": []
        },
        {
            "speaker": "医生",
            "sentence": "加强保暖，物理降温。贴个暖脐贴。可以啦，这样还可以避免吃药呢！",
            "label": "OOOOOOOOOOOOOOOOOOOOOOOOOOOOOOO",
            "normalized": [],
            "type": []
        },
        {
            "speaker": "患者",
            "sentence": "谢谢啦",
            "label": "OOO",
            "normalized": [],
            "type": []
        }
    ]
}