{
    "data-split": "train",
    "example-id": "10323044",
    "dialogue-content": [
        {
            "speaker": "医生",
            "sentence": "您好，咳嗽时有哭闹？为什么说感觉有点痛？",
            "label": "OOOBIOOBIOOOOOOOBIIO",
            "normalized": [
                "咳嗽",
                "哭闹",
                "咽喉不适"
            ],
            "type": [
                "1",
                "1",
                "3"
            ]
        },
        {
            "speaker": "患者",
            "sentence": "他一咳嗽就哭",
            "label": "OOBIOB",
            "normalized": [
                "咳嗽",
                "哭闹"
            ],
            "type": [
                "1",
                "1"
            ]
        },
        {
            "speaker": "医生",
            "sentence": "宝宝又声嘶发热现象吗？",
            "label": "OOOOOBIOOOO",
            "normalized": [
                "发热"
            ],
            "type": [
                "1"
            ]
        },
        {
            "speaker": "医生",
            "sentence": "有",
            "label": "O",
            "normalized": [],
            "type": []
        },
        {
            "speaker": "患者",
            "sentence": "发热了",
            "label": "BIO",
            "normalized": [
                "发热"
            ],
            "type": [
                "1"
            ]
        },
        {
            "speaker": "医生",
            "sentence": "声音哑了吗？",
            "label": "OOBOOO",
            "normalized": [
                "沙哑"
            ],
            "type": [
                "2"
            ]
        },
        {
            "speaker": "患者",
            "sentence": "吃了药退热了",
            "label": "OOOBIO",
            "normalized": [
                "退热"
            ],
            "type": [
                "1"
            ]
        },
        {
            "speaker": "医生",
            "sentence": "咳嗽发热几天了？",
            "label": "BIBIOOOO",
            "normalized": [
                "咳嗽",
                "发热"
            ],
            "type": [
                "1",
                "1"
            ]
        },
        {
            "speaker": "患者",
            "sentence": "没有哑",
            "label": "OOB",
            "normalized": [
                "沙哑"
            ],
            "type": [
                "2"
            ]
        },
        {
            "speaker": "患者",
            "sentence": "一天",
            "label": "OO",
            "normalized": [],
            "type": []
        },
        {
            "speaker": "医生",
            "sentence": "咳嗽有痰吗？",
            "label": "BIBIOO",
            "normalized": [
                "咳嗽",
                "痰"
            ],
            "type": [
                "1",
                "2"
            ]
        },
        {
            "speaker": "患者",
            "sentence": "没感觉有痰",
            "label": "OOOBI",
            "normalized": [
                "痰"
            ],
            "type": [
                "2"
            ]
        },
        {
            "speaker": "患者",
            "sentence": "今天去看了医生……医生说喉咙有点红红的",
            "label": "OOOOOOOOOOOOBIIIIII",
            "normalized": [
                "咽喉炎"
            ],
            "type": [
                "1"
            ]
        },
        {
            "speaker": "医生",
            "sentence": "宝宝就诊有吗？肺部听诊",
            "label": "OOOOOOOOOOO",
            "normalized": [],
            "type": []
        },
        {
            "speaker": "患者",
            "sentence": "听了",
            "label": "OO",
            "normalized": [],
            "type": []
        },
        {
            "speaker": "医生",
            "sentence": "支气管，肺有问题吗？",
            "label": "OOOOOOOOOO",
            "normalized": [],
            "type": []
        },
        {
            "speaker": "患者",
            "sentence": "他说肺部暂时没有",
            "label": "OOOOOOOO",
            "normalized": [],
            "type": []
        },
        {
            "speaker": "医生",
            "sentence": "有开药服用？",
            "label": "OOOOOO",
            "normalized": [],
            "type": []
        },
        {
            "speaker": "医生",
            "sentence": "是否有化验血常规？",
            "label": "OOOOOOOOO",
            "normalized": [],
            "type": []
        },
        {
            "speaker": "患者",
            "sentence": "小孩一吃药就吐",
            "label": "OOOOOOB",
            "normalized": [
                "呕吐"
            ],
            "type": [
                "1"
            ]
        },
        {
            "speaker": "患者",
            "sentence": "孩子不喜欢吃药吃不肚里去",
            "label": "OOOOOOOOOOOO",
            "normalized": [],
            "type": []
        },
        {
            "speaker": "患者",
            "sentence": "没化验",
            "label": "OOO",
            "normalized": [],
            "type": []
        },
        {
            "speaker": "医生",
            "sentence": "有化验血常规吗？",
            "label": "OOOOOOOO",
            "normalized": [],
            "type": []
        },
        {
            "speaker": "患者",
            "sentence": "需要挂水吗",
            "label": "OOOOO",
            "normalized": [],
            "type": []
        },
        {
            "speaker": "医生",
            "sentence": "如果咳嗽发热1天，咽部充血，听诊肺部，气管没有问题，服药也可以。能服药就不输液",
            "label": "OOBIBIOOOBIIIOOOOOOOOOOOOOOOOOOOOOOOOOO",
            "normalized": [
                "咳嗽",
                "发热",
                "咽喉炎"
            ],
            "type": [
                "1",
                "1",
                "1"
            ]
        },
        {
            "speaker": "患者",
            "sentence": "需要服用什么药物",
            "label": "OOOOOOOO",
            "normalized": [],
            "type": []
        },
        {
            "speaker": "患者",
            "sentence": "医生开的一盒药……小儿热速清颗粒",
            "label": "OOOOOOOOOOOOOOOO",
            "normalized": [],
            "type": []
        },
        {
            "speaker": "医生",
            "sentence": "可以口服清热解毒利咽药物，如蒲地蓝口服，方便的话最好做个血常规",
            "label": "OOOOOOOOOOOOOOOOOOOOOOOOOOOOOOO",
            "normalized": [],
            "type": []
        },
        {
            "speaker": "医生",
            "sentence": "小儿热速清也可以",
            "label": "OOOOOOOO",
            "normalized": [],
            "type": []
        },
        {
            "speaker": "医生",
            "sentence": "注意勤喂水避免受凉",
            "label": "OOOOOOOOO",
            "normalized": [],
            "type": []
        },
        {
            "speaker": "医生",
            "sentence": "其实方便的话最好做个血常规，可以明确是病毒感染还是细菌感染",
            "label": "OOOOOOOOOOOOOOOOOOOBIIIOOBIII",
            "normalized": [
                "病毒感染",
                "细菌感染"
            ],
            "type": [
                "3",
                "3"
            ]
        },
        {
            "speaker": "患者",
            "sentence": "哦哦……但是小孩真的一吃药就吐",
            "label": "OOOOOOOOOOOOOOB",
            "normalized": [
                "呕吐"
            ],
            "type": [
                "1"
            ]
        },
        {
            "speaker": "医生",
            "sentence": "用药会很好准确",
            "label": "OOOOOOO",
            "normalized": [],
            "type": []
        },
        {
            "speaker": "患者",
            "sentence": "如果是病毒或者是细菌感染，就要挂水吗",
            "label": "OOOBIOOOBIIIOOOOOO",
            "normalized": [
                "病毒感染",
                "细菌感染"
            ],
            "type": [
                "3",
                "3"
            ]
        },
        {
            "speaker": "患者",
            "sentence": "小儿热素清颗粒特别苦……小孩吃不肚里去吃进去就吐了",
            "label": "OOOOOOOOOOOOOOOOOOOOOOOBO",
            "normalized": [
                "呕吐"
            ],
            "type": [
                "1"
            ]
        },
        {
            "speaker": "医生",
            "sentence": "不严重不需输液。如果实在不能服药，宝宝咳嗽，咽痛不缓解甚至感染下行那只能输液治疗了。",
            "label": "OOOOOOOOOOOOOOOOOOOBIOBIOOOOOOOOOOOOOOOOOO",
            "normalized": [
                "咳嗽",
                "咽喉不适"
            ],
            "type": [
                "1",
                "1"
            ]
        },
        {
            "speaker": "患者",
            "sentence": "哦哦",
            "label": "OO",
            "normalized": [],
            "type": []
        },
        {
            "speaker": "医生",
            "sentence": "恩，",
            "label": "OO",
            "normalized": [],
            "type": []
        },
        {
            "speaker": "医生",
            "sentence": "服药与进食水分开时间，避免引起连食物一起呕吐",
            "label": "OOOOOOOOOOOOOOOOOOOOBI",
            "normalized": [
                "呕吐"
            ],
            "type": [
                "1"
            ]
        },
        {
            "speaker": "医生",
            "sentence": "还有问题吗丁啉",
            "label": "OOOOOOO",
            "normalized": [],
            "type": []
        },
        {
            "speaker": "医生",
            "sentence": "还有问题吗",
            "label": "OOOOO",
            "normalized": [],
            "type": []
        },
        {
            "speaker": "医生",
            "sentence": "如没有先关闭了",
            "label": "OOOOOOO",
            "normalized": [],
            "type": []
        }
    ]
}