{
    "data-split": "train",
    "example-id": "10389033",
    "dialogue-content": [
        {
            "speaker": "医生",
            "sentence": "你好！",
            "label": "OOO",
            "normalized": [],
            "type": []
        },
        {
            "speaker": "患者",
            "sentence": "你好",
            "label": "OO",
            "normalized": [],
            "type": []
        },
        {
            "speaker": "医生",
            "sentence": "发病几天了？",
            "label": "OOOOOO",
            "normalized": [],
            "type": []
        },
        {
            "speaker": "患者",
            "sentence": "前几天就有几次打喷嚏，两三次咳嗽",
            "label": "OOOOOOOBIIOOOOBI",
            "normalized": [
                "打喷嚏",
                "咳嗽"
            ],
            "type": [
                "1",
                "1"
            ]
        },
        {
            "speaker": "患者",
            "sentence": "今天开始有痰，老打喷嚏了",
            "label": "OOOOBIOOBIIO",
            "normalized": [
                "痰",
                "打喷嚏"
            ],
            "type": [
                "1",
                "1"
            ]
        },
        {
            "speaker": "医生",
            "sentence": "发烧吗？",
            "label": "BIOO",
            "normalized": [
                "发热"
            ],
            "type": [
                "2"
            ]
        },
        {
            "speaker": "患者",
            "sentence": "不发烧",
            "label": "OBI",
            "normalized": [
                "发热"
            ],
            "type": [
                "2"
            ]
        },
        {
            "speaker": "医生",
            "sentence": "根据你说的情况，还是感冒了。",
            "label": "OOOOOOOOOOBIOO",
            "normalized": [
                "普通感冒"
            ],
            "type": [
                "1"
            ]
        },
        {
            "speaker": "患者",
            "sentence": "奶起来也正常",
            "label": "OOOOOO",
            "normalized": [],
            "type": []
        },
        {
            "speaker": "患者",
            "sentence": "精神也好",
            "label": "OOOO",
            "normalized": [],
            "type": []
        },
        {
            "speaker": "医生",
            "sentence": "可以吃上抗感冒的药",
            "label": "OOOOOOOOO",
            "normalized": [],
            "type": []
        },
        {
            "speaker": "医生",
            "sentence": "家里人有感冒的吗？",
            "label": "OOOOOOOOO",
            "normalized": [],
            "type": []
        },
        {
            "speaker": "患者",
            "sentence": "有的",
            "label": "OO",
            "normalized": [],
            "type": []
        },
        {
            "speaker": "患者",
            "sentence": "宝宝爷爷感冒了",
            "label": "OOOOOOO",
            "normalized": [],
            "type": []
        },
        {
            "speaker": "医生",
            "sentence": "是的，这是相互传染的。",
            "label": "OOOOOOOOOOO",
            "normalized": [],
            "type": []
        },
        {
            "speaker": "患者",
            "sentence": "不吃药会好吗",
            "label": "OOOOOO",
            "normalized": [],
            "type": []
        },
        {
            "speaker": "患者",
            "sentence": "喝点葱根水行吗",
            "label": "OOOOOOO",
            "normalized": [],
            "type": []
        },
        {
            "speaker": "医生",
            "sentence": "还是小，抵抗力差，感冒以后容易发展。",
            "label": "OOOOOOOOOBIOOOOOOO",
            "normalized": [
                "普通感冒"
            ],
            "type": [
                "1"
            ]
        },
        {
            "speaker": "医生",
            "sentence": "孩子太小不能喝葱根水。会拉肚子的！",
            "label": "OOOOOOOOOOOOBIIOO",
            "normalized": [
                "腹泻"
            ],
            "type": [
                "3"
            ]
        },
        {
            "speaker": "患者",
            "sentence": "那要吃点啥药？",
            "label": "OOOOOOO",
            "normalized": [],
            "type": []
        },
        {
            "speaker": "医生",
            "sentence": "可以吃上，小儿氨酚黄那敏颗粒，抗感冒的。",
            "label": "OOOOOOOOOOOOOOOOOOOO",
            "normalized": [],
            "type": []
        },
        {
            "speaker": "患者",
            "sentence": "好",
            "label": "O",
            "normalized": [],
            "type": []
        },
        {
            "speaker": "医生",
            "sentence": "按说明吃，吃上两三天观察变化。",
            "label": "OOOOOOOOOOOOOOO",
            "normalized": [],
            "type": []
        },
        {
            "speaker": "患者",
            "sentence": "不能打预防针了吧",
            "label": "OOOOOOOO",
            "normalized": [],
            "type": []
        },
        {
            "speaker": "患者",
            "sentence": "好",
            "label": "O",
            "normalized": [],
            "type": []
        },
        {
            "speaker": "医生",
            "sentence": "是的，不能打预防针儿啦，以免加重病情。",
            "label": "OOOOOOOOOOOOOOOOOOO",
            "normalized": [],
            "type": []
        },
        {
            "speaker": "患者",
            "sentence": "好的",
            "label": "OO",
            "normalized": [],
            "type": []
        },
        {
            "speaker": "医生",
            "sentence": "等感冒好啦停药七天以后可以打预防针",
            "label": "OBIOOOOOOOOOOOOOO",
            "normalized": [
                "普通感冒"
            ],
            "type": [
                "1"
            ]
        },
        {
            "speaker": "医生",
            "sentence": "加强护理，注意别着凉。",
            "label": "OOOOOOOOOOO",
            "normalized": [],
            "type": []
        },
        {
            "speaker": "患者",
            "sentence": "好的谢谢",
            "label": "OOOO",
            "normalized": [],
            "type": []
        },
        {
            "speaker": "医生",
            "sentence": "不客气的，有问题及时联系。",
            "label": "OOOOOOOOOOOOO",
            "normalized": [],
            "type": []
        },
        {
            "speaker": "医生",
            "sentence": "你好！",
            "label": "OOO",
            "normalized": [],
            "type": []
        },
        {
            "speaker": "医生",
            "sentence": "有咳嗽吗？",
            "label": "OBIOO",
            "normalized": [
                "咳嗽"
            ],
            "type": [
                "1"
            ]
        },
        {
            "speaker": "患者",
            "sentence": "2、3次，今天感觉有点痰",
            "label": "OOOOOOOOOOOB",
            "normalized": [
                "痰"
            ],
            "type": [
                "1"
            ]
        },
        {
            "speaker": "患者",
            "sentence": "精神很好",
            "label": "OOOO",
            "normalized": [],
            "type": []
        },
        {
            "speaker": "医生",
            "sentence": "有鼻塞流涕吗？",
            "label": "OBIBIOO",
            "normalized": [
                "鼻塞",
                "鼻流涕"
            ],
            "type": [
                "1",
                "2"
            ]
        },
        {
            "speaker": "患者",
            "sentence": "鼻塞早上有点，现在没有了",
            "label": "BIOOOOOOOOOO",
            "normalized": [
                "鼻塞"
            ],
            "type": [
                "1"
            ]
        },
        {
            "speaker": "患者",
            "sentence": "没有鼻涕",
            "label": "OOBI",
            "normalized": [
                "鼻流涕"
            ],
            "type": [
                "2"
            ]
        },
        {
            "speaker": "医生",
            "sentence": "根据你说的情况还是有点儿感冒的。",
            "label": "OOOOOOOOOOOOBIOO",
            "normalized": [
                "普通感冒"
            ],
            "type": [
                "1"
            ]
        },
        {
            "speaker": "医生",
            "sentence": "这样几天了？",
            "label": "OOOOOO",
            "normalized": [],
            "type": []
        },
        {
            "speaker": "医生",
            "sentence": "吃过药了吗？",
            "label": "OOOOOO",
            "normalized": [],
            "type": []
        },
        {
            "speaker": "患者",
            "sentence": "好几天了，没有吃药",
            "label": "OOOOOOOOO",
            "normalized": [],
            "type": []
        },
        {
            "speaker": "医生",
            "sentence": "现在症状加重了没有？",
            "label": "OOOOOOOOOO",
            "normalized": [],
            "type": []
        },
        {
            "speaker": "患者",
            "sentence": "之前一点咳，现在有点鼻塞",
            "label": "OOOOBOOOOOBI",
            "normalized": [
                "咳嗽",
                "鼻塞"
            ],
            "type": [
                "1",
                "1"
            ]
        },
        {
            "speaker": "医生",
            "sentence": "可以吃上，氨溴特罗口服液，止咳去痰的",
            "label": "OOOOOOOOOOOOOOOOOO",
            "normalized": [],
            "type": []
        },
        {
            "speaker": "患者",
            "sentence": "好的，谢谢",
            "label": "OOOOO",
            "normalized": [],
            "type": []
        },
        {
            "speaker": "医生",
            "sentence": "加强护理，不要着凉的。",
            "label": "OOOOOOOOOOO",
            "normalized": [],
            "type": []
        },
        {
            "speaker": "医生",
            "sentence": "不客气，有问题及时联系。",
            "label": "OOOOOOOOOOOO",
            "normalized": [],
            "type": []
        },
        {
            "speaker": "患者",
            "sentence": "好的，谢谢",
            "label": "OOOOO",
            "normalized": [],
            "type": []
        },
        {
            "speaker": "医生",
            "sentence": "好的，不客气，祝宝宝早日康复！",
            "label": "OOOOOOOOOOOOOOO",
            "normalized": [],
            "type": []
        },
        {
            "speaker": "患者",
            "sentence": "谢谢",
            "label": "OO",
            "normalized": [],
            "type": []
        }
    ]
}