{
    "data-split": "train",
    "example-id": "10425421",
    "dialogue-content": [
        {
            "speaker": "医生",
            "sentence": "你好",
            "label": "OO",
            "normalized": [],
            "type": []
        },
        {
            "speaker": "医生",
            "sentence": "在吗",
            "label": "OO",
            "normalized": [],
            "type": []
        },
        {
            "speaker": "患者",
            "sentence": "嗯",
            "label": "O",
            "normalized": [],
            "type": []
        },
        {
            "speaker": "医生",
            "sentence": "为了更好的提供服务，我需要询问您几个与病症相关的问题，感谢您配合。好吗？",
            "label": "OOOOOOOOOOOOOOOOOOOOOOOOOOOOOOOOOOOO",
            "normalized": [],
            "type": []
        },
        {
            "speaker": "患者",
            "sentence": "好的",
            "label": "OO",
            "normalized": [],
            "type": []
        },
        {
            "speaker": "患者",
            "sentence": "问啊？",
            "label": "OOO",
            "normalized": [],
            "type": []
        },
        {
            "speaker": "医生",
            "sentence": "宝宝现在多大了",
            "label": "OOOOOOO",
            "normalized": [],
            "type": []
        },
        {
            "speaker": "患者",
            "sentence": "17个多月",
            "label": "OOOOO",
            "normalized": [],
            "type": []
        },
        {
            "speaker": "医生",
            "sentence": "宝宝发热几天了",
            "label": "OOBIOOO",
            "normalized": [
                "发热"
            ],
            "type": [
                "1"
            ]
        },
        {
            "speaker": "患者",
            "sentence": "今天中午开始",
            "label": "OOOOOO",
            "normalized": [],
            "type": []
        },
        {
            "speaker": "医生",
            "sentence": "最高体温多少度",
            "label": "OOOOOOO",
            "normalized": [],
            "type": []
        },
        {
            "speaker": "患者",
            "sentence": "38.6",
            "label": "BIII",
            "normalized": [
                "中等度热"
            ],
            "type": [
                "1"
            ]
        },
        {
            "speaker": "医生",
            "sentence": "宝宝有没有着凉",
            "label": "OOOOOOO",
            "normalized": [],
            "type": []
        },
        {
            "speaker": "患者",
            "sentence": "不知道啊应该是着凉的吧",
            "label": "OOOOOOOOOOO",
            "normalized": [],
            "type": []
        },
        {
            "speaker": "医生",
            "sentence": "宝宝除了发热还有什么症状",
            "label": "OOOOBIOOOOOO",
            "normalized": [
                "发热"
            ],
            "type": [
                "1"
            ]
        },
        {
            "speaker": "医生",
            "sentence": "比如打喷嚏，流鼻涕，咳嗽等",
            "label": "OOBIIOBIIOBIO",
            "normalized": [
                "打喷嚏",
                "鼻流涕",
                "咳嗽"
            ],
            "type": [
                "2",
                "1",
                "2"
            ]
        },
        {
            "speaker": "患者",
            "sentence": "没有哦对了吃饭吐了一次",
            "label": "OOOOOOOBOOO",
            "normalized": [
                "呕吐"
            ],
            "type": [
                "1"
            ]
        },
        {
            "speaker": "患者",
            "sentence": "流鼻涕",
            "label": "BII",
            "normalized": [
                "鼻流涕"
            ],
            "type": [
                "1"
            ]
        },
        {
            "speaker": "医生",
            "sentence": "从描述看，宝宝着凉后流鼻涕，伴有发热，考虑上呼吸道感染",
            "label": "OOOOOOOOOOBIIOOOBIOOOBIIIII",
            "normalized": [
                "鼻流涕",
                "发热",
                "上呼吸道感染"
            ],
            "type": [
                "1",
                "1",
                "3"
            ]
        },
        {
            "speaker": "医生",
            "sentence": "发烧是一种免疫保护性反应，发烧本身不是病只是一种症状，体温超过38.5度口服退烧药，体温没有超过38.5度，可以物理降温:1.观察孩子的精神状态和脸色，孩子如果有寒战怕冷手脚发凉。此时不能用冷水擦，也不能冷敷，此时极易抽搐，2..孩子没有汗但四肢手脚热，可以用温水擦浴，温水把孩子的大腿根，脖子下，腘窝，腋窝，擦擦降温。也可以洗一个热水澡。物理降温可以反复进行，直到体温退了或孩子出汗。",
            "label": "BIOOOOOOOOOOOBIOOOOOOOOOOOOOOOOOOOOOOOOOOOOOOOOOOOOOOOOOOOOOOOOOOOOOOOOOOOOOOOOOOBIOOOOOOOOOOOOOOOOOOOOOOOOOOBIOOOOOOOOOOOOOOOOOOOOOOOOOOOOOOOOOOOOOOOOOOOOOOOOOOOOOOOOOOOOOOOOOOOOOOOOOOOOOOOBIO",
            "normalized": [
                "发热",
                "发热",
                "寒战",
                "抽搐",
                "出汗"
            ],
            "type": [
                "1",
                "1",
                "3",
                "3",
                "3"
            ]
        },
        {
            "speaker": "医生",
            "sentence": "3.多喝水，少量多次",
            "label": "OOOOOOOOOO",
            "normalized": [],
            "type": []
        },
        {
            "speaker": "医生",
            "sentence": "发热手脚凉是因为宝宝神经系统的发育尚未完善，负责管理血管舒张、收缩的植物神经易发生紊乱，导致发热时四肢末端的小血管处于痉挛性收缩状态而发凉。",
            "label": "BIBIIOOOOOOOOOOOOOOOOOOOOOOOOOOOOOOOOOOOOOOOOOOOOOOOOOOOOOOOOOOOOOOOOO",
            "normalized": [
                "发热",
                "四肢厥冷"
            ],
            "type": [
                "1",
                "3"
            ]
        },
        {
            "speaker": "患者",
            "sentence": "那需要怎么样帮助降温",
            "label": "OOOOOOOOOO",
            "normalized": [],
            "type": []
        },
        {
            "speaker": "医生",
            "sentence": "建议带宝宝到公立医院儿科合理检查一下，了解咽喉部有没有红肿，化验一下血常规和CRP，分析一下是病毒感染还是细菌感染",
            "label": "OOOOOOOOOOOOOOOOOOOOOBIIIIIIIOOOOOOOOOOOOOOOOOOBIIIOOBIII",
            "normalized": [
                "咽喉炎",
                "病毒感染",
                "细菌感染"
            ],
            "type": [
                "3",
                "3",
                "3"
            ]
        },
        {
            "speaker": "患者",
            "sentence": "贴退热贴行么",
            "label": "OOOOOO",
            "normalized": [],
            "type": []
        },
        {
            "speaker": "医生",
            "sentence": "如果超过38.5，建议应用退热药物",
            "label": "OOOOOOOOOOOOOOOOO",
            "normalized": [],
            "type": []
        },
        {
            "speaker": "患者",
            "sentence": "吃了药了",
            "label": "OOOO",
            "normalized": [],
            "type": []
        },
        {
            "speaker": "医生",
            "sentence": "如果检查不严重可以口服感冒药物和清热解毒药物",
            "label": "OOOOOOOOOOOOOOOOOOOOOO",
            "normalized": [],
            "type": []
        },
        {
            "speaker": "患者",
            "sentence": "也贴了退热贴",
            "label": "OOOOOO",
            "normalized": [],
            "type": []
        },
        {
            "speaker": "医生",
            "sentence": "比如小儿氨酚黄那敏颗粒，小儿清热宁",
            "label": "OOOOOOOOOOOOOOOOO",
            "normalized": [],
            "type": []
        },
        {
            "speaker": "医生",
            "sentence": "注意多喝水，防寒保暖，",
            "label": "OOOOOOOOOOO",
            "normalized": [],
            "type": []
        },
        {
            "speaker": "患者",
            "sentence": "是需要盖严实点还是给他透气一点啊",
            "label": "OOOOOOOOOOOOOOOO",
            "normalized": [],
            "type": []
        },
        {
            "speaker": "医生",
            "sentence": "清淡饮食",
            "label": "OOOO",
            "normalized": [],
            "type": []
        },
        {
            "speaker": "患者",
            "sentence": "要出汗么",
            "label": "OBIO",
            "normalized": [
                "出汗"
            ],
            "type": [
                "3"
            ]
        },
        {
            "speaker": "医生",
            "sentence": "不要捂得太热，这样影响散热，不利于退热，多喝温水",
            "label": "OOOOOOOOOOOOOOOOOBIOOOOO",
            "normalized": [
                "退热"
            ],
            "type": [
                "3"
            ]
        },
        {
            "speaker": "医生",
            "sentence": "建议带宝宝到公立医院儿科合理检查一下，化验血常规和CRP，分析一下是病毒感染还是细菌感染",
            "label": "OOOOOOOOOOOOOOOOOOOOOOOOOOOOOOOOOOBIIIOOBIII",
            "normalized": [
                "病毒感染",
                "细菌感染"
            ],
            "type": [
                "3",
                "3"
            ]
        },
        {
            "speaker": "患者",
            "sentence": "哦哦不需要捂出汗啊",
            "label": "OOOOOOBIO",
            "normalized": [
                "出汗"
            ],
            "type": [
                "3"
            ]
        },
        {
            "speaker": "医生",
            "sentence": "多喝温水也可以出汗",
            "label": "OOOOOOOBI",
            "normalized": [
                "出汗"
            ],
            "type": [
                "3"
            ]
        },
        {
            "speaker": "患者",
            "sentence": "好的就是可以出汗但不要捂是吧",
            "label": "OOOOOOBIOOOOOO",
            "normalized": [
                "出汗"
            ],
            "type": [
                "3"
            ]
        },
        {
            "speaker": "医生",
            "sentence": "是的",
            "label": "OO",
            "normalized": [],
            "type": []
        },
        {
            "speaker": "患者",
            "sentence": "一般正常着凉发烧的话多久能好啊",
            "label": "OOOOOOBIIOOOOOO",
            "normalized": [
                "发热"
            ],
            "type": [
                "1"
            ]
        },
        {
            "speaker": "医生",
            "sentence": "一般上呼吸道感染需要3-5天",
            "label": "OOBIIIIIOOOOOO",
            "normalized": [
                "上呼吸道感染"
            ],
            "type": [
                "3"
            ]
        },
        {
            "speaker": "患者",
            "sentence": "饮食要清淡奶粉可以喝么",
            "label": "OOOOOOOOOOO",
            "normalized": [],
            "type": []
        },
        {
            "speaker": "医生",
            "sentence": "可以的",
            "label": "OOO",
            "normalized": [],
            "type": []
        },
        {
            "speaker": "患者",
            "sentence": "嗯好的",
            "label": "OOO",
            "normalized": [],
            "type": []
        },
        {
            "speaker": "医生",
            "sentence": "祝宝宝健康成长",
            "label": "OOOOOOO",
            "normalized": [],
            "type": []
        },
        {
            "speaker": "医生",
            "sentence": "有事随时联系",
            "label": "OOOOOO",
            "normalized": [],
            "type": []
        },
        {
            "speaker": "医生",
            "sentence": "你好，宝宝体温正常了吗",
            "label": "OOOOOOOOOOO",
            "normalized": [],
            "type": []
        }
    ]
}