{
    "data-split": "train",
    "example-id": "10746836",
    "dialogue-content": [
        {
            "speaker": "医生",
            "sentence": "你好，宝贝最高体温是多少呢？",
            "label": "OOOOOOOOOOOOOO",
            "normalized": [],
            "type": []
        },
        {
            "speaker": "医生",
            "sentence": "为了更好的提供服务，我需要询问您几个与病症相关的问题，感谢您配合。",
            "label": "OOOOOOOOOOOOOOOOOOOOOOOOOOOOOOOOO",
            "normalized": [],
            "type": []
        },
        {
            "speaker": "医生",
            "sentence": "孩子最近有没有着凉或接触感冒症状的人？",
            "label": "OOOOOOOOOOOOBIOOOOO",
            "normalized": [
                "普通感冒"
            ],
            "type": [
                "3"
            ]
        },
        {
            "speaker": "患者",
            "sentence": "初次38度多，后续都是37度多",
            "label": "OOBIIIOOOOOBIII",
            "normalized": [
                "中等度热",
                "低热"
            ],
            "type": [
                "1",
                "1"
            ]
        },
        {
            "speaker": "患者",
            "sentence": "今晚37.6",
            "label": "OOBIII",
            "normalized": [
                "低热"
            ],
            "type": [
                "1"
            ]
        },
        {
            "speaker": "医生",
            "sentence": "嗯，这样反复发热大约几天了？",
            "label": "OOOOBIIIOOOOOO",
            "normalized": [
                "发热"
            ],
            "type": [
                "1"
            ]
        },
        {
            "speaker": "医生",
            "sentence": "宝贝有没有鼻塞流鼻涕打喷嚏？",
            "label": "OOOOOBIBIIBIIO",
            "normalized": [
                "鼻塞",
                "鼻流涕",
                "打喷嚏"
            ],
            "type": [
                "2",
                "2",
                "2"
            ]
        },
        {
            "speaker": "患者",
            "sentence": "四天了",
            "label": "OOO",
            "normalized": [],
            "type": []
        },
        {
            "speaker": "医生",
            "sentence": "嗯，宝贝现在精神状态怎么样？手脚温暖吗？",
            "label": "OOOOOOOOOOOOOOOOOOOO",
            "normalized": [],
            "type": []
        },
        {
            "speaker": "患者",
            "sentence": "咳嗽，没有症状",
            "label": "BIOOOOO",
            "normalized": [
                "咳嗽"
            ],
            "type": [
                "1"
            ]
        },
        {
            "speaker": "医生",
            "sentence": "宝贝夜间有没有爱出汗？出生后疫苗都接种了对吗？",
            "label": "OOOOOOOOBIOOOOOOOOOOOOO",
            "normalized": [
                "出汗"
            ],
            "type": [
                "3"
            ]
        },
        {
            "speaker": "患者",
            "sentence": "精神不错",
            "label": "OOOO",
            "normalized": [],
            "type": []
        },
        {
            "speaker": "医生",
            "sentence": "嗯，宝贝咳嗽厉害吗？有没有痰呢？大约一天咳嗽几次？",
            "label": "OOOOBIOOOOOOOBOOOOOOBIOOO",
            "normalized": [
                "咳嗽",
                "痰",
                "咳嗽"
            ],
            "type": [
                "1",
                "2",
                "1"
            ]
        },
        {
            "speaker": "患者",
            "sentence": "温暖",
            "label": "OO",
            "normalized": [],
            "type": []
        },
        {
            "speaker": "患者",
            "sentence": "不是很厉害",
            "label": "OOOOO",
            "normalized": [],
            "type": []
        },
        {
            "speaker": "医生",
            "sentence": "宝贝咳嗽影响孩子活动或睡觉吗？",
            "label": "OOBIOOOOOOOOOOO",
            "normalized": [
                "咳嗽"
            ],
            "type": [
                "1"
            ]
        },
        {
            "speaker": "医生",
            "sentence": "嗯",
            "label": "O",
            "normalized": [],
            "type": []
        },
        {
            "speaker": "患者",
            "sentence": "没有谈",
            "label": "OOO",
            "normalized": [],
            "type": []
        },
        {
            "speaker": "患者",
            "sentence": "一个小时咳嗽2-3次",
            "label": "OOOOBIOOOO",
            "normalized": [
                "咳嗽"
            ],
            "type": [
                "1"
            ]
        },
        {
            "speaker": "医生",
            "sentence": "孩子手脚口腔有没有皮疹呢？宝贝最近吃饭怎么样？大小便正常吗",
            "label": "OOOOOOOOOBIOOOOOOOOOOOOOOOOOO",
            "normalized": [
                "皮疹"
            ],
            "type": [
                "3"
            ]
        },
        {
            "speaker": "患者",
            "sentence": "没有影响",
            "label": "OOOO",
            "normalized": [],
            "type": []
        },
        {
            "speaker": "医生",
            "sentence": "嗯",
            "label": "O",
            "normalized": [],
            "type": []
        },
        {
            "speaker": "医生",
            "sentence": "发热是种症状，是体内杀菌细胞与细菌病毒做斗争的过程，是对机体的一种保护，当病毒被消灭了，体温也就稳定了",
            "label": "BIOOOOOOOOOOOOOOOOOOOOOOOOOOOOOOOOOOOOOOOOOOOOOOOOO",
            "normalized": [
                "发热"
            ],
            "type": [
                "1"
            ]
        },
        {
            "speaker": "医生",
            "sentence": "体温38.5以下手脚温暖可以多喂水，退热贴外用，或用温毛巾擦额头腋窝腹股沟物理降温，给孩子勤测体温！",
            "label": "OOOOOOOOOOOOOOOOOOOOOOOOOOOOOOOOOOOOOOOOOOOOOOOOOO",
            "normalized": [],
            "type": []
        },
        {
            "speaker": "患者",
            "sentence": "都正常",
            "label": "OOO",
            "normalized": [],
            "type": []
        },
        {
            "speaker": "医生",
            "sentence": "咳嗽也是是机体的一种保护性反应，人体通过咳嗽可以清除在气道的病毒，细菌，异物或炎症分泌物。",
            "label": "BIOOOOOOOOOOOOOOOOOOBIOOOOOOOOOOOOOOOOOOOOOOO",
            "normalized": [
                "咳嗽",
                "咳嗽"
            ],
            "type": [
                "1",
                "1"
            ]
        },
        {
            "speaker": "患者",
            "sentence": "？",
            "label": "O",
            "normalized": [],
            "type": []
        },
        {
            "speaker": "医生",
            "sentence": "最近有没有带宝宝看医生？做过检查吗有没有给宝宝吃药物呢？",
            "label": "OOOOOOOOOOOOOOOOOOOOOOOOOOOO",
            "normalized": [],
            "type": []
        },
        {
            "speaker": "医生",
            "sentence": "如果孩子咳嗽不严重，并不影响平时睡眠或日常活动，就没有必要服用止咳药物的",
            "label": "OOOOBIOOOOOOOOOOOOOOOOOOOOOOOOOOOOOO",
            "normalized": [
                "咳嗽"
            ],
            "type": [
                "1"
            ]
        },
        {
            "speaker": "患者",
            "sentence": "没做检查",
            "label": "OOOO",
            "normalized": [],
            "type": []
        },
        {
            "speaker": "医生",
            "sentence": "也就是说宝贝现在的主要症状就是低热，轻微咳嗽",
            "label": "OOOOOOOOOOOOOOOBIOOOBI",
            "normalized": [
                "低热",
                "咳嗽"
            ],
            "type": [
                "1",
                "1"
            ]
        },
        {
            "speaker": "患者",
            "sentence": "吃着减温的中成药",
            "label": "OOOOOOOO",
            "normalized": [],
            "type": []
        },
        {
            "speaker": "患者",
            "sentence": "止咳的中成药",
            "label": "OOOOOO",
            "normalized": [],
            "type": []
        },
        {
            "speaker": "患者",
            "sentence": "对",
            "label": "O",
            "normalized": [],
            "type": []
        },
        {
            "speaker": "医生",
            "sentence": "嗯，是医生给开的吗？医生听诊孩子气管有炎症吗？按什么疾病给宝宝治疗的？",
            "label": "OOOOOOOOOOOOOOOOOOOOOOOOOOOOOOOOOOO",
            "normalized": [],
            "type": []
        },
        {
            "speaker": "患者",
            "sentence": "药店开的",
            "label": "OOOO",
            "normalized": [],
            "type": []
        },
        {
            "speaker": "患者",
            "sentence": "没有听诊",
            "label": "OOOO",
            "normalized": [],
            "type": []
        },
        {
            "speaker": "医生",
            "sentence": "奥，宝贝这个情况还是考虑病毒或细菌感染引起的上呼吸道感染症状，一般会反复发热3-5天，5-7天明显好转",
            "label": "OOOOOOOOOOOOOOOBIIIOOOBIIIIIOOOOOOBIIIOOOOOOOOOOOOO",
            "normalized": [
                "细菌感染",
                "上呼吸道感染",
                "发热"
            ],
            "type": [
                "3",
                "3",
                "3"
            ]
        },
        {
            "speaker": "患者",
            "sentence": "好",
            "label": "O",
            "normalized": [],
            "type": []
        },
        {
            "speaker": "医生",
            "sentence": "嗯，孩子药物吃了几天了？有没有好转呢",
            "label": "OOOOOOOOOOOOOOOOOO",
            "normalized": [],
            "type": []
        }
    ]
}