{
    "data-split": "train",
    "example-id": "10419241",
    "dialogue-content": [
        {
            "speaker": "医生",
            "sentence": "你好",
            "label": "OO",
            "normalized": [],
            "type": []
        },
        {
            "speaker": "医生",
            "sentence": "我是您的接诊医生",
            "label": "OOOOOOOO",
            "normalized": [],
            "type": []
        },
        {
            "speaker": "医生",
            "sentence": "宝贝多大了呢",
            "label": "OOOOOO",
            "normalized": [],
            "type": []
        },
        {
            "speaker": "患者",
            "sentence": "十七个月",
            "label": "OOOO",
            "normalized": [],
            "type": []
        },
        {
            "speaker": "医生",
            "sentence": "最近吃什么不合适东西来吗？",
            "label": "OOOOOOOOOOOOO",
            "normalized": [],
            "type": []
        },
        {
            "speaker": "医生",
            "sentence": "生冷辛辣刺激食物油腻食物吃来吗",
            "label": "OOOOOOOOOOOOOOO",
            "normalized": [],
            "type": []
        },
        {
            "speaker": "患者",
            "sentence": "沒吃",
            "label": "OO",
            "normalized": [],
            "type": []
        },
        {
            "speaker": "医生",
            "sentence": "宝贝目前有没有呕吐症状呢",
            "label": "OOOOOOOBIOOO",
            "normalized": [
                "呕吐"
            ],
            "type": [
                "1"
            ]
        },
        {
            "speaker": "医生",
            "sentence": "主要是拉肚子吗？",
            "label": "OOOBIIOO",
            "normalized": [
                "腹泻"
            ],
            "type": [
                "1"
            ]
        },
        {
            "speaker": "患者",
            "sentence": "前二天吐了二次，昨天没吐，主要是拉肚子",
            "label": "OOOBOOOOOOBIOOOOBII",
            "normalized": [
                "呕吐",
                "呕吐",
                "腹泻"
            ],
            "type": [
                "1",
                "2",
                "1"
            ]
        },
        {
            "speaker": "医生",
            "sentence": "拉肚子一天几次呢",
            "label": "BIIOOOOO",
            "normalized": [
                "腹泻"
            ],
            "type": [
                "1"
            ]
        },
        {
            "speaker": "患者",
            "sentence": "今天早上七点拉了一次",
            "label": "OOOOOOBOOO",
            "normalized": [
                "腹泻"
            ],
            "type": [
                "1"
            ]
        },
        {
            "speaker": "医生",
            "sentence": "大便有没有粘液脓血之类的？有没有未消化得东西呢？颜色正常吗",
            "label": "OOOOOBIBIOOOOOOOOOOOOOOOOOOOO",
            "normalized": [
                "大便粘液",
                "脓血便"
            ],
            "type": [
                "3",
                "3"
            ]
        },
        {
            "speaker": "患者",
            "sentence": "有点不消化的东西，白色的",
            "label": "OOOOOOOOOOOO",
            "normalized": [],
            "type": []
        },
        {
            "speaker": "医生",
            "sentence": "嗯啊，宝贝这个主要是有点消化不良的表现",
            "label": "OOOOOOOOOOOOBIIIOOO",
            "normalized": [
                "消化不良"
            ],
            "type": [
                "3"
            ]
        },
        {
            "speaker": "医生",
            "sentence": "宝贝精神状态好吗？",
            "label": "OOOOOOOOO",
            "normalized": [],
            "type": []
        },
        {
            "speaker": "医生",
            "sentence": "尿量多吗",
            "label": "OOOO",
            "normalized": [],
            "type": []
        },
        {
            "speaker": "患者",
            "sentence": "沒原来好，尿还差不多",
            "label": "OOOOOOOOOO",
            "normalized": [],
            "type": []
        },
        {
            "speaker": "医生",
            "sentence": "多给宝贝喝点温水哈，",
            "label": "OOOOOOOOOO",
            "normalized": [],
            "type": []
        },
        {
            "speaker": "医生",
            "sentence": "期间看过医生吗？",
            "label": "OOOOOOOO",
            "normalized": [],
            "type": []
        },
        {
            "speaker": "患者",
            "sentence": "不肯吃东西",
            "label": "BIIII",
            "normalized": [
                "厌食"
            ],
            "type": [
                "1"
            ]
        },
        {
            "speaker": "医生",
            "sentence": "这个时候胃肠功能会影响所以能吃多少吃多少别强喂，清淡饮食为主奥，生冷辛辣刺激食物不能吃油腻食物不能吃奥",
            "label": "OOOOOOOOOOOOOOOOOOOOOOOOOOOOOOOOOOOOOOOOOOOOOOOOOOO",
            "normalized": [],
            "type": []
        },
        {
            "speaker": "患者",
            "sentence": "昨天问了一个医生",
            "label": "OOOOOOOO",
            "normalized": [],
            "type": []
        },
        {
            "speaker": "医生",
            "sentence": "如果没有看过面诊医生的话您目前可以给宝贝喝点益生菌，多喝点温水，可以再水里加点糖和盐，",
            "label": "OOOOOOOOOOOOOOOOOOOOOOOOOOOOOOOOOOOOOOOOOOO",
            "normalized": [],
            "type": []
        },
        {
            "speaker": "医生",
            "sentence": "多给宝贝热敷一下肚子，顺时针揉揉肚子，别着凉肚子，！",
            "label": "OOOOOOOOOOOOOOOOOOOOOOOOOO",
            "normalized": [],
            "type": []
        },
        {
            "speaker": "医生",
            "sentence": "如果宝贝精神状态好尿量多就问题不大，",
            "label": "OOOOOOOOOOOOOOOOOO",
            "normalized": [],
            "type": []
        },
        {
            "speaker": "患者",
            "sentence": "可以用生山楂炖苹果汁给他喝吗？",
            "label": "OOOOOOOOOOOOOOO",
            "normalized": [],
            "type": []
        },
        {
            "speaker": "医生",
            "sentence": "目前就可以给宝贝观察三天，如果症状不缓解或者加重及时带宝贝去儿内科就诊查个大便常规明确一下腹泻原因",
            "label": "OOOOOOOOOOOOOOOOOOOOOOOOOOOOOOOOOOOOOOOOOOOOOBIOO",
            "normalized": [
                "腹泻"
            ],
            "type": [
                "1"
            ]
        },
        {
            "speaker": "医生",
            "sentence": "那个别太凉了奥，",
            "label": "OOOOOOOO",
            "normalized": [],
            "type": []
        },
        {
            "speaker": "医生",
            "sentence": "您一定给宝贝把水喂下去，不爱喝的话可以换个喝水东西或者您可以用注射器喂水的奥",
            "label": "OOOOOOOOOOOOOOOOOOOOOOOOOOOOOOOOOOOOOO",
            "normalized": [],
            "type": []
        },
        {
            "speaker": "患者",
            "sentence": "昨天拉了四次，今天一次，就是不消化",
            "label": "OOOOOOOOOOOOOOOOO",
            "normalized": [],
            "type": []
        },
        {
            "speaker": "医生",
            "sentence": "嗯啊，所以吃点益生菌调节一下脾胃",
            "label": "OOOOOOOOOOOOOOOO",
            "normalized": [],
            "type": []
        },
        {
            "speaker": "医生",
            "sentence": "目前就是吃着点益生菌观察三天，再注意以上注意事项奥就可以了！",
            "label": "OOOOOOOOOOOOOOOOOOOOOOOOOOOOOO",
            "normalized": [],
            "type": []
        },
        {
            "speaker": "患者",
            "sentence": "还可以继续服蒙脱石散吗",
            "label": "OOOOOOOOOOO",
            "normalized": [],
            "type": []
        },
        {
            "speaker": "医生",
            "sentence": "那个可以停停，主要是调节胃肠功能",
            "label": "OOOOOOOOOOOOOOOO",
            "normalized": [],
            "type": []
        },
        {
            "speaker": "患者",
            "sentence": "好，谢谢！",
            "label": "OOOOO",
            "normalized": [],
            "type": []
        },
        {
            "speaker": "医生",
            "sentence": "如果三天症状不缓解或者加重查个大便常规之后再根据结果对症处理奥",
            "label": "OOOOOOOOOOOOOOOOOOOOOOOOOOOOOOO",
            "normalized": [],
            "type": []
        },
        {
            "speaker": "医生",
            "sentence": "不客气的，祝宝贝健康",
            "label": "OOOOOOOOOO",
            "normalized": [],
            "type": []
        },
        {
            "speaker": "患者",
            "sentence": "谢谢！",
            "label": "OOO",
            "normalized": [],
            "type": []
        },
        {
            "speaker": "医生",
            "sentence": "关于宝贝健康问题还有疑问吗？亲",
            "label": "OOOOOOOOOOOOOOO",
            "normalized": [],
            "type": []
        }
    ]
}