{
    "data-split": "train",
    "example-id": "10343611",
    "dialogue-content": [
        {
            "speaker": "医生",
            "sentence": "你好",
            "label": "OO",
            "normalized": [],
            "type": []
        },
        {
            "speaker": "患者",
            "sentence": "二个月宝宝咳嗽感觉嗓子有痰可以喝京都念慈菴枇杷膏吗？调的很稀的那种水喂宝宝可以吗？",
            "label": "OOOOOBIOOOOBIOOOOOOOOOOOOOOOOOOOOOOOOOOOO",
            "normalized": [
                "咳嗽",
                "痰"
            ],
            "type": [
                "1",
                "1"
            ]
        },
        {
            "speaker": "医生",
            "sentence": "如果你家中还有其他的药物，尽量不选择枇杷膏",
            "label": "OOOOOOOOOOOOOOOOOOOOO",
            "normalized": [],
            "type": []
        },
        {
            "speaker": "医生",
            "sentence": "这孩子咳嗽症状重吗",
            "label": "OOOBIOOOO",
            "normalized": [
                "咳嗽"
            ],
            "type": [
                "1"
            ]
        },
        {
            "speaker": "患者",
            "sentence": "喂了易坦静",
            "label": "OOOOO",
            "normalized": [],
            "type": []
        },
        {
            "speaker": "医生",
            "sentence": "目前精神状态怎么样",
            "label": "OOOOOOOOO",
            "normalized": [],
            "type": []
        },
        {
            "speaker": "医生",
            "sentence": "易坦静是可以给孩子喝的，这个药当中含有氨溴索，有化痰止咳的作用",
            "label": "OOOOOOOOOOOOOOOOOOOOOOOOOOOOOOO",
            "normalized": [],
            "type": []
        },
        {
            "speaker": "医生",
            "sentence": "如果已经口服了易坦静，那就没有必要口服枇杷膏了",
            "label": "OOOOOOOOOOOOOOOOOOOOOOO",
            "normalized": [],
            "type": []
        },
        {
            "speaker": "患者",
            "sentence": "精神状况很好吃奶也可以大小便都正常嗓子有呼哧呼哧吼吼的声音",
            "label": "OOOOOOOOOOOOOOOOOOOOOOOOOOOOO",
            "normalized": [],
            "type": []
        },
        {
            "speaker": "医生",
            "sentence": "也就是说这个孩子仅仅嗓子眼儿有痰，出现呼噜呼噜的声音告诉症状不是特别的重？",
            "label": "OOOOOOOOOOOOOOBIOOOBIIIOOOOOOOOOOOOOO",
            "normalized": [
                "痰",
                "粗糙呼吸音"
            ],
            "type": [
                "1",
                "1"
            ]
        },
        {
            "speaker": "患者",
            "sentence": "还好睡着都没有就是醒着的时候使劲有",
            "label": "OOOOOOOOOOOOOOOOO",
            "normalized": [],
            "type": []
        },
        {
            "speaker": "医生",
            "sentence": "那需要多给孩子喝水的，勤拍背，促进痰液的排出，另外需要保持室内的湿度高一些",
            "label": "OOOOOOOOOOOOOOOOOBOOOOOOOOOOOOOOOOOOO",
            "normalized": [
                "痰"
            ],
            "type": [
                "1"
            ]
        },
        {
            "speaker": "医生",
            "sentence": "这个年龄段的孩子由于咳嗽反射比较弱，痰液不容易排出，如果气道当中有分泌物很容易出现呼噜呼噜的声音",
            "label": "OOOOOOOOOOBIOOOOOOBOOOOOOOOOOOOOOOOOOOOOOBIIIOOO",
            "normalized": [
                "咳嗽",
                "痰",
                "粗糙呼吸音"
            ],
            "type": [
                "1",
                "1",
                "1"
            ]
        },
        {
            "speaker": "患者",
            "sentence": "每次该喝多少水啊？",
            "label": "OOOOOOOOO",
            "normalized": [],
            "type": []
        },
        {
            "speaker": "医生",
            "sentence": "母乳喂养的孩子也需要适当的多给孩子喝水，每次喝十五毫升到二十毫升，每天3到4次",
            "label": "OOOOOOOOOOOOOOOOOOOOOOOOOOOOOOOOOOOOOOO",
            "normalized": [],
            "type": []
        },
        {
            "speaker": "医生",
            "sentence": "多喝水可以促进痰液的排出，使痰液变稀",
            "label": "OOOOOOOBOOOOOOBOOO",
            "normalized": [
                "痰",
                "痰"
            ],
            "type": [
                "1",
                "1"
            ]
        },
        {
            "speaker": "患者",
            "sentence": "不发烧需要去医院吗",
            "label": "OBIOOOOOO",
            "normalized": [
                "发热"
            ],
            "type": [
                "3"
            ]
        },
        {
            "speaker": "医生",
            "sentence": "那这个孩子出现上述症状多长时间了",
            "label": "OOOOOOOOOOOOOOOO",
            "normalized": [],
            "type": []
        },
        {
            "speaker": "患者",
            "sentence": "昨天",
            "label": "OO",
            "normalized": [],
            "type": []
        },
        {
            "speaker": "医生",
            "sentence": "如果孩子精神状态好，吃奶正常，偶尔有咳嗽的情况，应该问题不大的，不需要到医院就诊",
            "label": "OOOOOOOOOOOOOOOOOOBIOOOOOOOOOOOOOOOOOOOO",
            "normalized": [
                "咳嗽"
            ],
            "type": [
                "1"
            ]
        },
        {
            "speaker": "医生",
            "sentence": "那这个孩子出现上述症状之前有没有受凉的情况？家里的大人有没有呼吸道感染的情况",
            "label": "OOOOOOOOOOOOOOOOOOOOOOOOOOOOOOOOOOOOOO",
            "normalized": [],
            "type": []
        },
        {
            "speaker": "患者",
            "sentence": "就怕带去医院交叉感染",
            "label": "OOOOOOOOOO",
            "normalized": [],
            "type": []
        },
        {
            "speaker": "医生",
            "sentence": "对呀",
            "label": "OO",
            "normalized": [],
            "type": []
        },
        {
            "speaker": "医生",
            "sentence": "现在医院当中的病号特别多呀，还容易交叉感染",
            "label": "OOOOOOOOOOOOOOOOOOOOO",
            "normalized": [],
            "type": []
        },
        {
            "speaker": "患者",
            "sentence": "家里有感冒咳嗽的",
            "label": "OOOOOOOO",
            "normalized": [],
            "type": []
        },
        {
            "speaker": "医生",
            "sentence": "如果家中的大人有呼吸道感染的情况，这孩子出现上述症状应该考虑感冒了",
            "label": "OOOOOOOOOOOOOOOOOOOOOOOOOOOOOOBIO",
            "normalized": [
                "普通感冒"
            ],
            "type": [
                "3"
            ]
        },
        {
            "speaker": "医生",
            "sentence": "需要给孩子口服小儿伪麻美芬口服液",
            "label": "OOOOOOOOOOOOOOOO",
            "normalized": [],
            "type": []
        },
        {
            "speaker": "患者",
            "sentence": "没有流鼻涕",
            "label": "OOBII",
            "normalized": [
                "鼻流涕"
            ],
            "type": [
                "2"
            ]
        },
        {
            "speaker": "医生",
            "sentence": "另外，就是采用上面我给你说的方法",
            "label": "OOOOOOOOOOOOOOOO",
            "normalized": [],
            "type": []
        },
        {
            "speaker": "医生",
            "sentence": "虽然说这个孩子没有流鼻涕的情况，但是有咳嗽啊，嗓子眼有痰呢",
            "label": "OOOOOOOOOBIIOOOOOOOBIOOOOOBIO",
            "normalized": [
                "鼻流涕",
                "咳嗽",
                "痰"
            ],
            "type": [
                "2",
                "1",
                "1"
            ]
        },
        {
            "speaker": "患者",
            "sentence": "才二个月能不能吃太多的药啊？",
            "label": "OOOOOOOOOOOOOO",
            "normalized": [],
            "type": []
        },
        {
            "speaker": "医生",
            "sentence": "是的",
            "label": "OO",
            "normalized": [],
            "type": []
        },
        {
            "speaker": "医生",
            "sentence": "就是因为孩子年龄小，才需要积极的治疗",
            "label": "OOOOOOOOOOOOOOOOOO",
            "normalized": [],
            "type": []
        },
        {
            "speaker": "患者",
            "sentence": "口服小儿伪麻美芬口服液易坦静还需要喝吗",
            "label": "OOOOOOOOOOOOOOOOOOO",
            "normalized": [],
            "type": []
        },
        {
            "speaker": "医生",
            "sentence": "如果口服小儿伪麻美芬口服液，那就没有必要吃易坦静了",
            "label": "OOOOOOOOOOOOOOOOOOOOOOOOO",
            "normalized": [],
            "type": []
        },
        {
            "speaker": "患者",
            "sentence": "过年家里亲戚好几个感冒咳嗽我该怎么给宝宝护理啊",
            "label": "OOOOOOOOOOOOOOOOOOOOOOO",
            "normalized": [],
            "type": []
        },
        {
            "speaker": "医生",
            "sentence": "避免跟这个孩子接触，尽可能隔离",
            "label": "OOOOOOOOOOOOOOO",
            "normalized": [],
            "type": []
        },
        {
            "speaker": "医生",
            "sentence": "如果家里的大人有呼吸道感染的情况，应该佩戴口罩的",
            "label": "OOOOOOOOOOOOOOOOOOOOOOOO",
            "normalized": [],
            "type": []
        },
        {
            "speaker": "医生",
            "sentence": "家中要多开窗通风啊",
            "label": "OOOOOOOOO",
            "normalized": [],
            "type": []
        },
        {
            "speaker": "医生",
            "sentence": "这样可以保持新鲜的空气，避免传染给孩子，毕竟这个孩子年龄太小了",
            "label": "OOOOOOOOOOOOOOOOOOOOOOOOOOOOOOO",
            "normalized": [],
            "type": []
        }
    ]
}