{
    "data-split": "train",
    "example-id": "10847204",
    "dialogue-content": [
        {
            "speaker": "医生",
            "sentence": "你好。",
            "label": "OOO",
            "normalized": [],
            "type": []
        },
        {
            "speaker": "患者",
            "sentence": "你好",
            "label": "OO",
            "normalized": [],
            "type": []
        },
        {
            "speaker": "患者",
            "sentence": "？？？",
            "label": "OOO",
            "normalized": [],
            "type": []
        },
        {
            "speaker": "医生",
            "sentence": "孩子出现鼻塞咳嗽。要考虑家属感染，引起来的感冒。",
            "label": "OOOOBIBIOOOOOOOOOOOOOBIO",
            "normalized": [
                "鼻塞",
                "咳嗽",
                "普通感冒"
            ],
            "type": [
                "1",
                "1",
                "1"
            ]
        },
        {
            "speaker": "患者",
            "sentence": "是啊",
            "label": "OO",
            "normalized": [],
            "type": []
        },
        {
            "speaker": "医生",
            "sentence": "恶心和呛咳。也是小儿感冒的一个表现。",
            "label": "BIOBIOOOOOOOOOOOOO",
            "normalized": [
                "恶心",
                "咳嗽"
            ],
            "type": [
                "3",
                "3"
            ]
        },
        {
            "speaker": "患者",
            "sentence": "这个知道一般感冒不是七天左右就好的",
            "label": "OOOOOOBIOOOOOOOOO",
            "normalized": [
                "普通感冒"
            ],
            "type": [
                "1"
            ]
        },
        {
            "speaker": "患者",
            "sentence": "现在已二十天了",
            "label": "OOOOOOO",
            "normalized": [],
            "type": []
        },
        {
            "speaker": "医生",
            "sentence": "已经感冒20天了，目前还有什么症状吗？",
            "label": "OOBIOOOOOOOOOOOOOOO",
            "normalized": [
                "普通感冒"
            ],
            "type": [
                "1"
            ]
        },
        {
            "speaker": "患者",
            "sentence": "有点漾奶",
            "label": "OOOO",
            "normalized": [],
            "type": []
        },
        {
            "speaker": "患者",
            "sentence": "没别的还是持续开始的症状",
            "label": "OOOOOOOOOOOO",
            "normalized": [],
            "type": []
        },
        {
            "speaker": "医生",
            "sentence": "如果目前还是有鼻塞，咳嗽那么考虑感冒没有好，而且时间比较长的话，怕引起气管炎症",
            "label": "OOOOOOOBIOBIOOOOBIOOOOOOOOOOOOOOOOOOOOO",
            "normalized": [
                "鼻塞",
                "咳嗽",
                "普通感冒"
            ],
            "type": [
                "1",
                "1",
                "1"
            ]
        },
        {
            "speaker": "患者",
            "sentence": "鼻塞呢睡觉不鼻塞的呼吸平稳咳嗽一天大概咳四五次",
            "label": "BIOOOOBIOOOOOBIOOOOBOOO",
            "normalized": [
                "鼻塞",
                "鼻塞",
                "咳嗽",
                "咳嗽"
            ],
            "type": [
                "1",
                "1",
                "1",
                "1"
            ]
        },
        {
            "speaker": "医生",
            "sentence": "一般来说两个月之内的宝宝应该没有什么咳嗽，目前时间长了，我考虑支气管炎的可能性大。",
            "label": "OOOOOOOOOOOOOOOOOOBIOOOOOOOOOOOBIIIOOOOOO",
            "normalized": [
                "咳嗽",
                "支气管炎"
            ],
            "type": [
                "1",
                "3"
            ]
        },
        {
            "speaker": "患者",
            "sentence": "家里的益生菌能吃吗",
            "label": "OOOOOOOOO",
            "normalized": [],
            "type": []
        },
        {
            "speaker": "患者",
            "sentence": "我们现在两个月十二天",
            "label": "OOOOOOOOOO",
            "normalized": [],
            "type": []
        },
        {
            "speaker": "患者",
            "sentence": "那泡澡能泡的好吗",
            "label": "OOOOOOOO",
            "normalized": [],
            "type": []
        },
        {
            "speaker": "医生",
            "sentence": "两个月出现每天的4到5咳嗽也不正常。",
            "label": "OOOOOOOOOOOBIOOOOO",
            "normalized": [
                "咳嗽"
            ],
            "type": [
                "1"
            ]
        },
        {
            "speaker": "患者",
            "sentence": "需要挂水吗",
            "label": "OOOOO",
            "normalized": [],
            "type": []
        },
        {
            "speaker": "医生",
            "sentence": "因为孩子小，建议吃药治疗，怕病情加重。",
            "label": "OOOOOOOOOOOOOOOOOOO",
            "normalized": [],
            "type": []
        },
        {
            "speaker": "患者",
            "sentence": "哦哦",
            "label": "OO",
            "normalized": [],
            "type": []
        },
        {
            "speaker": "患者",
            "sentence": "好的",
            "label": "OO",
            "normalized": [],
            "type": []
        },
        {
            "speaker": "医生",
            "sentence": "建议给宝宝吃上双黄连口服液，每次2毫升一天三次治疗炎症。肺力咳合剂，治疗咳嗽。生理海水鼻喷剂，治疗鼻塞。假如治疗三天不减轻或是克咳嗽加重，建议及时去医院儿科就诊。益生菌可以吃的",
            "label": "OOOOOOOOOOOOOOOOOOOOOOOOOOOOOOOOOOOOBIOOOOOOOOOOOBIOOOOOOOOOOOOOBIOOOOOOOOOOOOOOOOOOOOOO",
            "normalized": [
                "咳嗽",
                "鼻塞",
                "咳嗽"
            ],
            "type": [
                "1",
                "1",
                "1"
            ]
        }
    ]
}