{
    "data-split": "train",
    "example-id": "10343579",
    "dialogue-content": [
        {
            "speaker": "医生",
            "sentence": "你好！",
            "label": "OOO",
            "normalized": [],
            "type": []
        },
        {
            "speaker": "患者",
            "sentence": "宝宝两个月大，最近几天眼屎特别多，黏在眼球上，鼻子也堵的厉害，不知道是感冒了还是鼻泪管堵塞？",
            "label": "OOOOOOOOOOOOOOOOOOOOOOOBIIIOOOOOOOOBIOOOOOOOOO",
            "normalized": [
                "鼻塞",
                "普通感冒"
            ],
            "type": [
                "1",
                "3"
            ]
        },
        {
            "speaker": "医生",
            "sentence": "发烧吗？",
            "label": "BIOO",
            "normalized": [
                "发热"
            ],
            "type": [
                "2"
            ]
        },
        {
            "speaker": "患者",
            "sentence": "不发烧",
            "label": "OBI",
            "normalized": [
                "发热"
            ],
            "type": [
                "2"
            ]
        },
        {
            "speaker": "医生",
            "sentence": "流鼻涕吗？",
            "label": "BIIOO",
            "normalized": [
                "鼻流涕"
            ],
            "type": [
                "2"
            ]
        },
        {
            "speaker": "患者",
            "sentence": "流不出来",
            "label": "OOOO",
            "normalized": [],
            "type": []
        },
        {
            "speaker": "医生",
            "sentence": "咳嗽吗？",
            "label": "BIOO",
            "normalized": [
                "咳嗽"
            ],
            "type": [
                "1"
            ]
        },
        {
            "speaker": "患者",
            "sentence": "很少流出来",
            "label": "OOOOO",
            "normalized": [],
            "type": []
        },
        {
            "speaker": "医生",
            "sentence": "家里人有感冒的吗？",
            "label": "OOOOOOOOO",
            "normalized": [],
            "type": []
        },
        {
            "speaker": "患者",
            "sentence": "偶尔，每次鼻子不通气了就会让他咳嗽",
            "label": "OOOOOBIIIIOOOOOBI",
            "normalized": [
                "鼻塞",
                "咳嗽"
            ],
            "type": [
                "1",
                "1"
            ]
        },
        {
            "speaker": "患者",
            "sentence": "他爸爸感冒还没好",
            "label": "OOOOOOOO",
            "normalized": [],
            "type": []
        },
        {
            "speaker": "患者",
            "sentence": "眼屎多得很",
            "label": "OOOOO",
            "normalized": [],
            "type": []
        },
        {
            "speaker": "医生",
            "sentence": "孩子这种情况几天了",
            "label": "OOOOOOOOO",
            "normalized": [],
            "type": []
        },
        {
            "speaker": "患者",
            "sentence": "4，5天了",
            "label": "OOOOO",
            "normalized": [],
            "type": []
        },
        {
            "speaker": "医生",
            "sentence": "去医院检查过吗？",
            "label": "OOOOOOOO",
            "normalized": [],
            "type": []
        },
        {
            "speaker": "患者",
            "sentence": "还没有",
            "label": "OOO",
            "normalized": [],
            "type": []
        },
        {
            "speaker": "医生",
            "sentence": "用过药吗？",
            "label": "OOOOO",
            "normalized": [],
            "type": []
        },
        {
            "speaker": "患者",
            "sentence": "有人说是泪囊炎，晚上滴了一次托百士",
            "label": "OOOOOOOOOOOOOOOOO",
            "normalized": [],
            "type": []
        },
        {
            "speaker": "医生",
            "sentence": "根据你说的情况，还是像有泪囊炎的。",
            "label": "OOOOOOOOOOOOOOOOO",
            "normalized": [],
            "type": []
        },
        {
            "speaker": "医生",
            "sentence": "不像是感冒的",
            "label": "OOOBIO",
            "normalized": [
                "普通感冒"
            ],
            "type": [
                "3"
            ]
        },
        {
            "speaker": "患者",
            "sentence": "开始以为是上火，但是每天都有吃清清宝",
            "label": "OOOOOOOOOOOOOOOOOO",
            "normalized": [],
            "type": []
        },
        {
            "speaker": "医生",
            "sentence": "感冒，是以鼻塞流涕为主。",
            "label": "BIOOOBIBIOOO",
            "normalized": [
                "普通感冒",
                "鼻塞",
                "鼻流涕"
            ],
            "type": [
                "3",
                "1",
                "2"
            ]
        },
        {
            "speaker": "患者",
            "sentence": "他就是鼻塞很严重",
            "label": "OOOBIOOO",
            "normalized": [
                "鼻塞"
            ],
            "type": [
                "1"
            ]
        },
        {
            "speaker": "医生",
            "sentence": "可以继续用药观察两天。",
            "label": "OOOOOOOOOOO",
            "normalized": [],
            "type": []
        },
        {
            "speaker": "患者",
            "sentence": "鼻涕流不出来",
            "label": "BIOOOO",
            "normalized": [
                "鼻流涕"
            ],
            "type": [
                "2"
            ]
        },
        {
            "speaker": "医生",
            "sentence": "可能是泪囊管堵塞引起的比赛。",
            "label": "OOOOOOOOOOOOOO",
            "normalized": [],
            "type": []
        },
        {
            "speaker": "医生",
            "sentence": "对不起，打错字了，引起的鼻塞。",
            "label": "OOOOOOOOOOOOBIO",
            "normalized": [
                "鼻塞"
            ],
            "type": [
                "1"
            ]
        },
        {
            "speaker": "患者",
            "sentence": "如果不是泪囊炎对眼睛有伤害吗",
            "label": "OOOOOOOOOOOOOO",
            "normalized": [],
            "type": []
        },
        {
            "speaker": "医生",
            "sentence": "没有伤害的",
            "label": "OOOOO",
            "normalized": [],
            "type": []
        },
        {
            "speaker": "患者",
            "sentence": "太纠结了",
            "label": "OOOO",
            "normalized": [],
            "type": []
        },
        {
            "speaker": "患者",
            "sentence": "哦哦好的谢谢了",
            "label": "OOOOOOO",
            "normalized": [],
            "type": []
        },
        {
            "speaker": "医生",
            "sentence": "用上两天的药，如果不见好转就去医院检查一下。",
            "label": "OOOOOOOOOOOOOOOOOOOOOO",
            "normalized": [],
            "type": []
        },
        {
            "speaker": "医生",
            "sentence": "你好！",
            "label": "OOO",
            "normalized": [],
            "type": []
        },
        {
            "speaker": "患者",
            "sentence": "宝宝两个月大，前几天天眼屎特别多，黏在眼球上，鼻子也堵的厉害，您叫我买了托百士滴眼睛，眼睛的眼屎真的没了，但是鼻子一样堵，有鼻屎，还有点咳嗽，眼睛里还有眼泪，体温今天一测37.3怎么办，以前他的体温都只有36.5度左右，摸摸小手都有点烫",
            "label": "OOOOOOOOOOOOOOOOOOOOOOOBIIIOOOOOOOOOOOOOOOOOOOOOOOOOOOOBIIIIOOOOOOOOBIOOOOOOOOOOOOOOOBIIIOOOOOOOOOOOOOOOOOOOOOOOOOOOOO",
            "normalized": [
                "鼻塞",
                "鼻塞",
                "咳嗽",
                "低热"
            ],
            "type": [
                "1",
                "1",
                "1",
                "1"
            ]
        },
        {
            "speaker": "医生",
            "sentence": "根据你说的情况有点儿低烧，咳嗽，这还是有感冒的情况。",
            "label": "OOOOOOOOOOBIOBIOOOOOBIOOOO",
            "normalized": [
                "低热",
                "咳嗽",
                "普通感冒"
            ],
            "type": [
                "1",
                "1",
                "1"
            ]
        },
        {
            "speaker": "医生",
            "sentence": "发烧咳嗽几天啦",
            "label": "BIBIOOO",
            "normalized": [
                "发热",
                "咳嗽"
            ],
            "type": [
                "1",
                "1"
            ]
        },
        {
            "speaker": "医生",
            "sentence": "吃奶怎么样？",
            "label": "OOOOOO",
            "normalized": [],
            "type": []
        },
        {
            "speaker": "患者",
            "sentence": "咳嗽还是有四五天，体温应该是昨晚才37.3的",
            "label": "BIOOOOOOOOOOOOOOOBIIIO",
            "normalized": [
                "咳嗽",
                "低热"
            ],
            "type": [
                "1",
                "1"
            ]
        },
        {
            "speaker": "医生",
            "sentence": "今天体温偏高还是有发烧的。",
            "label": "OOOOOOOOOBIIO",
            "normalized": [
                "发热"
            ],
            "type": [
                "1"
            ]
        },
        {
            "speaker": "患者",
            "sentence": "吃奶少了",
            "label": "OOOO",
            "normalized": [],
            "type": []
        },
        {
            "speaker": "医生",
            "sentence": "咳嗽严重吧，睡觉的时候咳嗽吗？",
            "label": "BIOOOOOOOOOBIOO",
            "normalized": [
                "咳嗽",
                "咳嗽"
            ],
            "type": [
                "1",
                "1"
            ]
        },
        {
            "speaker": "患者",
            "sentence": "咳嗽，但是不是很严重，一晚上几次",
            "label": "BIOOOOOOOOOOOOOO",
            "normalized": [
                "咳嗽"
            ],
            "type": [
                "1"
            ]
        },
        {
            "speaker": "医生",
            "sentence": "应该是上抗感冒的药",
            "label": "OOOOOOOOO",
            "normalized": [],
            "type": []
        },
        {
            "speaker": "患者",
            "sentence": "什么？",
            "label": "OOO",
            "normalized": [],
            "type": []
        },
        {
            "speaker": "医生",
            "sentence": "应该吃上抗感冒的药",
            "label": "OOOOOOOOO",
            "normalized": [],
            "type": []
        },
        {
            "speaker": "医生",
            "sentence": "现在吃着药了吗？",
            "label": "OOOOOOOO",
            "normalized": [],
            "type": []
        },
        {
            "speaker": "患者",
            "sentence": "没有具体名字吗",
            "label": "OOOOOOO",
            "normalized": [],
            "type": []
        },
        {
            "speaker": "患者",
            "sentence": "没吃",
            "label": "OO",
            "normalized": [],
            "type": []
        },
        {
            "speaker": "医生",
            "sentence": "可以吃上小儿感冒冲剂和氨溴特罗口服液，治疗感冒的。",
            "label": "OOOOOOOOOOOOOOOOOOOOOOOOO",
            "normalized": [],
            "type": []
        },
        {
            "speaker": "医生",
            "sentence": "仔细看说明，按说明书吃。",
            "label": "OOOOOOOOOOOO",
            "normalized": [],
            "type": []
        },
        {
            "speaker": "患者",
            "sentence": "哦好吧",
            "label": "OOO",
            "normalized": [],
            "type": []
        },
        {
            "speaker": "医生",
            "sentence": "每天用热毛巾热敷鼻孔，让孩子吸热气，可以缓解鼻塞的。",
            "label": "OOOOOOOOOOOOOOOOOOOOOOBIOO",
            "normalized": [
                "鼻塞"
            ],
            "type": [
                "1"
            ]
        },
        {
            "speaker": "医生",
            "sentence": "吃上两到三天观察体温的变化。如果持续发烧就应该去医院检查一下。",
            "label": "OOOOOOOOOOOOOOOOOOBIOOOOOOOOOOO",
            "normalized": [
                "发热"
            ],
            "type": [
                "1"
            ]
        },
        {
            "speaker": "医生",
            "sentence": "孩子小抵抗力差，感冒以后容易引起气管炎和肺炎。",
            "label": "OOOOOOOOBIOOOOOOBIIOBIO",
            "normalized": [
                "普通感冒",
                "支气管炎",
                "肺炎"
            ],
            "type": [
                "1",
                "3",
                "3"
            ]
        },
        {
            "speaker": "医生",
            "sentence": "体温超过38°以上可以吃上布洛芬颗粒，退烧的。",
            "label": "OOOOOOOOOOOOOOOOOOOOOOO",
            "normalized": [],
            "type": []
        },
        {
            "speaker": "医生",
            "sentence": "你好！",
            "label": "OOO",
            "normalized": [],
            "type": []
        }
    ]
}