{
    "data-split": "train",
    "example-id": "10663648",
    "dialogue-content": [
        {
            "speaker": "医生",
            "sentence": "你好",
            "label": "OO",
            "normalized": [],
            "type": []
        },
        {
            "speaker": "医生",
            "sentence": "宝宝有没有着凉",
            "label": "OOOOOOO",
            "normalized": [],
            "type": []
        },
        {
            "speaker": "患者",
            "sentence": "没有，不流鼻涕",
            "label": "OOOOBII",
            "normalized": [
                "鼻流涕"
            ],
            "type": [
                "2"
            ]
        },
        {
            "speaker": "医生",
            "sentence": "宝宝除了发热还有什么症状",
            "label": "OOOOBIOOOOOO",
            "normalized": [
                "发热"
            ],
            "type": [
                "1"
            ]
        },
        {
            "speaker": "医生",
            "sentence": "有没有咳嗽",
            "label": "OOOBI",
            "normalized": [
                "咳嗽"
            ],
            "type": [
                "2"
            ]
        },
        {
            "speaker": "医生",
            "sentence": "有没有腹泻",
            "label": "OOOBI",
            "normalized": [
                "腹泻"
            ],
            "type": [
                "1"
            ]
        },
        {
            "speaker": "患者",
            "sentence": "晚上开空调有时可能会盖不好",
            "label": "OOOOOOOOOOOOO",
            "normalized": [],
            "type": []
        },
        {
            "speaker": "患者",
            "sentence": "有，昨天一直拉肚子",
            "label": "OOOOOOBII",
            "normalized": [
                "腹泻"
            ],
            "type": [
                "1"
            ]
        },
        {
            "speaker": "医生",
            "sentence": "这样有可能着凉",
            "label": "OOOOOOO",
            "normalized": [],
            "type": []
        },
        {
            "speaker": "患者",
            "sentence": "不咳嗽",
            "label": "OBI",
            "normalized": [
                "咳嗽"
            ],
            "type": [
                "2"
            ]
        },
        {
            "speaker": "医生",
            "sentence": "宝宝大便什么形状的",
            "label": "OOOOOOOOO",
            "normalized": [],
            "type": []
        },
        {
            "speaker": "医生",
            "sentence": "是水样便还是粥样便",
            "label": "OBIIOOBII",
            "normalized": [
                "水样便",
                "粥样便"
            ],
            "type": [
                "2",
                "1"
            ]
        },
        {
            "speaker": "患者",
            "sentence": "我看嗓子还有点红",
            "label": "OOOOOOOO",
            "normalized": [],
            "type": []
        },
        {
            "speaker": "患者",
            "sentence": "粥样",
            "label": "BI",
            "normalized": [
                "粥样便"
            ],
            "type": [
                "1"
            ]
        },
        {
            "speaker": "医生",
            "sentence": "咽喉部有没有皮疹",
            "label": "OOOOOOBI",
            "normalized": [
                "皮疹"
            ],
            "type": [
                "2"
            ]
        },
        {
            "speaker": "医生",
            "sentence": "咽喉部有没有疱疹",
            "label": "OOOOOOBI",
            "normalized": [
                "疱疹"
            ],
            "type": [
                "2"
            ]
        },
        {
            "speaker": "患者",
            "sentence": "看着没有，就是有点红",
            "label": "OOOOOOOOOO",
            "normalized": [],
            "type": []
        },
        {
            "speaker": "医生",
            "sentence": "从描述情况，宝宝咽喉部红，伴有发热，属于呼吸道感染症状",
            "label": "OOOOOOOOBIIIOOOBIOOOBIIIIOO",
            "normalized": [
                "咽喉炎",
                "发热",
                "呼吸道感染"
            ],
            "type": [
                "1",
                "1",
                "1"
            ]
        },
        {
            "speaker": "医生",
            "sentence": "宝宝有着凉鼻塞，考虑宝宝上呼吸道感染",
            "label": "OOOOOBIOOOOOBIIIII",
            "normalized": [
                "鼻塞",
                "上呼吸道感染"
            ],
            "type": [
                "1",
                "3"
            ]
        },
        {
            "speaker": "医生",
            "sentence": "病程一天，处于急性期。与以前疱疹性咽峡炎无关",
            "label": "OOOOOOOOOOOOOOBIIIIIOO",
            "normalized": [
                "咽峡炎"
            ],
            "type": [
                "1"
            ]
        },
        {
            "speaker": "患者",
            "sentence": "早上烧38℃左右，我给吃的头孢克洛，利巴韦林颗粒，布洛芬颗粒",
            "label": "OOBIIIOOOOOOOOOOOOOOOOOOOOOOOO",
            "normalized": [
                "中等度热"
            ],
            "type": [
                "1"
            ]
        },
        {
            "speaker": "医生",
            "sentence": "建议带宝宝到公立医院儿科合理检查一下，详细了解宝宝咽喉部情况，最好化验一下血常规和CRP分析一下是病毒感染还是细菌感染",
            "label": "OOOOOOOOOOOOOOOOOOOOOOOOOOOOOOOOOOOOOOOOOOOOOOOOOBIIIOOBIII",
            "normalized": [
                "病毒感染",
                "细菌感染"
            ],
            "type": [
                "3",
                "3"
            ]
        },
        {
            "speaker": "患者",
            "sentence": "药效一过又烧39℃",
            "label": "OOOOOBIII",
            "normalized": [
                "高热"
            ],
            "type": [
                "1"
            ]
        },
        {
            "speaker": "医生",
            "sentence": "一般发热是由于病毒或细菌等病原体侵犯机体后，机体免疫系统进行抵抗排斥，从而产生发热症状。",
            "label": "OOBIOOOOOOOOOOOOOOOOOOOOOOOOOOOOOOOOOOOBIOOO",
            "normalized": [
                "发热",
                "发热"
            ],
            "type": [
                "1",
                "1"
            ]
        },
        {
            "speaker": "医生",
            "sentence": "如果是病毒感染建议应用清热解毒药物和感冒药物",
            "label": "OOOBIIIOOOOOOOOOOOOOOO",
            "normalized": [
                "病毒感染"
            ],
            "type": [
                "3"
            ]
        },
        {
            "speaker": "医生",
            "sentence": "如果是细菌感染，需要在前两种药物基础上，加用抗生素。",
            "label": "OOOBIIIOOOOOOOOOOOOOOOOOOO",
            "normalized": [
                "细菌感染"
            ],
            "type": [
                "3"
            ]
        },
        {
            "speaker": "医生",
            "sentence": "因为宝宝太小，各脏器功能发育还不完善，不建议自己乱用药物，特别是抗生素。",
            "label": "OOOOOOOOOOOOOOOOOOOOOOOOOOOOOOOOOOOO",
            "normalized": [],
            "type": []
        },
        {
            "speaker": "患者",
            "sentence": "好的",
            "label": "OO",
            "normalized": [],
            "type": []
        },
        {
            "speaker": "患者",
            "sentence": "谢谢",
            "label": "OO",
            "normalized": [],
            "type": []
        },
        {
            "speaker": "医生",
            "sentence": "要有合理细菌感染依据，才可应用",
            "label": "OOOOBIIIOOOOOOO",
            "normalized": [
                "细菌感染"
            ],
            "type": [
                "3"
            ]
        },
        {
            "speaker": "医生",
            "sentence": "再就是注意观察宝宝体温变化",
            "label": "OOOOOOOOOOOOO",
            "normalized": [],
            "type": []
        },
        {
            "speaker": "患者",
            "sentence": "我给吃的头孢克洛，利巴韦林颗粒，发烧吃布洛芬颗粒，可以不？",
            "label": "OOOOOOOOOOOOOOOOBIOOOOOOOOOOO",
            "normalized": [
                "发热"
            ],
            "type": [
                "1"
            ]
        },
        {
            "speaker": "医生",
            "sentence": "发热是一种保护性症状，当体温超过38.5度需要应用退热药物，体温在38.5度以内，可以温水物理降温，可以缓解低热",
            "label": "BIOOOOOOOOOOOOOOOOOOOOOOOOOOOOOOOOOOOOOOOOOOOOOOOOOOOOBI",
            "normalized": [
                "发热",
                "低热"
            ],
            "type": [
                "1",
                "3"
            ]
        },
        {
            "speaker": "患者",
            "sentence": "这是之前发烧医生开的",
            "label": "OOOOBIOOOO",
            "normalized": [
                "发热"
            ],
            "type": [
                "1"
            ]
        },
        {
            "speaker": "医生",
            "sentence": "建议合理化验后，根据结果调整药物。",
            "label": "OOOOOOOOOOOOOOOOO",
            "normalized": [],
            "type": []
        },
        {
            "speaker": "医生",
            "sentence": "如果没有细菌感染就不需要应用头孢类药物",
            "label": "OOOOBIIIOOOOOOOOOOO",
            "normalized": [
                "细菌感染"
            ],
            "type": [
                "3"
            ]
        },
        {
            "speaker": "患者",
            "sentence": "好的，谢谢，我现在去医院",
            "label": "OOOOOOOOOOOO",
            "normalized": [],
            "type": []
        },
        {
            "speaker": "医生",
            "sentence": "如果是细菌感染就没有必要应用利巴韦林",
            "label": "OOOBIIIOOOOOOOOOOO",
            "normalized": [
                "细菌感染"
            ],
            "type": [
                "3"
            ]
        },
        {
            "speaker": "医生",
            "sentence": "所以合理检查",
            "label": "OOOOOO",
            "normalized": [],
            "type": []
        },
        {
            "speaker": "医生",
            "sentence": "注意多喝水，注意预防着凉，以免病情反复加重",
            "label": "OOOOOOOOOOOOOOOOOOOOO",
            "normalized": [],
            "type": []
        },
        {
            "speaker": "患者",
            "sentence": "谢谢",
            "label": "OO",
            "normalized": [],
            "type": []
        }
    ]
}