{
    "data-split": "train",
    "example-id": "10354398",
    "dialogue-content": [
        {
            "speaker": "医生",
            "sentence": "你好",
            "label": "OO",
            "normalized": [],
            "type": []
        },
        {
            "speaker": "患者",
            "sentence": "问题宝宝两周岁了，支气管咳嗽有点流清鼻涕，家里有雾化机，请问该吃点什么药，用什药雾化",
            "label": "OOOOOOOOOBIIBIOOBIIIOOOOOOOOOOOOOOOOOOOOOO",
            "normalized": [
                "支气管炎",
                "咳嗽",
                "鼻流涕"
            ],
            "type": [
                "3",
                "1",
                "1"
            ]
        },
        {
            "speaker": "医生",
            "sentence": "请问宝宝的症状出现多久了？",
            "label": "OOOOOOOOOOOOO",
            "normalized": [],
            "type": []
        },
        {
            "speaker": "患者",
            "sentence": "快半个月了",
            "label": "OOOOO",
            "normalized": [],
            "type": []
        },
        {
            "speaker": "医生",
            "sentence": "咳嗽时有痰音吗？",
            "label": "BIOOBIOO",
            "normalized": [
                "咳嗽",
                "痰鸣音"
            ],
            "type": [
                "1",
                "1"
            ]
        },
        {
            "speaker": "患者",
            "sentence": "有痰",
            "label": "BI",
            "normalized": [
                "痰"
            ],
            "type": [
                "1"
            ]
        },
        {
            "speaker": "医生",
            "sentence": "最近有让医生听诊肺部吗？",
            "label": "OOOOOOOOOOOO",
            "normalized": [],
            "type": []
        },
        {
            "speaker": "患者",
            "sentence": "反反复复生病咳嗽",
            "label": "OOOOOOBI",
            "normalized": [
                "咳嗽"
            ],
            "type": [
                "1"
            ]
        },
        {
            "speaker": "患者",
            "sentence": "有，肺上没事，说支气管咳嗽，有痰",
            "label": "OOOOOOOOBIIBIOBI",
            "normalized": [
                "咳嗽",
                "咳嗽",
                "痰"
            ],
            "type": [
                "1",
                "1",
                "1"
            ]
        },
        {
            "speaker": "医生",
            "sentence": "孩子有喘吗？",
            "label": "OOOBOO",
            "normalized": [
                "喘息"
            ],
            "type": [
                "2"
            ]
        },
        {
            "speaker": "患者",
            "sentence": "没喘",
            "label": "BI",
            "normalized": [
                "喘息"
            ],
            "type": [
                "2"
            ]
        },
        {
            "speaker": "医生",
            "sentence": "这半个月用过什么治疗？",
            "label": "OOOOOOOOOOO",
            "normalized": [],
            "type": []
        },
        {
            "speaker": "患者",
            "sentence": "让中医开了些中药，但是没好利索，中途又厉害了，还发烧过",
            "label": "OOOOOOOOOOOOOOOOOOOOOOOOBIO",
            "normalized": [
                "发热"
            ],
            "type": [
                "1"
            ]
        },
        {
            "speaker": "医生",
            "sentence": "最近有查过血吗？",
            "label": "OOOOOOOO",
            "normalized": [],
            "type": []
        },
        {
            "speaker": "患者",
            "sentence": "",
            "label": "",
            "normalized": [],
            "type": []
        },
        {
            "speaker": "医生",
            "sentence": "这个时间太久了，后来没有再查过是吗？",
            "label": "OOOOOOOOOOOOOOOOOO",
            "normalized": [],
            "type": []
        },
        {
            "speaker": "患者",
            "sentence": "是，后来吃的中药，好点了，但没好利索",
            "label": "OOOOOOOOOOOOOOOOOO",
            "normalized": [],
            "type": []
        },
        {
            "speaker": "医生",
            "sentence": "哦，那可以给宝宝喂肺力咳和盐酸氨溴索口服液，雾化用生理盐水或灭菌注射用水就可以。",
            "label": "OOOOOOOOOOOOOOOOOOOOOOOOOOOOOOOOOOOOOOOO",
            "normalized": [],
            "type": []
        },
        {
            "speaker": "患者",
            "sentence": "‘生理盐水或灭菌注射用水怎么用量",
            "label": "OOOOOOOOOOOOOOOO",
            "normalized": [],
            "type": []
        },
        {
            "speaker": "医生",
            "sentence": "一次4到8毫升，一天雾化两次",
            "label": "OOOOOOOOOOOOOO",
            "normalized": [],
            "type": []
        },
        {
            "speaker": "患者",
            "sentence": "这两种都是4到8毫升吗",
            "label": "OOOOOOOOOOO",
            "normalized": [],
            "type": []
        },
        {
            "speaker": "医生",
            "sentence": "是的，两种用一种就可以，你能买到哪种就用哪种。",
            "label": "OOOOOOOOOOOOOOOOOOOOOOO",
            "normalized": [],
            "type": []
        },
        {
            "speaker": "患者",
            "sentence": "好的谢谢医生",
            "label": "OOOOOO",
            "normalized": [],
            "type": []
        },
        {
            "speaker": "医生",
            "sentence": "不客气的，希望能帮到你。",
            "label": "OOOOOOOOOOOO",
            "normalized": [],
            "type": []
        }
    ]
}