{
    "data-split": "train",
    "example-id": "10858400",
    "dialogue-content": [
        {
            "speaker": "医生",
            "sentence": "你好",
            "label": "OO",
            "normalized": [],
            "type": []
        },
        {
            "speaker": "医生",
            "sentence": "在吗",
            "label": "OO",
            "normalized": [],
            "type": []
        },
        {
            "speaker": "医生",
            "sentence": "你好",
            "label": "OO",
            "normalized": [],
            "type": []
        },
        {
            "speaker": "患者",
            "sentence": "您好",
            "label": "OO",
            "normalized": [],
            "type": []
        },
        {
            "speaker": "医生",
            "sentence": "出现上述情况有多长时间了？这个孩子现在最主要的症状是什么",
            "label": "OOOOOOOOOOOOOOOOOOOOOOOOOOOO",
            "normalized": [],
            "type": []
        },
        {
            "speaker": "患者",
            "sentence": "我儿子咳嗽三天啦主要症状就是咳嗽嗓子有痰音有点气喘",
            "label": "OOOBIOOOOOOOOOBIOOBIIOOBI",
            "normalized": [
                "咳嗽",
                "咳嗽",
                "痰",
                "喘息"
            ],
            "type": [
                "1",
                "1",
                "1",
                "1"
            ]
        },
        {
            "speaker": "患者",
            "sentence": "上一次上幼儿园咳嗽刚好",
            "label": "OOOOOOOBIOO",
            "normalized": [
                "咳嗽"
            ],
            "type": [
                "1"
            ]
        },
        {
            "speaker": "医生",
            "sentence": "相对来说白天症状重还是夜间咳嗽症状重",
            "label": "OOOOOOOOOOOOOBIOOO",
            "normalized": [
                "咳嗽"
            ],
            "type": [
                "1"
            ]
        },
        {
            "speaker": "患者",
            "sentence": "上了三天又犯病啦",
            "label": "OOOOOOOO",
            "normalized": [],
            "type": []
        },
        {
            "speaker": "医生",
            "sentence": "什么意思？这个孩子之前有过咳嗽的情况，上了三天幼儿园以后再次出现咳嗽症状加重了？",
            "label": "OOOOOOOOOOOOOBIOOOOOOOOOOOOOOOOOBIOOOOOO",
            "normalized": [
                "咳嗽",
                "咳嗽"
            ],
            "type": [
                "1",
                "1"
            ]
        },
        {
            "speaker": "患者",
            "sentence": "晚上咳嗽明显",
            "label": "OOBIOO",
            "normalized": [
                "咳嗽"
            ],
            "type": [
                "1"
            ]
        },
        {
            "speaker": "患者",
            "sentence": "嗯嗯是的",
            "label": "OOOO",
            "normalized": [],
            "type": []
        },
        {
            "speaker": "医生",
            "sentence": "哦，除了咳嗽，喘息还有其他的症状吗",
            "label": "OOOOBIOBIOOOOOOOO",
            "normalized": [
                "咳嗽",
                "喘息"
            ],
            "type": [
                "1",
                "1"
            ]
        },
        {
            "speaker": "医生",
            "sentence": "那就要考虑是不是重感的可能啊",
            "label": "OOOOOOOOOOOOOO",
            "normalized": [],
            "type": []
        },
        {
            "speaker": "医生",
            "sentence": "本身幼儿园交叉感染就比较严重",
            "label": "OOOOOOOOOOOOOO",
            "normalized": [],
            "type": []
        },
        {
            "speaker": "患者",
            "sentence": "上次好像是感冒刚好这次又咳嗽啦",
            "label": "OOOOOBIOOOOOBIO",
            "normalized": [
                "普通感冒",
                "咳嗽"
            ],
            "type": [
                "1",
                "1"
            ]
        },
        {
            "speaker": "患者",
            "sentence": "嗯嗯",
            "label": "OO",
            "normalized": [],
            "type": []
        },
        {
            "speaker": "医生",
            "sentence": "那说明这个孩子体质不是特别的好",
            "label": "OOOOOOOOOOOOOOO",
            "normalized": [],
            "type": []
        },
        {
            "speaker": "医生",
            "sentence": "既往反复的出现呼吸道感染吗",
            "label": "OOOOOOOBIIIIO",
            "normalized": [
                "呼吸道感染"
            ],
            "type": [
                "1"
            ]
        },
        {
            "speaker": "患者",
            "sentence": "那有什么办法改善一下呢",
            "label": "OOOOOOOOOOO",
            "normalized": [],
            "type": []
        },
        {
            "speaker": "医生",
            "sentence": "可以给孩子口服免疫调节剂，增加抵抗力",
            "label": "OOOOOOOOOOOOOOOOOO",
            "normalized": [],
            "type": []
        },
        {
            "speaker": "医生",
            "sentence": "可以选择匹多莫德或者脾氨肽",
            "label": "OOOOOOOOOOOOO",
            "normalized": [],
            "type": []
        },
        {
            "speaker": "医生",
            "sentence": "这次这个孩子的咳嗽，应该考虑气管炎，需要给孩子用消炎药控制感染，化痰止咳药物对症治疗的",
            "label": "OOOOOOOBIOOOOOBIIOOOOOOOOOOOOOOOOOOOOOOOOOO",
            "normalized": [
                "咳嗽",
                "气管炎"
            ],
            "type": [
                "1",
                "3"
            ]
        },
        {
            "speaker": "医生",
            "sentence": "既往有没有出现反复的喘息发作",
            "label": "OOOOOOOOOOBIOO",
            "normalized": [
                "喘息"
            ],
            "type": [
                "1"
            ]
        },
        {
            "speaker": "患者",
            "sentence": "以前推拿好久没生病啦近期总犯病",
            "label": "OOOOOOOOOOOOOOO",
            "normalized": [],
            "type": []
        },
        {
            "speaker": "患者",
            "sentence": "推拿之前经常犯病",
            "label": "OOOOOOOO",
            "normalized": [],
            "type": []
        },
        {
            "speaker": "医生",
            "sentence": "与这个孩子近段时间反复的生病有关系，反复的生病会降低免疫功能，免疫功能低下又会出现反复的生病，这样就会形成恶性循环的",
            "label": "OOOOOOOOOOOOOOOOOOOOOOOOOOOOOOOOOOOOOOOOOOOOOOOOOOOOOOOOOO",
            "normalized": [],
            "type": []
        },
        {
            "speaker": "患者",
            "sentence": "反正一感冒嗓子就不好",
            "label": "OOOBIOOOOO",
            "normalized": [
                "普通感冒"
            ],
            "type": [
                "1"
            ]
        },
        {
            "speaker": "患者",
            "sentence": "奥",
            "label": "O",
            "normalized": [],
            "type": []
        },
        {
            "speaker": "医生",
            "sentence": "也就是说这个孩子一感冒以后就会出现咳嗽",
            "label": "OOOOOOOOOBIOOOOOOBI",
            "normalized": [
                "普通感冒",
                "咳嗽"
            ],
            "type": [
                "1",
                "1"
            ]
        },
        {
            "speaker": "医生",
            "sentence": "咳嗽以后症状缓解的比较慢？",
            "label": "BIOOOOOOOOOOO",
            "normalized": [
                "咳嗽"
            ],
            "type": [
                "1"
            ]
        },
        {
            "speaker": "患者",
            "sentence": "嗯嗯是的",
            "label": "OOOO",
            "normalized": [],
            "type": []
        },
        {
            "speaker": "患者",
            "sentence": "嗯嗯",
            "label": "OO",
            "normalized": [],
            "type": []
        },
        {
            "speaker": "医生",
            "sentence": "这孩子出生以后有没有湿疹？家族中有没有过敏体质的人，比如说支气管哮喘，皮肤过敏，过敏性鼻炎？",
            "label": "OOOOOOOOOOBIOOOOOOOOOOOOOOOOOOOOOOOOOOOOOOOOOO",
            "normalized": [
                "湿疹"
            ],
            "type": [
                "3"
            ]
        },
        {
            "speaker": "医生",
            "sentence": "这个孩子是不是过敏体质",
            "label": "OOOOOOOBIOO",
            "normalized": [
                "过敏体质"
            ],
            "type": [
                "3"
            ]
        },
        {
            "speaker": "患者",
            "sentence": "我给他吃药这次不爱好",
            "label": "OOOOOOOOOO",
            "normalized": [],
            "type": []
        },
        {
            "speaker": "患者",
            "sentence": "以前对海鲜过敏过",
            "label": "OOOOOBIO",
            "normalized": [
                "过敏"
            ],
            "type": [
                "1"
            ]
        },
        {
            "speaker": "患者",
            "sentence": "后来好多啦",
            "label": "OOOOO",
            "normalized": [],
            "type": []
        },
        {
            "speaker": "医生",
            "sentence": "既然这个孩子对海鲜过敏，那就需要高度怀疑过敏体质",
            "label": "OOOOOOOOOBIOOOOOOOOOBIOO",
            "normalized": [
                "过敏",
                "过敏体质"
            ],
            "type": [
                "1",
                "3"
            ]
        },
        {
            "speaker": "患者",
            "sentence": "嗯嗯",
            "label": "OO",
            "normalized": [],
            "type": []
        },
        {
            "speaker": "医生",
            "sentence": "对于过敏体质的孩子，如果反复的出现咳嗽，喘息，需要考虑喘息性支气管炎",
            "label": "OOBIOOOOOOOOOOOOOBIOBIOOOOOOOOBIII",
            "normalized": [
                "过敏体质",
                "咳嗽",
                "喘息",
                "支气管炎"
            ],
            "type": [
                "3",
                "1",
                "1",
                "3"
            ]
        },
        {
            "speaker": "患者",
            "sentence": "有没有什么药物可以治疗",
            "label": "OOOOOOOOOOO",
            "normalized": [],
            "type": []
        },
        {
            "speaker": "医生",
            "sentence": "这次这个孩子出现了咳嗽，我认为你应该先到医院进行血常规的检查，确定一下是不是感染引起的，如果是炎症刺激引起的咳嗽，那需要应用消炎药控制感染的，另外需要明确一下感染的病原体，是支原体感染引起的，需要应用阿奇霉素抗感染",
            "label": "OOOOOOOOOBIOOOOOOOOOOOOOOOOOOOOOOOOOOOOOOOOOOOOOOOOOOOBIOOOOOOOOOOOOOOOOOOOOOOOOOOOOOOOBIIIIOOOOOOOOOOOOOOO",
            "normalized": [
                "咳嗽",
                "咳嗽",
                "支原体感染"
            ],
            "type": [
                "1",
                "1",
                "3"
            ]
        },
        {
            "speaker": "患者",
            "sentence": "好的谢谢医生",
            "label": "OOOOOO",
            "normalized": [],
            "type": []
        },
        {
            "speaker": "医生",
            "sentence": "如果是非感染因素引起的，只是气道的高反应性，需要给孩子雾化吸入，降低气道的高反应性，缓解这个孩子的咳嗽症状",
            "label": "OOOOOOOOOOOOOOOOOOOOOOOOOOOOOOOOOOOOOOOOOOOOOOOOOBIOO",
            "normalized": [
                "咳嗽"
            ],
            "type": [
                "1"
            ]
        },
        {
            "speaker": "医生",
            "sentence": "可以口服孟鲁斯特",
            "label": "OOOOOOOO",
            "normalized": [],
            "type": []
        },
        {
            "speaker": "患者",
            "sentence": "嗯嗯",
            "label": "OO",
            "normalized": [],
            "type": []
        },
        {
            "speaker": "医生",
            "sentence": "这个药具有降低气道的高反应性，抑制气道炎性反应的作用",
            "label": "OOOOOOOOOOOOOOOOOOOOOOOOOO",
            "normalized": [],
            "type": []
        },
        {
            "speaker": "患者",
            "sentence": "好的",
            "label": "OO",
            "normalized": [],
            "type": []
        },
        {
            "speaker": "患者",
            "sentence": "医院有卖的是吧",
            "label": "OOOOOOO",
            "normalized": [],
            "type": []
        },
        {
            "speaker": "医生",
            "sentence": "对于过敏体质的孩子，很少有单一的皮肤过敏，往往合并气道过敏，过敏性鼻炎，胃肠道过敏，这都是一系列的问题",
            "label": "OOBIOOOOOOOOOOOOOOOOOOOOOOOBIOOOOBIOOOOBIOOOOOOOOOO",
            "normalized": [
                "过敏体质",
                "过敏",
                "鼻炎",
                "过敏"
            ],
            "type": [
                "3",
                "1",
                "3",
                "1"
            ]
        },
        {
            "speaker": "医生",
            "sentence": "医院有卖的",
            "label": "OOOOO",
            "normalized": [],
            "type": []
        },
        {
            "speaker": "医生",
            "sentence": "药店也有卖的",
            "label": "OOOOOO",
            "normalized": [],
            "type": []
        },
        {
            "speaker": "患者",
            "sentence": "好的",
            "label": "OO",
            "normalized": [],
            "type": []
        },
        {
            "speaker": "医生",
            "sentence": "嗯",
            "label": "O",
            "normalized": [],
            "type": []
        },
        {
            "speaker": "患者",
            "sentence": "我今天就带他去医院",
            "label": "OOOOOOOOO",
            "normalized": [],
            "type": []
        },
        {
            "speaker": "医生",
            "sentence": "好的",
            "label": "OO",
            "normalized": [],
            "type": []
        },
        {
            "speaker": "医生",
            "sentence": "血常规和肺炎支原体抗体是肯定需要查的",
            "label": "OOOOBIBIIOOOOOOOOO",
            "normalized": [
                "肺炎",
                "支原体感染"
            ],
            "type": [
                "3",
                "3"
            ]
        },
        {
            "speaker": "医生",
            "sentence": "主要是看一下有没有支原体感染的情况，支原体感染以后也会出现病情的迁延不愈",
            "label": "OOOOOOOOOBIIIIOOOOBIIIIOOOOOOOOOOOOO",
            "normalized": [
                "支原体感染",
                "支原体感染"
            ],
            "type": [
                "3",
                "3"
            ]
        },
        {
            "speaker": "患者",
            "sentence": "好了再见医生您的解答很好",
            "label": "OOOOOOOOOOOO",
            "normalized": [],
            "type": []
        },
        {
            "speaker": "医生",
            "sentence": "好的",
            "label": "OO",
            "normalized": [],
            "type": []
        },
        {
            "speaker": "医生",
            "sentence": "不客气",
            "label": "OOO",
            "normalized": [],
            "type": []
        },
        {
            "speaker": "患者",
            "sentence": "????????????",
            "label": "OOOOOOOOOOOO",
            "normalized": [],
            "type": []
        },
        {
            "speaker": "医生",
            "sentence": "谢谢",
            "label": "OO",
            "normalized": [],
            "type": []
        },
        {
            "speaker": "医生",
            "sentence": "还有什么问题吗",
            "label": "OOOOOOO",
            "normalized": [],
            "type": []
        }
    ]
}