{
    "data-split": "train",
    "example-id": "10743738",
    "dialogue-content": [
        {
            "speaker": "医生",
            "sentence": "你好我是您的接诊医生",
            "label": "OOOOOOOOOO",
            "normalized": [],
            "type": []
        },
        {
            "speaker": "患者",
            "sentence": "您好",
            "label": "OO",
            "normalized": [],
            "type": []
        },
        {
            "speaker": "医生",
            "sentence": "宝贝最近家里有人感冒吗？",
            "label": "OOOOOOOOOOOO",
            "normalized": [],
            "type": []
        },
        {
            "speaker": "医生",
            "sentence": "有没有着凉呢",
            "label": "OOOOOO",
            "normalized": [],
            "type": []
        },
        {
            "speaker": "患者",
            "sentence": "没有",
            "label": "OO",
            "normalized": [],
            "type": []
        },
        {
            "speaker": "医生",
            "sentence": "宝贝吃母乳吗？平常",
            "label": "OOOOOOOOO",
            "normalized": [],
            "type": []
        },
        {
            "speaker": "患者",
            "sentence": "前几天孩子有点流鼻涕，不是很严重，也没发烧",
            "label": "OOOOOOOBIIOOOOOOOOOBI",
            "normalized": [
                "鼻流涕",
                "发热"
            ],
            "type": [
                "1",
                "2"
            ]
        },
        {
            "speaker": "患者",
            "sentence": "母乳",
            "label": "OO",
            "normalized": [],
            "type": []
        },
        {
            "speaker": "医生",
            "sentence": "鼻涕现在还有吗？",
            "label": "BIOOOOOO",
            "normalized": [
                "鼻流涕"
            ],
            "type": [
                "1"
            ]
        },
        {
            "speaker": "医生",
            "sentence": "宝贝吃奶量可以吗？平常呛奶吗？",
            "label": "OOOOOOOOOOOOOOO",
            "normalized": [],
            "type": []
        },
        {
            "speaker": "患者",
            "sentence": "偶尔有一点点",
            "label": "OOOOOO",
            "normalized": [],
            "type": []
        },
        {
            "speaker": "医生",
            "sentence": "宝贝鼻涕是清水鼻涕吗？",
            "label": "OOBIOBIIIOO",
            "normalized": [
                "鼻流涕",
                "鼻流涕"
            ],
            "type": [
                "1",
                "1"
            ]
        },
        {
            "speaker": "患者",
            "sentence": "轻鼻涕，一哭就有那么一点，或者鼻子出气，吹出像小雨点，那么一两点",
            "label": "OBIOOOOOOOOOOOOOOOOOOOOOOOOOOOOO",
            "normalized": [
                "鼻流涕"
            ],
            "type": [
                "1"
            ]
        },
        {
            "speaker": "医生",
            "sentence": "清水鼻涕主要是受凉的表现，这个一定要注意保暖，别着凉，特别早晨晚上空气太凉了，尽量别外出，多喝点温水，别着凉，清水鼻涕症状就会好点的奥！",
            "label": "BIIIOOOOOOOOOOOOOOOOOOOOOOOOOOOOOOOOOOOOOOOOOOOOOOOOOOOBIIIOOOOOOOOO",
            "normalized": [
                "鼻流涕",
                "鼻流涕"
            ],
            "type": [
                "1",
                "1"
            ]
        },
        {
            "speaker": "医生",
            "sentence": "宝贝鼻塞大概多久了呢",
            "label": "OOBIOOOOOO",
            "normalized": [
                "鼻塞"
            ],
            "type": [
                "1"
            ]
        },
        {
            "speaker": "患者",
            "sentence": "三天",
            "label": "OO",
            "normalized": [],
            "type": []
        },
        {
            "speaker": "医生",
            "sentence": "鼻塞影响呼吸吗？",
            "label": "BIOOOOOO",
            "normalized": [
                "鼻塞"
            ],
            "type": [
                "1"
            ]
        },
        {
            "speaker": "患者",
            "sentence": "影响，就是呼吸不好，孩子哭醒来",
            "label": "OOOOOBIIIOOOBOO",
            "normalized": [
                "呼吸困难",
                "哭闹"
            ],
            "type": [
                "1",
                "1"
            ]
        },
        {
            "speaker": "患者",
            "sentence": "孩子还不会用嘴巴呼吸",
            "label": "OOOOOOOOOO",
            "normalized": [],
            "type": []
        },
        {
            "speaker": "患者",
            "sentence": "憋的哭醒来",
            "label": "OOBOO",
            "normalized": [
                "哭闹"
            ],
            "type": [
                "1"
            ]
        },
        {
            "speaker": "患者",
            "sentence": "",
            "label": "",
            "normalized": [],
            "type": []
        },
        {
            "speaker": "医生",
            "sentence": "您多给宝贝用热气熏一下鼻子，别着凉鼻塞就会好点的奥！",
            "label": "OOOOOOOOOOOOOOOOOBIOOOOOOO",
            "normalized": [
                "鼻塞"
            ],
            "type": [
                "1"
            ]
        },
        {
            "speaker": "医生",
            "sentence": "宝贝精神状态怎么样呢？",
            "label": "OOOOOOOOOOO",
            "normalized": [],
            "type": []
        },
        {
            "speaker": "医生",
            "sentence": "开空调的话别开太低了，风速别太大了！",
            "label": "OOOOOOOOOOOOOOOOOO",
            "normalized": [],
            "type": []
        },
        {
            "speaker": "患者",
            "sentence": "精神很好，白天有闹有笑的，逗着哈哈的笑，吃喝都很正常",
            "label": "OOOOOOOOOOOOOOOOOOOOOOOOOO",
            "normalized": [],
            "type": []
        },
        {
            "speaker": "医生",
            "sentence": "嗯嗯，期间看过医生吗？",
            "label": "OOOOOOOOOOO",
            "normalized": [],
            "type": []
        },
        {
            "speaker": "患者",
            "sentence": "大便有点绿",
            "label": "BIIII",
            "normalized": [
                "绿便"
            ],
            "type": [
                "1"
            ]
        },
        {
            "speaker": "医生",
            "sentence": "大便次数多吗？",
            "label": "OOOOOOO",
            "normalized": [],
            "type": []
        },
        {
            "speaker": "患者",
            "sentence": "没有，就最近两三天，还没去医院，",
            "label": "OOOOOOOOOOOOOOOO",
            "normalized": [],
            "type": []
        },
        {
            "speaker": "患者",
            "sentence": "一天一次，最多两次，昨天拉了，今天没有",
            "label": "OOOOOOOOOOOOOOOOOOO",
            "normalized": [],
            "type": []
        },
        {
            "speaker": "医生",
            "sentence": "嗯嗯，宝贝目前的症状主要是考虑急性上呼吸道感染，这个可能由于受凉感冒或者感染引起来的，治疗的原则一般就是抗感染治疗的，注意保暖，备好退热药对症支持治疗的治疗原则！",
            "label": "OOOOOOOOOOOOOOOOOBIIIIIOOOOOOOOOBIOOOOOOOOOOOOOOOOOOOOOOOOOOOOOOOOOOOOOOOOOOOOOOO",
            "normalized": [
                "上呼吸道感染",
                "普通感冒"
            ],
            "type": [
                "3",
                "1"
            ]
        },
        {
            "speaker": "医生",
            "sentence": "嗯嗯。次数还是可以的，绿色时间很久了吗？",
            "label": "OOOOOOOOOOOBIOOOOOOO",
            "normalized": [
                "绿便"
            ],
            "type": [
                "1"
            ]
        },
        {
            "speaker": "患者",
            "sentence": "也不是很久，没超过10天",
            "label": "OOOOOOOOOOOO",
            "normalized": [],
            "type": []
        },
        {
            "speaker": "医生",
            "sentence": "嗯嗯，绿色如果很厉害的话您可以给宝贝用点益生菌调节一下胃肠功能的奥",
            "label": "OOOBIOOOOOOOOOOOOOOOOOOOOOOOOOOOO",
            "normalized": [
                "绿便"
            ],
            "type": [
                "1"
            ]
        },
        {
            "speaker": "医生",
            "sentence": "宝贝饮食一定注意的奥，注意以下方面",
            "label": "OOOOOOOOOOOOOOOOO",
            "normalized": [],
            "type": []
        },
        {
            "speaker": "医生",
            "sentence": "宝妈吃饭注意饮食生冷辛辣刺激食物不能吃，油腻食物不能吃，清淡饮食为主，多喝点温水，饮食的话可能会有影响，能吃多少吃多少别强喂奥！",
            "label": "OOOOOOOOOOOOOOOOOOOOOOOOOOOOOOOOOOOOOOOOOOOOOOOOOOOOOOOOOOOOOOOO",
            "normalized": [],
            "type": []
        },
        {
            "speaker": "患者",
            "sentence": "好，用双歧那个菌类药，这几天给吃感冒药，小二黄那敏",
            "label": "OOOOOOOOOOOOOOOOOOOOOOOOO",
            "normalized": [],
            "type": []
        },
        {
            "speaker": "医生",
            "sentence": "宝贝目前的情况的话鼻涕症状不是太厉害的奥，鼻塞症状您多给宝贝熏一下鼻子，体温正常，精神状态好，病情比较稳定的奥！",
            "label": "OOOOOOOOOBIOOOOOOOOOOBIOOOOOOOOOOOOOOOOOOOOOOOOOOOOOOOOO",
            "normalized": [
                "鼻流涕",
                "鼻塞"
            ],
            "type": [
                "1",
                "1"
            ]
        },
        {
            "speaker": "患者",
            "sentence": "这个症状影响打疫苗吗，还有三天打疫苗",
            "label": "OOOOOOOOOOOOOOOOOO",
            "normalized": [],
            "type": []
        },
        {
            "speaker": "医生",
            "sentence": "嗯嗯，可以用那种益生菌类的奥，药物的话您可以给宝贝不用吃药观察两天，多喝点温水，别着凉，从病因上避免一下看一下，别着凉！晚上睡觉盖好被子",
            "label": "OOOOOOOOOOOOOOOOOOOOOOOOOOOOOOOOOOOOOOOOOOOOOOOOOOOOOOOOOOOOOOOOOOOO",
            "normalized": [],
            "type": []
        },
        {
            "speaker": "患者",
            "sentence": "好",
            "label": "O",
            "normalized": [],
            "type": []
        },
        {
            "speaker": "医生",
            "sentence": "这个疫苗可以等好了再打的奥！不用这么着急的奥",
            "label": "OOOOOOOOOOOOOOOOOOOOOO",
            "normalized": [],
            "type": []
        },
        {
            "speaker": "医生",
            "sentence": "出现以下情况及时就医",
            "label": "OOOOOOOOOO",
            "normalized": [],
            "type": []
        },
        {
            "speaker": "患者",
            "sentence": "好",
            "label": "O",
            "normalized": [],
            "type": []
        },
        {
            "speaker": "患者",
            "sentence": "谢谢大夫",
            "label": "OOOO",
            "normalized": [],
            "type": []
        },
        {
            "speaker": "医生",
            "sentence": "您稍等一下，我给您说一下您什么情况下就医",
            "label": "OOOOOOOOOOOOOOOOOOOO",
            "normalized": [],
            "type": []
        },
        {
            "speaker": "医生",
            "sentence": "目前可以按照我上边给宝贝说的注意事项观察两天，如果鼻塞，鼻涕症状不缓解或者加重及时带宝贝去儿内科就诊查个血常规明确一下病因，看一下目前具体用什么药，根据结果对症处理，这样能够指导我们用药，用药大体时间，对宝贝来说也比较对症的，宝贝恢复起来也比较快的！",
            "label": "OOOOOOOOOOOOOOOOOOOOOOOOOBIOBIOOOOOOOOOOOOOOOOOOOOOOOOOOOOOOOOOOOOOOOOOOOOOOOOOOOOOOOOOOOOOOOOOOOOOOOOOOOOOOOOOOOOOOOOOOOOOOO",
            "normalized": [
                "鼻塞",
                "鼻流涕"
            ],
            "type": [
                "1",
                "1"
            ]
        },
        {
            "speaker": "医生",
            "sentence": "目前的话就可以多喝点温水，别着凉，注意以上注意事项奥，有问题及时就医就可以了！",
            "label": "OOOOOOOOOOOOOOOOOOOOOOOOOOOOOOOOOOOOOOO",
            "normalized": [],
            "type": []
        },
        {
            "speaker": "患者",
            "sentence": "好",
            "label": "O",
            "normalized": [],
            "type": []
        },
        {
            "speaker": "医生",
            "sentence": "嗯嗯祝宝贝健康，有问题欢迎咨询",
            "label": "OOOOOOOOOOOOOOO",
            "normalized": [],
            "type": []
        },
        {
            "speaker": "患者",
            "sentence": "恩，再见",
            "label": "OOOO",
            "normalized": [],
            "type": []
        }
    ]
}