{
    "data-split": "train",
    "example-id": "10754275",
    "dialogue-content": [
        {
            "speaker": "医生",
            "sentence": "宝贝最近家里有人感冒吗？",
            "label": "OOOOOOOOOOOO",
            "normalized": [],
            "type": []
        },
        {
            "speaker": "医生",
            "sentence": "有没有着凉呢？",
            "label": "OOOOOOO",
            "normalized": [],
            "type": []
        },
        {
            "speaker": "患者",
            "sentence": "没有",
            "label": "OO",
            "normalized": [],
            "type": []
        },
        {
            "speaker": "医生",
            "sentence": "除了咳嗽有其他感冒症状吗",
            "label": "OOBIOOOBIOOO",
            "normalized": [
                "咳嗽",
                "普通感冒"
            ],
            "type": [
                "1",
                "1"
            ]
        },
        {
            "speaker": "患者",
            "sentence": "没有别的没发现",
            "label": "OOOOOOO",
            "normalized": [],
            "type": []
        },
        {
            "speaker": "医生",
            "sentence": "咳嗽几天了呢？",
            "label": "BIOOOOO",
            "normalized": [
                "咳嗽"
            ],
            "type": [
                "1"
            ]
        },
        {
            "speaker": "患者",
            "sentence": "两天吧",
            "label": "OOO",
            "normalized": [],
            "type": []
        },
        {
            "speaker": "患者",
            "sentence": "不是老是咳",
            "label": "OOOOB",
            "normalized": [
                "咳嗽"
            ],
            "type": [
                "1"
            ]
        },
        {
            "speaker": "患者",
            "sentence": "一天有三四次左右",
            "label": "OOOOOOOO",
            "normalized": [],
            "type": []
        },
        {
            "speaker": "患者",
            "sentence": "要是玩起来就不咳",
            "label": "OOOOOOOB",
            "normalized": [
                "咳嗽"
            ],
            "type": [
                "2"
            ]
        },
        {
            "speaker": "医生",
            "sentence": "咳嗽早期炎症渗出比较少，形成的痰少，随着炎症渗出痰开始增多，增多后刺激宝贝咳嗽症状比较明显",
            "label": "BIOOOOOOOOOOOOOBOOOOOOOOBOOOOOOOOOOOOBIOOOOOO",
            "normalized": [
                "咳嗽",
                "痰",
                "痰",
                "咳嗽"
            ],
            "type": [
                "1",
                "1",
                "1",
                "1"
            ]
        },
        {
            "speaker": "患者",
            "sentence": "那该怎么办呢",
            "label": "OOOOOO",
            "normalized": [],
            "type": []
        },
        {
            "speaker": "医生",
            "sentence": "宝贝现在处于炎症渗出早期，未来几天的话咳嗽症状可能越来越厉害，痰无痰到上痰到化痰的一个过程的！",
            "label": "OOOOOOOOOOOOOOOOOOOBIOOOOOOOOOOBBIOOBOOOOOOOOOO",
            "normalized": [
                "咳嗽",
                "痰",
                "痰",
                "痰"
            ],
            "type": [
                "1",
                "1",
                "2",
                "1"
            ]
        },
        {
            "speaker": "医生",
            "sentence": "精神状态好吗？",
            "label": "OOOOOOO",
            "normalized": [],
            "type": []
        },
        {
            "speaker": "患者",
            "sentence": "挺好的",
            "label": "OOO",
            "normalized": [],
            "type": []
        },
        {
            "speaker": "医生",
            "sentence": "宝贝这个的话太小了所以痰不会吐，有痰的话只能被呕吐出去或者拉出去，所以多给宝贝拍背能把痰呕吐出去也是比较好的，痰通过这两种途径排出去的话也是比较好的！利于宝贝的恢复",
            "label": "OOOOOOOOOOOBOOBOBIOOOOOBIOOOOOOOOOOOOOOOOOOBBIOOOOOOOOOBOOOOOOOOOOOOOOOOOOOOOOOOOO",
            "normalized": [
                "痰",
                "呕吐",
                "痰",
                "呕吐",
                "痰",
                "呕吐",
                "痰"
            ],
            "type": [
                "1",
                "2",
                "1",
                "3",
                "1",
                "3",
                "1"
            ]
        },
        {
            "speaker": "医生",
            "sentence": "看过医生吗？这两天",
            "label": "OOOOOOOOO",
            "normalized": [],
            "type": []
        },
        {
            "speaker": "患者",
            "sentence": "需要多喝水还是怎么办",
            "label": "OOOOOOOOOO",
            "normalized": [],
            "type": []
        },
        {
            "speaker": "医生",
            "sentence": "我了解完宝贝情况给您建议",
            "label": "OOOOOOOOOOOO",
            "normalized": [],
            "type": []
        },
        {
            "speaker": "患者",
            "sentence": "最近吐了两次",
            "label": "OOBOOO",
            "normalized": [
                "呕吐"
            ],
            "type": [
                "1"
            ]
        },
        {
            "speaker": "患者",
            "sentence": "昨天还有今天",
            "label": "OOOOOO",
            "normalized": [],
            "type": []
        },
        {
            "speaker": "医生",
            "sentence": "咳嗽之后吐得吗？",
            "label": "BIOOBIOO",
            "normalized": [
                "咳嗽",
                "呕吐"
            ],
            "type": [
                "1",
                "1"
            ]
        },
        {
            "speaker": "医生",
            "sentence": "咳嗽这两天看过医生吗？",
            "label": "BIOOOOOOOOO",
            "normalized": [
                "咳嗽"
            ],
            "type": [
                "1"
            ]
        },
        {
            "speaker": "患者",
            "sentence": "没有看医生",
            "label": "OOOOO",
            "normalized": [],
            "type": []
        },
        {
            "speaker": "患者",
            "sentence": "吐的就跟唾液差不多",
            "label": "BOOOOOOOO",
            "normalized": [
                "呕吐"
            ],
            "type": [
                "1"
            ]
        },
        {
            "speaker": "患者",
            "sentence": "不是咳完吐的",
            "label": "OOBOBO",
            "normalized": [
                "咳嗽",
                "呕吐"
            ],
            "type": [
                "1",
                "1"
            ]
        },
        {
            "speaker": "医生",
            "sentence": "宝贝目前的症状主要是支气管炎，支气管炎的话这个可能由于受凉或者感染引起来的，这个治疗的原则的话主要是消炎止咳化痰治疗的奥！",
            "label": "OOOOOOOOOOBIIIOBIIIOOOOOOOOOOOOOOOOOOOOOOOOOOOOOOOOOOOOOOOOOO",
            "normalized": [
                "支气管炎",
                "支气管炎"
            ],
            "type": [
                "1",
                "1"
            ]
        },
        {
            "speaker": "患者",
            "sentence": "哦那该怎么治疗",
            "label": "OOOOOOO",
            "normalized": [],
            "type": []
        },
        {
            "speaker": "医生",
            "sentence": "嗯嗯，不是那种大口吐的话就可以！",
            "label": "OOOOOOOOOOOOOOOO",
            "normalized": [],
            "type": []
        },
        {
            "speaker": "患者",
            "sentence": "吃药？",
            "label": "OOO",
            "normalized": [],
            "type": []
        },
        {
            "speaker": "医生",
            "sentence": "宝贝目前的话痰量比较少炎症渗出少，咳嗽症状不是太明显，体温正常，精神状态好，目前病情比较稳定，所以我建议给宝贝先查个血常规胸片，排除一下支气管炎，看一下具体感染情况，根据结果对症处理！这样能够指导我们用药，用药大体时间，用的药物也是比较对症的，宝贝恢复起来也是比较快的，利于宝贝恢复！",
            "label": "OOOOOOBIOOOOOOOOOBIOOOOOOOOOOOOOOOOOOOOOOOOOOOOOOOOOOOOOOOOOOOOOOOOOBIIIOOOOOOOOOOOOOOOOOOOOOOOOOOOOOOOOOOOOOOOOOOOOOOOOOOOOOOOOOOOOOOOOOOOOOO",
            "normalized": [
                "痰",
                "咳嗽",
                "支气管炎"
            ],
            "type": [
                "1",
                "1",
                "3"
            ]
        },
        {
            "speaker": "患者",
            "sentence": "好",
            "label": "O",
            "normalized": [],
            "type": []
        },
        {
            "speaker": "医生",
            "sentence": "宝贝吃母乳吗？",
            "label": "OOOOOOO",
            "normalized": [],
            "type": []
        }
    ]
}