{
    "data-split": "train",
    "example-id": "10671474",
    "dialogue-content": [
        {
            "speaker": "医生",
            "sentence": "您好，宝宝腹泻多久？是出生后就有腹泻吗？",
            "label": "OOOOOBIOOOOOOOOOBIOO",
            "normalized": [
                "腹泻",
                "腹泻"
            ],
            "type": [
                "1",
                "1"
            ]
        },
        {
            "speaker": "患者",
            "sentence": "不是，上周腹泻的",
            "label": "OOOOOBIO",
            "normalized": [
                "腹泻"
            ],
            "type": [
                "1"
            ]
        },
        {
            "speaker": "医生",
            "sentence": "有化验便常规吗？",
            "label": "OOOOOOOO",
            "normalized": [],
            "type": []
        },
        {
            "speaker": "医生",
            "sentence": "宝宝除了腹泻有其他不适症状吗？",
            "label": "OOOOBIOOOOOOOOO",
            "normalized": [
                "腹泻"
            ],
            "type": [
                "1"
            ]
        },
        {
            "speaker": "患者",
            "sentence": "上周化验两次，第一次潜血弱阳性，第二次阳性，这周还没化验，上周食欲不太好，这两天食欲还好。",
            "label": "OOOOOOOOOOOOOOOOOOOOOOOOOOOOOOOOOOOOOOOOOOOOO",
            "normalized": [],
            "type": []
        },
        {
            "speaker": "医生",
            "sentence": "宝宝是腹泻后改用深度水解奶粉吗？",
            "label": "OOOBIOOOOOOOOOOO",
            "normalized": [
                "腹泻"
            ],
            "type": [
                "1"
            ]
        },
        {
            "speaker": "医生",
            "sentence": "能上传化验单看一下吗？",
            "label": "OOOOOOOOOOO",
            "normalized": [],
            "type": []
        },
        {
            "speaker": "患者",
            "sentence": "不是，用快两个月了，宝宝对牛奶一个加号鸡蛋两个加号不耐受所以吃蔼儿舒",
            "label": "OOOOOOOOOOOOOOOOOOOOOOOOOOOOOOOOOO",
            "normalized": [],
            "type": []
        },
        {
            "speaker": "患者",
            "sentence": "",
            "label": "",
            "normalized": [],
            "type": []
        },
        {
            "speaker": "医生",
            "sentence": "宝宝大便有泡沫酸味吗？口服益生菌及思密达大便有变化吗",
            "label": "OOOOOOOOOOOOOOOOOOOOOOOOOO",
            "normalized": [],
            "type": []
        },
        {
            "speaker": "患者",
            "sentence": "最初一天拉十几次是做后的一点稀便有泡沫，吃药后拉四五次，多数为糊状也有稀的。里面有时有黑点，有时有黏液大奶瓣有时不黏",
            "label": "OOOOOOOOOOOOOOBIOOOOOOOOOOOOOOOBIIIIOOOOOOOOOOOOOBIBIIOOOO",
            "normalized": [
                "稀便",
                "稀便",
                "大便黏液",
                "稀便"
            ],
            "type": [
                "1",
                "1",
                "1",
                "1"
            ]
        },
        {
            "speaker": "患者",
            "sentence": "",
            "label": "",
            "normalized": [],
            "type": []
        },
        {
            "speaker": "患者",
            "sentence": "这是第一次化验的",
            "label": "OOOOOOOO",
            "normalized": [],
            "type": []
        },
        {
            "speaker": "医生",
            "sentence": "化验大便没有红白细胞，多次均有潜血，口服益生菌及思密达无改善，不支持肠道感染，建议改服氨基酸奶粉观察大便性状",
            "label": "OOOOOOOOOOOOOOOOOOOOOOOOOOOOOOOOOOOOOOOOOOOOOOOOOOOOOO",
            "normalized": [],
            "type": []
        },
        {
            "speaker": "患者",
            "sentence": "喝一个多月没事，现在拉肚还会对奶粉不耐受吗",
            "label": "OOOOOOOOOOOOOOOOOOOOO",
            "normalized": [],
            "type": []
        },
        {
            "speaker": "医生",
            "sentence": "需要注意除外牛奶蛋白过敏可能，严重过敏可以服用过程中出现腹泻现象的，",
            "label": "OOOOOOOOOOOOOOOOOBIOOOOOOOOOBIOOOO",
            "normalized": [
                "过敏",
                "腹泻"
            ],
            "type": [
                "3",
                "1"
            ]
        },
        {
            "speaker": "医生",
            "sentence": "严重过敏需要服用氨基酸奶粉改善",
            "label": "OOBIOOOOOOOOOOO",
            "normalized": [
                "过敏"
            ],
            "type": [
                "3"
            ]
        },
        {
            "speaker": "患者",
            "sentence": "对牛奶一个加号，鸡蛋两个加号。属于中度吧？",
            "label": "OOOOOOOOOOOOOOOOOOOOO",
            "normalized": [],
            "type": []
        },
        {
            "speaker": "医生",
            "sentence": "恩，不过宝宝其他引起腹泻原因目前不的明确，宝宝太小不建议随便服药。可以改服奶粉治疗性诊断。",
            "label": "OOOOOOOOOOBIOOOOOOOOOOOOOOOOOOOOOOOOOOOOOOOOO",
            "normalized": [
                "腹泻"
            ],
            "type": [
                "1"
            ]
        },
        {
            "speaker": "患者",
            "sentence": "上周是去医院买益生菌，医生开的益生菌我用凉水喂的还有醒脾养儿颗粒和碳酸钙。不会是我用凉水喂导致的拉肚吧？",
            "label": "OOOOOOOOOOOOOOOOOOOOOOOOOOOOOOOOOOOOOOOOOOOOOOOOOOOO",
            "normalized": [],
            "type": []
        },
        {
            "speaker": "医生",
            "sentence": "如果更换奶粉后腹泻改善那可以判断为牛奶蛋白过敏",
            "label": "OOOOOOOBIOOOOOOOOOOOOBI",
            "normalized": [
                "腹泻",
                "过敏"
            ],
            "type": [
                "1",
                "3"
            ]
        },
        {
            "speaker": "患者",
            "sentence": "潜血阳性还有什么可能引起腹泻？",
            "label": "OOOOOOOOOOOOBIO",
            "normalized": [
                "腹泻"
            ],
            "type": [
                "1"
            ]
        },
        {
            "speaker": "医生",
            "sentence": "肠炎，过敏，乳糖不耐受，肠道发育问题",
            "label": "BIOBIOOOOOOOOOOOOO",
            "normalized": [
                "肠炎",
                "过敏"
            ],
            "type": [
                "3",
                "3"
            ]
        },
        {
            "speaker": "患者",
            "sentence": "如果喝氨基酸得喝多长时间？喝完后能直接转适度吗？",
            "label": "OOOOOOOOOOOOOOOOOOOOOOOO",
            "normalized": [],
            "type": []
        },
        {
            "speaker": "医生",
            "sentence": "如果是过敏改服半个月可以改善，先诊断明确诊断。",
            "label": "OOOBIOOOOOOOOOOOOOOOOOO",
            "normalized": [
                "过敏"
            ],
            "type": [
                "3"
            ]
        },
        {
            "speaker": "患者",
            "sentence": "宝宝肚里咕噜咕噜叫，还可多屁",
            "label": "OOOOBIIIIOOBII",
            "normalized": [
                "肠鸣音",
                "屁"
            ],
            "type": [
                "1",
                "1"
            ]
        },
        {
            "speaker": "医生",
            "sentence": "这是腹泻的胃肠道症状，无论过敏，不耐受，还是肠道都可以出现这种现象",
            "label": "OOBIOOOOOOOOOBIOOOOOOOOOOOOOOOOOO",
            "normalized": [
                "腹泻",
                "过敏"
            ],
            "type": [
                "1",
                "3"
            ]
        },
        {
            "speaker": "医生",
            "sentence": "您好，宝宝一岁之前如果没有过敏，目前鸡蛋过敏可能性不大。",
            "label": "OOOOOOOOOOOOOBIOOOOOOOOOOOOO",
            "normalized": [
                "过敏"
            ],
            "type": [
                "3"
            ]
        },
        {
            "speaker": "医生",
            "sentence": "多是发热引起胃肠消化功能紊乱可能",
            "label": "OOBIOOOOOOOOOOOO",
            "normalized": [
                "发热"
            ],
            "type": [
                "3"
            ]
        },
        {
            "speaker": "医生",
            "sentence": "目前宝宝有腹泻腹痛吗？",
            "label": "OOOOOBIBIOO",
            "normalized": [
                "腹泻",
                "腹痛"
            ],
            "type": [
                "2",
                "3"
            ]
        },
        {
            "speaker": "患者",
            "sentence": "生下来过敏，他是早产儿，",
            "label": "OOOBIOOOOOOO",
            "normalized": [
                "过敏"
            ],
            "type": [
                "2"
            ]
        },
        {
            "speaker": "患者",
            "sentence": "后来化验不过敏了就吃了没事，感冒后就呕吐了",
            "label": "OOOOOBIOOOOOOOBIOOBIO",
            "normalized": [
                "过敏",
                "普通感冒",
                "呕吐"
            ],
            "type": [
                "2",
                "1",
                "1"
            ]
        },
        {
            "speaker": "患者",
            "sentence": "没有腹泻",
            "label": "OOBI",
            "normalized": [
                "腹泻"
            ],
            "type": [
                "2"
            ]
        },
        {
            "speaker": "医生",
            "sentence": "那之前对什么过敏？",
            "label": "OOOOOOBIO",
            "normalized": [
                "过敏"
            ],
            "type": [
                "1"
            ]
        },
        {
            "speaker": "患者",
            "sentence": "奶蛋白小麦过敏",
            "label": "OOOOOBI",
            "normalized": [
                "过敏"
            ],
            "type": [
                "1"
            ]
        },
        {
            "speaker": "患者",
            "sentence": "我给他停了半年然后化验好了才换正常奶粉吃了鸡蛋面条都没事",
            "label": "OOOOOOOOOOOOOOOOOOOOOOOOOOOO",
            "normalized": [],
            "type": []
        },
        {
            "speaker": "医生",
            "sentence": "目前身上有荨麻疹吗？只是发热呕吐吗？",
            "label": "OOOOOBIIOOOOBIBIOO",
            "normalized": [
                "荨麻疹",
                "发热",
                "呕吐"
            ],
            "type": [
                "3",
                "1",
                "1"
            ]
        },
        {
            "speaker": "患者",
            "sentence": "就是上周发烧感冒我没在家，老人让他吃了鸡蛋呕吐了两次",
            "label": "OOOOBIBIOOOOOOOOOOOOOBIOOO",
            "normalized": [
                "发热",
                "普通感冒",
                "呕吐"
            ],
            "type": [
                "1",
                "1",
                "1"
            ]
        },
        {
            "speaker": "患者",
            "sentence": "什么症状都没有，就是呕吐了",
            "label": "OOOOOOOOOOBIO",
            "normalized": [
                "呕吐"
            ],
            "type": [
                "1"
            ]
        },
        {
            "speaker": "医生",
            "sentence": "宝宝小，本来发热后消化酶分泌少，就容易引起消化不良引起进食差，呕吐，有的有腹泻或便秘现象。",
            "label": "OOOOOOBIOOOOOOOOOOOOOBIIIOOOOOOBIOOOOBIOBIOOO",
            "normalized": [
                "发热",
                "消化不良",
                "呕吐",
                "腹泻",
                "便秘"
            ],
            "type": [
                "1",
                "3",
                "1",
                "3",
                "3"
            ]
        },
        {
            "speaker": "医生",
            "sentence": "所以发热宝宝进食要注意清淡。",
            "label": "OOBIOOOOOOOOOO",
            "normalized": [
                "发热"
            ],
            "type": [
                "1"
            ]
        },
        {
            "speaker": "患者",
            "sentence": "这会是又过敏了不是啊？他呕吐的两天也不太吃饭。也咳嗽。",
            "label": "OOOOBIOOOOOOBIOOOOOOOOOOBIO",
            "normalized": [
                "过敏",
                "呕吐",
                "咳嗽"
            ],
            "type": [
                "3",
                "1",
                "1"
            ]
        },
        {
            "speaker": "患者",
            "sentence": "这是消化不好还是过敏啊",
            "label": "OOBIIIOOBIO",
            "normalized": [
                "消化不良",
                "过敏"
            ],
            "type": [
                "3",
                "3"
            ]
        },
        {
            "speaker": "医生",
            "sentence": "宝宝之前有过敏，随着年龄增大部分食物过敏会改善的。所以目前鸡蛋过敏可能性不大不过目前注意清淡易消化饮食，暂时不要吃鸡蛋",
            "label": "OOOOOBIOOOOOOOOOOOBIOOOOOOOOOOOOOOOOOOOOOOOOOOOOOOOOOOOOOOO",
            "normalized": [
                "过敏",
                "过敏"
            ],
            "type": [
                "1",
                "1"
            ]
        },
        {
            "speaker": "患者",
            "sentence": "我们这的医生说之前吃鸡蛋没事就不会过敏，说是感冒后消化不好",
            "label": "OOOOOOOOOOOOOOOOOBIOOOBIOOOOO",
            "normalized": [
                "过敏",
                "普通感冒"
            ],
            "type": [
                "1",
                "1"
            ]
        },
        {
            "speaker": "患者",
            "sentence": "哦，我还准备再试试鸡蛋里，那就继续停，那什么时候能吃啊",
            "label": "OOOOOOOOOOOOOOOOOOOOOOOOOOO",
            "normalized": [],
            "type": []
        },
        {
            "speaker": "医生",
            "sentence": "恩，过敏可能性不大，多是发热引起消化不良，所以目前注意清淡易消化饮食，如肉，煮鸡蛋，水果暂时先不要吃了",
            "label": "OOBIOOOOOOOOBIOOBIIIOOOOOOOOOOOOOOOOOOOOOOOOOOOOOOO",
            "normalized": [
                "过敏",
                "发热",
                "消化不良"
            ],
            "type": [
                "3",
                "1",
                "3"
            ]
        },
        {
            "speaker": "医生",
            "sentence": "体温正常后可以蒸蛋羹吃",
            "label": "OOOOOOOOOOO",
            "normalized": [],
            "type": []
        },
        {
            "speaker": "患者",
            "sentence": "这两天感冒都好了，还是不敢吃吗？",
            "label": "OOOBIOOOOOOOOOOO",
            "normalized": [
                "普通感冒"
            ],
            "type": [
                "1"
            ]
        },
        {
            "speaker": "患者",
            "sentence": "一岁了吃鸡蛋羹还是不吃蛋白吗？",
            "label": "OOOOOOOOOOOOOOO",
            "normalized": [],
            "type": []
        },
        {
            "speaker": "医生",
            "sentence": "宝宝发热几天？体温刚恢复正常？",
            "label": "OOBIOOOOOOOOOOO",
            "normalized": [
                "发热"
            ],
            "type": [
                "1"
            ]
        },
        {
            "speaker": "医生",
            "sentence": "发热期间有进食差呕吐现象吗？",
            "label": "BIOOOOOOBIOOOO",
            "normalized": [
                "发热",
                "呕吐"
            ],
            "type": [
                "1",
                "1"
            ]
        },
        {
            "speaker": "患者",
            "sentence": "体温已经正常好几天了，那我明天试试蒸鸡蛋行是吗？",
            "label": "OOOOOOOOOOOOOOOOOOOOOOOO",
            "normalized": [],
            "type": []
        },
        {
            "speaker": "医生",
            "sentence": "目前食欲好吗？",
            "label": "OOOOOOO",
            "normalized": [],
            "type": []
        },
        {
            "speaker": "患者",
            "sentence": "食欲差不多了。",
            "label": "OOOOOOO",
            "normalized": [],
            "type": []
        },
        {
            "speaker": "医生",
            "sentence": "恩可以，目前可以吃稀粥，疙瘩汤，蒸鸡蛋羹观察。宝宝脾胃弱，注意适当少喂，不要吃太多",
            "label": "OOOOOOOOOOOOOOOOOOOOOOOOOOOOOOOOOOOOOOOOO",
            "normalized": [],
            "type": []
        },
        {
            "speaker": "患者",
            "sentence": "主要是不是过敏我就放心了。之前吃没事，是不是就不太可能过敏了周医生。",
            "label": "OOOOOBIOOOOOOOOOOOOOOOOOOOOBIOOOOO",
            "normalized": [
                "过敏",
                "过敏"
            ],
            "type": [
                "3",
                "3"
            ]
        },
        {
            "speaker": "医生",
            "sentence": "感冒刚好，食欲好转，一次不要喂太多。之前没有鸡蛋过敏，目前1岁过敏可能性不大",
            "label": "BIOOOOOOOOOOOOOOOOOOOOOOOOOOOOOBIOOOOO",
            "normalized": [
                "普通感冒",
                "过敏"
            ],
            "type": [
                "1",
                "3"
            ]
        },
        {
            "speaker": "患者",
            "sentence": "好的，谢谢。",
            "label": "OOOOOO",
            "normalized": [],
            "type": []
        },
        {
            "speaker": "医生",
            "sentence": "不客气",
            "label": "OOO",
            "normalized": [],
            "type": []
        }
    ]
}