{
    "data-split": "train",
    "example-id": "10668558",
    "dialogue-content": [
        {
            "speaker": "医生",
            "sentence": "你好",
            "label": "OO",
            "normalized": [],
            "type": []
        },
        {
            "speaker": "医生",
            "sentence": "有呕吐物图片吗",
            "label": "OOOOOOO",
            "normalized": [],
            "type": []
        },
        {
            "speaker": "患者",
            "sentence": "没拍",
            "label": "OO",
            "normalized": [],
            "type": []
        },
        {
            "speaker": "患者",
            "sentence": "为什么现在吃奶过后都会咳嗽呢？",
            "label": "OOOOOOOOOOOBIOO",
            "normalized": [
                "咳嗽"
            ],
            "type": [
                "1"
            ]
        },
        {
            "speaker": "患者",
            "sentence": "以前没有这情况",
            "label": "OOOOOOO",
            "normalized": [],
            "type": []
        },
        {
            "speaker": "医生",
            "sentence": "吃奶的时候有没有被呛到？",
            "label": "OOOOOOOOOOOO",
            "normalized": [],
            "type": []
        },
        {
            "speaker": "患者",
            "sentence": "有",
            "label": "O",
            "normalized": [],
            "type": []
        },
        {
            "speaker": "患者",
            "sentence": "好容易呛到",
            "label": "OOOOO",
            "normalized": [],
            "type": []
        },
        {
            "speaker": "患者",
            "sentence": "前天去医院拍片说是得支气管炎",
            "label": "OOOOOOOOOOBIII",
            "normalized": [
                "支气管炎"
            ],
            "type": [
                "1"
            ]
        },
        {
            "speaker": "医生",
            "sentence": "考虑吃奶后咳嗽，和呛到关系很大。",
            "label": "OOOOOBIOOOOOOOOO",
            "normalized": [
                "咳嗽"
            ],
            "type": [
                "1"
            ]
        },
        {
            "speaker": "患者",
            "sentence": "那怎么办好呢",
            "label": "OOOOOO",
            "normalized": [],
            "type": []
        },
        {
            "speaker": "医生",
            "sentence": "需要注意预防呛奶，同时应用消炎药，止咳药物，治疗支气管炎。",
            "label": "OOOOOOOOOOOOOOOOOOOOOOOOBIIIO",
            "normalized": [
                "支气管炎"
            ],
            "type": [
                "1"
            ]
        },
        {
            "speaker": "医生",
            "sentence": "现在是住院治疗了吗？有胸片吗？发我看一下吧。",
            "label": "OOOOOOOOOOOOOOOOOOOOOO",
            "normalized": [],
            "type": []
        },
        {
            "speaker": "患者",
            "sentence": "为什么现在那么容易呛到？",
            "label": "OOOOOOOOOOOO",
            "normalized": [],
            "type": []
        },
        {
            "speaker": "患者",
            "sentence": "不是医生开了药回来吃",
            "label": "OOOOOOOOOO",
            "normalized": [],
            "type": []
        },
        {
            "speaker": "医生",
            "sentence": "呛奶，一般都是有原因的，常见的比如孩子吃奶着急，或者奶水太多，或者喉软骨发育不好，或者气道炎症都可能引起呛奶。",
            "label": "OOOOOOOOOOOOOOOOOOOOOOOOOOOOOOOOOOOOOOOOOOOOOOOOOOOOOOO",
            "normalized": [],
            "type": []
        },
        {
            "speaker": "医生",
            "sentence": "现在有没有吃奶太着急，或者奶水太多的情况？",
            "label": "OOOOOOOOOOOOOOOOOOOOO",
            "normalized": [],
            "type": []
        },
        {
            "speaker": "患者",
            "sentence": "",
            "label": "",
            "normalized": [],
            "type": []
        },
        {
            "speaker": "患者",
            "sentence": "奶水不是很多",
            "label": "OOOOOO",
            "normalized": [],
            "type": []
        },
        {
            "speaker": "患者",
            "sentence": "是这两天才有这情况",
            "label": "OOOOOOOOO",
            "normalized": [],
            "type": []
        },
        {
            "speaker": "医生",
            "sentence": "可能还是孩子吃的着急，引起的呛奶，需要在孩子吃到一半的时候，把乳头抽出来，让孩子喘口气，缓一缓。同时，呛奶很可能和现在的支气管炎关系大，继续用药治疗。",
            "label": "OOOOOOOOOOOOOOOOOOOOOOOOOOOOOOOOOOOOOOOOOOOOOOOOOOOOOOOOOOOOBIIIOOOOOOOOOOO",
            "normalized": [
                "支气管炎"
            ],
            "type": [
                "1"
            ]
        },
        {
            "speaker": "医生",
            "sentence": "现在服用什么药物治疗支气管炎，有效果吗？",
            "label": "OOOOOOOOOOBIIIOOOOOO",
            "normalized": [
                "支气管炎"
            ],
            "type": [
                "1"
            ]
        },
        {
            "speaker": "患者",
            "sentence": "听起来呼吸声没以前那么大，痰没有那么多",
            "label": "OOOOOOOOOOOOOBOOOOO",
            "normalized": [
                "痰"
            ],
            "type": [
                "1"
            ]
        },
        {
            "speaker": "医生",
            "sentence": "那考虑还是服药治疗后，有好转。建议继续服用消炎的，止咳祛痰的药物，如果有条件的话，也可以配合雾化吸入治疗，效果更好，多注意拍背震荡，帮助排痰。",
            "label": "OOOOOOOOOOOOOOOOOOOOOOOOOOOOOOOOOOOOOOOOOOOOOOOOOOOOOOOOOOOOOOOOOOOOBIO",
            "normalized": [
                "痰"
            ],
            "type": [
                "1"
            ]
        },
        {
            "speaker": "医生",
            "sentence": "如果孩子出现呛奶，或者吐奶的时候，要及时的把脸侧向一侧，防止呛到气管里。反复的呛奶，可能会加重呼吸道的炎症。",
            "label": "OOOOOOOOOOOBIOOOOOOOOOOOOOOOOOOOOOOOOOOOOOOOOOOOOOOOOO",
            "normalized": [
                "呕吐"
            ],
            "type": [
                "1"
            ]
        },
        {
            "speaker": "医生",
            "sentence": "现在医生给开的什么口服药？",
            "label": "OOOOOOOOOOOOO",
            "normalized": [],
            "type": []
        },
        {
            "speaker": "患者",
            "sentence": "袪痰止咳颗粒，头炮，阿奇霉素，溴氨特罗",
            "label": "OOOOOOOOOOOOOOOOOOO",
            "normalized": [],
            "type": []
        },
        {
            "speaker": "患者",
            "sentence": "如果单做雾化治疗用住院吗？",
            "label": "OOOOOOOOOOOOO",
            "normalized": [],
            "type": []
        },
        {
            "speaker": "医生",
            "sentence": "看用了两种抗生素，两种止咳祛痰药，还是很对症的。如果单纯做雾化，也可以门诊做，吸入祛痰的雾化药，效果很好。多注意拍背，震荡一下",
            "label": "OOOOOOOOOOOOOOOOOOOOOOOOOOOOOOOOOOOOOOOOOOOOOOOOOOOOOOOOOOOOOOO",
            "normalized": [],
            "type": []
        },
        {
            "speaker": "医生",
            "sentence": "至于你题目中所说的，咳嗽后吐出了很多东西，那个考虑是胃内容物，不是痰液，一般痰没有那么多，而且痰的话，一般是咳嗽出来，不是呕吐出来。",
            "label": "OOOOOOOOOOBIOBOOOOOOOOOOOOOOOOOOOBOOOOBOOOOOOOOBOOOOOOBIOOOOOBIOOO",
            "normalized": [
                "咳嗽",
                "呕吐",
                "痰",
                "痰",
                "痰",
                "咳嗽",
                "呕吐"
            ],
            "type": [
                "1",
                "1",
                "2",
                "2",
                "2",
                "1",
                "1"
            ]
        },
        {
            "speaker": "医生",
            "sentence": "建议继续服用医生所开的药物，同时加用雾化吸入治疗，治疗三天后，就医小儿科，让医生听诊，看病情恢复情况。",
            "label": "OOOOOOOOOOOOOOOOOOOOOOOOOOOOOOOOOOOOOOOOOOOOOOOOOOO",
            "normalized": [],
            "type": []
        },
        {
            "speaker": "患者",
            "sentence": "嗯，谢谢医生",
            "label": "OOOOOO",
            "normalized": [],
            "type": []
        },
        {
            "speaker": "医生",
            "sentence": "好的，别客气，还有别的可以帮您的吗？",
            "label": "OOOOOOOOOOOOOOOOOO",
            "normalized": [],
            "type": []
        }
    ]
}