{
    "data-split": "train",
    "example-id": "10217258",
    "dialogue-content": [
        {
            "speaker": "医生",
            "sentence": "你好！",
            "label": "OOO",
            "normalized": [],
            "type": []
        },
        {
            "speaker": "医生",
            "sentence": "咳嗽多长时间了？",
            "label": "IOOOOOOO",
            "normalized": [
                "咳嗽"
            ],
            "type": [
                "1"
            ]
        },
        {
            "speaker": "患者",
            "sentence": "你好",
            "label": "OO",
            "normalized": [],
            "type": []
        },
        {
            "speaker": "医生",
            "sentence": "发烧吗？",
            "label": "IOOO",
            "normalized": [
                "发热"
            ],
            "type": [
                "1"
            ]
        },
        {
            "speaker": "患者",
            "sentence": "反反复复有2个月了，就是好一个星期不到又咳",
            "label": "OOOOOOOOOOOOOOOOOOOBO",
            "normalized": [
                "咳嗽"
            ],
            "type": [
                "1"
            ]
        },
        {
            "speaker": "医生",
            "sentence": "去医院做过检查吗？",
            "label": "OOOOOOOOO",
            "normalized": [],
            "type": []
        },
        {
            "speaker": "患者",
            "sentence": "不烧，就是咳有痰",
            "label": "IOOOBIIO",
            "normalized": [
                "发热",
                "咳痰"
            ],
            "type": [
                "2",
                "1"
            ]
        },
        {
            "speaker": "医生",
            "sentence": "吃药多长时间了？",
            "label": "OOOOOOOO",
            "normalized": [],
            "type": []
        },
        {
            "speaker": "患者",
            "sentence": "去了，刚开始是病毒感染，支气管炎",
            "label": "OOOOOOBIIIOBIIIO",
            "normalized": [
                "病毒感染",
                "支气管炎"
            ],
            "type": [
                "1",
                "1"
            ]
        },
        {
            "speaker": "患者",
            "sentence": "一直在吃",
            "label": "OOOO",
            "normalized": [],
            "type": []
        },
        {
            "speaker": "医生",
            "sentence": "吃了多长时间了？效果怎么样？",
            "label": "OOOOOOOOOOOOOO",
            "normalized": [],
            "type": []
        },
        {
            "speaker": "患者",
            "sentence": "就是好了，又咳，",
            "label": "OOOOOBOO",
            "normalized": [
                "咳嗽"
            ],
            "type": [
                "1"
            ]
        },
        {
            "speaker": "医生",
            "sentence": "这一次吃了多长时间药啦。",
            "label": "OOOOOOOOOOOO",
            "normalized": [],
            "type": []
        },
        {
            "speaker": "患者",
            "sentence": "然后就认为是不是药带有止咳的，就又换药",
            "label": "OOOOOOOOOOOOOOOOOOO",
            "normalized": [],
            "type": []
        },
        {
            "speaker": "医生",
            "sentence": "效果都不好吗？",
            "label": "OOOOOOO",
            "normalized": [],
            "type": []
        },
        {
            "speaker": "患者",
            "sentence": "3-6天的吃，不对又换药",
            "label": "OOOOOOOOOOOO",
            "normalized": [],
            "type": []
        },
        {
            "speaker": "医生",
            "sentence": "检查就是支气管炎是吗？",
            "label": "OOOBIIIOOOO",
            "normalized": [
                "支气管炎"
            ],
            "type": [
                "1"
            ]
        },
        {
            "speaker": "医生",
            "sentence": "拍胸片了吗？",
            "label": "OOOOOO",
            "normalized": [],
            "type": []
        },
        {
            "speaker": "患者",
            "sentence": "感觉是治标不治本",
            "label": "OOOOOOOO",
            "normalized": [],
            "type": []
        },
        {
            "speaker": "医生",
            "sentence": "肺里是否有炎症",
            "label": "OOOOOOO",
            "normalized": [],
            "type": []
        },
        {
            "speaker": "患者",
            "sentence": "是的，拍胸片，支气管炎",
            "label": "OOOOOOBIIIO",
            "normalized": [
                "支气管炎"
            ],
            "type": [
                "1"
            ]
        },
        {
            "speaker": "患者",
            "sentence": "没有",
            "label": "OO",
            "normalized": [],
            "type": []
        },
        {
            "speaker": "医生",
            "sentence": "根据你说的情况，孩子还是一个呼吸道感染的疾病。",
            "label": "OOOOOOOOOOOOOBIIIIOOOOO",
            "normalized": [
                "呼吸道感染"
            ],
            "type": [
                "3"
            ]
        },
        {
            "speaker": "医生",
            "sentence": "就是抵抗力差，气管儿的免疫力低，一感冒就是爱咳嗽。",
            "label": "OOOOOOOOOOOOOOOOBIOOOBIOO",
            "normalized": [
                "普通感冒",
                "咳嗽"
            ],
            "type": [
                "1",
                "1"
            ]
        },
        {
            "speaker": "患者",
            "sentence": "十月中旬拍的片子，",
            "label": "OOOOOOOOO",
            "normalized": [],
            "type": []
        },
        {
            "speaker": "医生",
            "sentence": "近期没有拍片子吗？",
            "label": "OOOOOOOOO",
            "normalized": [],
            "type": []
        },
        {
            "speaker": "患者",
            "sentence": "嗯嗯",
            "label": "OO",
            "normalized": [],
            "type": []
        },
        {
            "speaker": "医生",
            "sentence": "你这是还没有彻底治疗好。",
            "label": "OOOOOOOOOOOO",
            "normalized": [],
            "type": []
        },
        {
            "speaker": "医生",
            "sentence": "嗯，这样吧，你先去医院检查一下，化验血常规拍胸片，看看气管里和肺里是否有炎症。",
            "label": "OOOOOOOOOOOOOOOOOOOOOOOOOOOOOOOOOOOOOOO",
            "normalized": [],
            "type": []
        },
        {
            "speaker": "患者",
            "sentence": "现在要怎么办？",
            "label": "OOOOOOO",
            "normalized": [],
            "type": []
        },
        {
            "speaker": "医生",
            "sentence": "如果肺里和气管里有炎症，建议你给孩子输液效果还好。",
            "label": "OOOOOOOOOOOOOOOOOOOOOOOOO",
            "normalized": [],
            "type": []
        },
        {
            "speaker": "患者",
            "sentence": "还是要拍片子？",
            "label": "OOOOOOO",
            "normalized": [],
            "type": []
        },
        {
            "speaker": "医生",
            "sentence": "正规的治疗一段彻底治疗好以后再停药。",
            "label": "OOOOOOOOOOOOOOOOOO",
            "normalized": [],
            "type": []
        },
        {
            "speaker": "患者",
            "sentence": "输液是用抗生素？",
            "label": "OOOOOOOO",
            "normalized": [],
            "type": []
        },
        {
            "speaker": "医生",
            "sentence": "十月中旬拍的片子时间太长了，现在不知道肺里是否有问题？",
            "label": "OOOOOOOOOOOOOOOOOOOOOOOOOOO",
            "normalized": [],
            "type": []
        },
        {
            "speaker": "医生",
            "sentence": "是的，输液可以用消炎的抗病毒的，止咳化痰的，都可以的。也可以做雾化效果都是比较好的。",
            "label": "OOOOOOOOOOOOOOOOOOOOOOOOOOOOOOOOOOOOOOOOOO",
            "normalized": [],
            "type": []
        },
        {
            "speaker": "患者",
            "sentence": "现在咳得不多，就有久久咳一声，在学校老师反应说都没咳过，但回家我还是听见咳有痰的",
            "label": "OBIOOOOOOOBOOOOOOOOOOOOOOBOOOOOOOOOOBIIO",
            "normalized": [
                "咳嗽",
                "咳嗽",
                "咳嗽",
                "咳痰"
            ],
            "type": [
                "1",
                "1",
                "1",
                "1"
            ]
        },
        {
            "speaker": "医生",
            "sentence": "去检查一下，如果没有气管炎和肺炎可以口服药物，加上雾化效果比较好的。",
            "label": "OOOOOOOOOBIIOBIOOOOOOOOOOOOOOOOOOO",
            "normalized": [
                "支气管炎",
                "肺炎"
            ],
            "type": [
                "3",
                "3"
            ]
        },
        {
            "speaker": "患者",
            "sentence": "好的，谢谢您！",
            "label": "OOOOOOO",
            "normalized": [],
            "type": []
        },
        {
            "speaker": "医生",
            "sentence": "不客气，祝孩子早日康复，有事及时联系。",
            "label": "OOOOOOOOOOOOOOOOOOO",
            "normalized": [],
            "type": []
        },
        {
            "speaker": "患者",
            "sentence": "[献花],点击[http://pinyin.cn/e29139]查看表情",
            "label": "OOOOOOOOOOOOOOOOOOOOOOOOOOOOOOOOOOOO",
            "normalized": [],
            "type": []
        },
        {
            "speaker": "医生",
            "sentence": "谢谢啦",
            "label": "OOO",
            "normalized": [],
            "type": []
        }
    ]
}