{
    "data-split": "train",
    "example-id": "10337514",
    "dialogue-content": [
        {
            "speaker": "医生",
            "sentence": "你好",
            "label": "OO",
            "normalized": [],
            "type": []
        },
        {
            "speaker": "患者",
            "sentence": "你好",
            "label": "OO",
            "normalized": [],
            "type": []
        },
        {
            "speaker": "医生",
            "sentence": "宝宝之前的大便怎么样",
            "label": "OOOOOOOOOO",
            "normalized": [],
            "type": []
        },
        {
            "speaker": "患者",
            "sentence": "之前一天一次有时候一天多一次",
            "label": "OOOOOOOOOOOOOO",
            "normalized": [],
            "type": []
        },
        {
            "speaker": "患者",
            "sentence": "昨天上午有点干，下午就有点拉了",
            "label": "OOOOOOOOOOOOOOO",
            "normalized": [],
            "type": []
        },
        {
            "speaker": "医生",
            "sentence": "这样",
            "label": "OO",
            "normalized": [],
            "type": []
        },
        {
            "speaker": "医生",
            "sentence": "为了更好地提供服务，需要询问一些与病情相关的问题，感谢您的配合。",
            "label": "OOOOOOOOOOOOOOOOOOOOOOOOOOOOOOOO",
            "normalized": [],
            "type": []
        },
        {
            "speaker": "患者",
            "sentence": "？",
            "label": "O",
            "normalized": [],
            "type": []
        },
        {
            "speaker": "医生",
            "sentence": "他的精神饮食这些怎么样，然后拉的大便是什么样子的，是鸡蛋花样的还是说水样的，还是稍微西一点。",
            "label": "OOOOOOOOOOOOOOOOOOOOOOOOOOOOOOOOOOBIOOOOOOOOOO",
            "normalized": [
                "水样便"
            ],
            "type": [
                "3"
            ]
        },
        {
            "speaker": "医生",
            "sentence": "稀",
            "label": "B",
            "normalized": [
                "稀便"
            ],
            "type": [
                "1"
            ]
        },
        {
            "speaker": "患者",
            "sentence": "糊状的也不是特别稀，精神也很好就是没有前几天吃的多",
            "label": "OOOOOOOOBOOOOOOOOOOOOOOOO",
            "normalized": [
                "稀便"
            ],
            "type": [
                "1"
            ]
        },
        {
            "speaker": "医生",
            "sentence": "那还好，就可以用点益生菌调理一下。",
            "label": "OOOOOOOOOOOOOOOOO",
            "normalized": [],
            "type": []
        },
        {
            "speaker": "患者",
            "sentence": "嗯好吧",
            "label": "OOO",
            "normalized": [],
            "type": []
        },
        {
            "speaker": "医生",
            "sentence": "如果大便次数超过三次的话可以再加点这个小孩蒙脱石散",
            "label": "OOOOOOOOOOOOOOOOOOOOOOOOO",
            "normalized": [],
            "type": []
        },
        {
            "speaker": "患者",
            "sentence": "嗯好吧",
            "label": "OOO",
            "normalized": [],
            "type": []
        },
        {
            "speaker": "医生",
            "sentence": "宝宝有没有受凉",
            "label": "OOOOOOO",
            "normalized": [],
            "type": []
        },
        {
            "speaker": "医生",
            "sentence": "小宝宝一岁以内的胃肠道没有发育完全，可能是会出现腹泻或者便秘的，特别是受凉或更换奶粉等受刺激的时候。",
            "label": "OOOOOOOOOOOOOOOOOOOOOOOOBIOOBIOOOOOOOOOOOOOOOOOOOO",
            "normalized": [
                "腹泻",
                "便秘"
            ],
            "type": [
                "3",
                "3"
            ]
        },
        {
            "speaker": "患者",
            "sentence": "嗯嗯好吧！我们宝宝就是爱拉肚子这才刚好没有多长时间",
            "label": "OOOOOOOOOOOOBIIOOOOOOOOOO",
            "normalized": [
                "腹泻"
            ],
            "type": [
                "1"
            ]
        },
        {
            "speaker": "医生",
            "sentence": "好了有多长时间呢",
            "label": "OOOOOOOO",
            "normalized": [],
            "type": []
        },
        {
            "speaker": "患者",
            "sentence": "有20天了吧！好了又感冒了",
            "label": "OOOOOOOOOOBIO",
            "normalized": [
                "普通感冒"
            ],
            "type": [
                "1"
            ]
        },
        {
            "speaker": "医生",
            "sentence": "哦，大一点就会好一些。你那边天气很凉吗。",
            "label": "OOOOOOOOOOOOOOOOOOOO",
            "normalized": [],
            "type": []
        },
        {
            "speaker": "患者",
            "sentence": "是呀！早上零下",
            "label": "OOOOOOO",
            "normalized": [],
            "type": []
        },
        {
            "speaker": "医生",
            "sentence": "天气凉。昼夜温差大容易使宝宝生病，特别是发烧呀拉肚子呀这些。等宝宝大一点抵抗力好一些就会好一点呢。尽量不要吹太多的凉风。",
            "label": "OOOOOOOOOOOOOOOOOOOOBIOBIIOOOOOOOOOOOOOOOOOOOOOOOOOOOOOOOOOO",
            "normalized": [
                "发热",
                "腹泻"
            ],
            "type": [
                "3",
                "3"
            ]
        },
        {
            "speaker": "患者",
            "sentence": "嗯嗯好的",
            "label": "OOOO",
            "normalized": [],
            "type": []
        },
        {
            "speaker": "医生",
            "sentence": "嗯像这种反复生病的，也可以用点增强抵抗力的药物。",
            "label": "OOOOOOOOOOOOOOOOOOOOOOOO",
            "normalized": [],
            "type": []
        },
        {
            "speaker": "医生",
            "sentence": "比如说那个转移因子口服液或者是匹多莫德",
            "label": "OOOOOOOOOOOOOOOOOOO",
            "normalized": [],
            "type": []
        }
    ]
}