{
    "data-split": "train",
    "example-id": "10343789",
    "dialogue-content": [
        {
            "speaker": "医生",
            "sentence": "你好！",
            "label": "OOO",
            "normalized": [],
            "type": []
        },
        {
            "speaker": "患者",
            "sentence": "你好",
            "label": "OO",
            "normalized": [],
            "type": []
        },
        {
            "speaker": "医生",
            "sentence": "孩子多大了？",
            "label": "OOOOOO",
            "normalized": [],
            "type": []
        },
        {
            "speaker": "医生",
            "sentence": "大便都是稀水样的吗？",
            "label": "OOOOBIIOOO",
            "normalized": [
                "水样便"
            ],
            "type": [
                "3"
            ]
        },
        {
            "speaker": "医生",
            "sentence": "是母乳喂养还是奶粉喂养？",
            "label": "OOOOOOOOOOOO",
            "normalized": [],
            "type": []
        },
        {
            "speaker": "医生",
            "sentence": "你好，在吗",
            "label": "OOOOO",
            "normalized": [],
            "type": []
        },
        {
            "speaker": "患者",
            "sentence": "不太稀，就这两天拉的比平常稀一点",
            "label": "BIIOOOOOOOOOOOOO",
            "normalized": [
                "稀便"
            ],
            "type": [
                "1"
            ]
        },
        {
            "speaker": "患者",
            "sentence": "母乳喂养",
            "label": "OOOO",
            "normalized": [],
            "type": []
        },
        {
            "speaker": "医生",
            "sentence": "吃奶正常吗？",
            "label": "OOOOOO",
            "normalized": [],
            "type": []
        },
        {
            "speaker": "患者",
            "sentence": "正常",
            "label": "OO",
            "normalized": [],
            "type": []
        },
        {
            "speaker": "医生",
            "sentence": "根据你说的情况，大便有点儿稀，还是有点儿消化不良的。",
            "label": "OOOOOOOOOOOOOBOOOOOOBIIIOO",
            "normalized": [
                "稀便",
                "消化不良"
            ],
            "type": [
                "1",
                "1"
            ]
        },
        {
            "speaker": "医生",
            "sentence": "暂时不要打预防针的，以免加重病情。",
            "label": "OOOOOOOOOOOOOOOOO",
            "normalized": [],
            "type": []
        },
        {
            "speaker": "医生",
            "sentence": "可以吃上助消化的药，两至三天。",
            "label": "OOOOOOOOOOOOOOO",
            "normalized": [],
            "type": []
        },
        {
            "speaker": "患者",
            "sentence": "他还能打预防针吗",
            "label": "OOOOOOOO",
            "normalized": [],
            "type": []
        },
        {
            "speaker": "医生",
            "sentence": "暂时不要打的，以免加重病情。",
            "label": "OOOOOOOOOOOOOO",
            "normalized": [],
            "type": []
        },
        {
            "speaker": "医生",
            "sentence": "吃上两天助消化的药物等消化好了停药一周以后可以去打预防针的。",
            "label": "OOOOOOOOOOOOOOOOOOOOOOOOOOOOOO",
            "normalized": [],
            "type": []
        },
        {
            "speaker": "医生",
            "sentence": "加强护理不要着凉注意保暖",
            "label": "OOOOOOOOOOOO",
            "normalized": [],
            "type": []
        },
        {
            "speaker": "患者",
            "sentence": "我前两天叫宝宝吃了草莓，刚吃完就吃香蕉了，是不是这个原因呀",
            "label": "OOOOOOOOOOOOOOOOOOOOOOOOOOOOO",
            "normalized": [],
            "type": []
        },
        {
            "speaker": "医生",
            "sentence": "是的可能是吃的着凉了",
            "label": "OOOOOOOOOO",
            "normalized": [],
            "type": []
        },
        {
            "speaker": "医生",
            "sentence": "孩子多大了？",
            "label": "OOOOOO",
            "normalized": [],
            "type": []
        },
        {
            "speaker": "医生",
            "sentence": "暂时不要吃水果了",
            "label": "OOOOOOOO",
            "normalized": [],
            "type": []
        },
        {
            "speaker": "医生",
            "sentence": "吃些好消化的东西",
            "label": "OOOOOOOO",
            "normalized": [],
            "type": []
        },
        {
            "speaker": "患者",
            "sentence": "我都给他热了呢，现在不叫他吃了，9个月",
            "label": "OOOOOOOOOOOOOOOOOOO",
            "normalized": [],
            "type": []
        },
        {
            "speaker": "医生",
            "sentence": "是的，可以吃上两天，助消化的药，等消化好了再去打预防针。",
            "label": "OOOOOOOOOOOOOOOOOOOOOOOOOOOO",
            "normalized": [],
            "type": []
        },
        {
            "speaker": "医生",
            "sentence": "把肚子盖暖一些，不要着凉的。",
            "label": "OOOOOOOOOOOOOO",
            "normalized": [],
            "type": []
        },
        {
            "speaker": "患者",
            "sentence": "我给他盖的两条被子，还开的空调",
            "label": "OOOOOOOOOOOOOOO",
            "normalized": [],
            "type": []
        },
        {
            "speaker": "医生",
            "sentence": "还是比较小，抵抗力差，稍微不注意，会着凉的。",
            "label": "OOOOOOOOOOOOOOOOOOOOOO",
            "normalized": [],
            "type": []
        },
        {
            "speaker": "医生",
            "sentence": "可能是吃的着凉了",
            "label": "OOOOOOOO",
            "normalized": [],
            "type": []
        },
        {
            "speaker": "医生",
            "sentence": "加强护理，注意饮食",
            "label": "OOOOOOOOO",
            "normalized": [],
            "type": []
        },
        {
            "speaker": "患者",
            "sentence": "还有前两宝宝有点发烧，现在好了",
            "label": "OOOOOOOOBIOOOOO",
            "normalized": [
                "发热"
            ],
            "type": [
                "1"
            ]
        },
        {
            "speaker": "医生",
            "sentence": "发烧以后也可以引起消化不良的",
            "label": "BIOOOOOOOBIIIO",
            "normalized": [
                "发热",
                "消化不良"
            ],
            "type": [
                "1",
                "1"
            ]
        },
        {
            "speaker": "患者",
            "sentence": "能不能不吃药",
            "label": "OOOOOO",
            "normalized": [],
            "type": []
        },
        {
            "speaker": "医生",
            "sentence": "可以吃上妈咪爱助消化的",
            "label": "OOOOOOOOOOO",
            "normalized": [],
            "type": []
        },
        {
            "speaker": "医生",
            "sentence": "按说明书吃上两天观察变化",
            "label": "OOOOOOOOOOOO",
            "normalized": [],
            "type": []
        },
        {
            "speaker": "患者",
            "sentence": "我不给他吃凉的就好了，我食欲还挺好的，今早吃的特别的多，",
            "label": "OOOOOOOOOOOOOOOOOOOOOOOOOOOO",
            "normalized": [],
            "type": []
        },
        {
            "speaker": "医生",
            "sentence": "可以的",
            "label": "OOO",
            "normalized": [],
            "type": []
        },
        {
            "speaker": "医生",
            "sentence": "孩子小，消化功能差，饮食要特别注意的。",
            "label": "OOOOOOOOOOOOOOOOOOO",
            "normalized": [],
            "type": []
        },
        {
            "speaker": "患者",
            "sentence": "要吃点妈咪爱吗，调理一下",
            "label": "OOOOOOOOOOOO",
            "normalized": [],
            "type": []
        },
        {
            "speaker": "医生",
            "sentence": "是的，可以吃什么吗咪爱按说明书吃。",
            "label": "OOOOOOOOOOOOOOOOO",
            "normalized": [],
            "type": []
        },
        {
            "speaker": "患者",
            "sentence": "好吧",
            "label": "OO",
            "normalized": [],
            "type": []
        },
        {
            "speaker": "医生",
            "sentence": "对不起，打错字了可以吃上妈咪爱的。",
            "label": "OOOOOOOOOOOOOOOOO",
            "normalized": [],
            "type": []
        },
        {
            "speaker": "医生",
            "sentence": "好的，有问题及时联系。",
            "label": "OOOOOOOOOOO",
            "normalized": [],
            "type": []
        },
        {
            "speaker": "患者",
            "sentence": "没事，谢谢你了",
            "label": "OOOOOOO",
            "normalized": [],
            "type": []
        },
        {
            "speaker": "医生",
            "sentence": "不客气的，祝宝宝早日康复！",
            "label": "OOOOOOOOOOOOO",
            "normalized": [],
            "type": []
        }
    ]
}