{
    "data-split": "train",
    "example-id": "10645089",
    "dialogue-content": [
        {
            "speaker": "医生",
            "sentence": "您好，宝宝现在具体多大了？嗓子哑吗？",
            "label": "OOOOOOOOOOOOOBIIOO",
            "normalized": [
                "沙哑"
            ],
            "type": [
                "1"
            ]
        },
        {
            "speaker": "患者",
            "sentence": "一岁四个月还不会说话哭的时候稍微有点哑",
            "label": "OOOOOOOOOOBOOOOOOOB",
            "normalized": [
                "哭闹",
                "沙哑"
            ],
            "type": [
                "1",
                "1"
            ]
        },
        {
            "speaker": "患者",
            "sentence": "会不会支气管炎",
            "label": "OOOBIII",
            "normalized": [
                "支气管炎"
            ],
            "type": [
                "3"
            ]
        },
        {
            "speaker": "医生",
            "sentence": "宝宝还有其他症状吗？",
            "label": "OOOOOOOOOO",
            "normalized": [],
            "type": []
        },
        {
            "speaker": "医生",
            "sentence": "比如流鼻涕，嘴里有溃疡吗？身上有皮疹吗？",
            "label": "OOBIIOOOBIIOOOOOBIOO",
            "normalized": [
                "鼻流涕",
                "口腔溃疡",
                "皮疹"
            ],
            "type": [
                "2",
                "2",
                "2"
            ]
        },
        {
            "speaker": "患者",
            "sentence": "没有就是昨晚醒了六次哄哄就睡了",
            "label": "OOOOOOOOOOOOOOO",
            "normalized": [],
            "type": []
        },
        {
            "speaker": "患者",
            "sentence": "没有",
            "label": "OO",
            "normalized": [],
            "type": []
        },
        {
            "speaker": "医生",
            "sentence": "是咳嗽醒的吗？醒后哭闹吗？",
            "label": "OBIOOOOOOBIOO",
            "normalized": [
                "咳嗽",
                "哭闹"
            ],
            "type": [
                "1",
                "1"
            ]
        },
        {
            "speaker": "患者",
            "sentence": "醒后会大声咳嗽几声吞痰有点闹总是让抱着睡",
            "label": "OOOOOBIOOOBOOOOOOOOO",
            "normalized": [
                "咳嗽",
                "痰"
            ],
            "type": [
                "1",
                "1"
            ]
        },
        {
            "speaker": "医生",
            "sentence": "什么时候给宝贝做的检查？",
            "label": "OOOOOOOOOOOO",
            "normalized": [],
            "type": []
        },
        {
            "speaker": "患者",
            "sentence": "三天前当时还不咳嗽",
            "label": "OOOOOOOBI",
            "normalized": [
                "咳嗽"
            ],
            "type": [
                "2"
            ]
        },
        {
            "speaker": "医生",
            "sentence": "当时医生给宝贝听诊肺部了吗？除了血有没有查胸片等相关检查？",
            "label": "OOOOOOOOOOOOOOOOOOOOOOOOOOOOO",
            "normalized": [],
            "type": []
        },
        {
            "speaker": "患者",
            "sentence": "当时发烧只验血了",
            "label": "OOBIOOOO",
            "normalized": [
                "发热"
            ],
            "type": [
                "1"
            ]
        },
        {
            "speaker": "患者",
            "sentence": "听了一下肺部",
            "label": "OOOOOO",
            "normalized": [],
            "type": []
        },
        {
            "speaker": "患者",
            "sentence": "发烧退了以后一天天咳嗽频次变多",
            "label": "BIBOOOOOOBIOOOO",
            "normalized": [
                "发热",
                "退热",
                "咳嗽"
            ],
            "type": [
                "1",
                "1",
                "1"
            ]
        },
        {
            "speaker": "医生",
            "sentence": "当时有没有说肺部或者气管有炎症？",
            "label": "OOOOOOOOOOOOOOOO",
            "normalized": [],
            "type": []
        },
        {
            "speaker": "医生",
            "sentence": "嗯嗯，发热一般是感染的初期表现，随着炎症渗出，痰液增多，刺激气管出现咳嗽，其他症状也就表现出来",
            "label": "OOOBIOOOOOOOOOOOOOOOOOOBOOOOOOOOOOBIOOOOOOOOOOO",
            "normalized": [
                "发热",
                "痰",
                "咳嗽"
            ],
            "type": [
                "1",
                "1",
                "1"
            ]
        },
        {
            "speaker": "医生",
            "sentence": "医生给宝宝诊断的只有病毒性感冒吗？现在怎么治疗的?",
            "label": "OOOOOOOOOOOOOBIOOOOOOOOOO",
            "normalized": [
                "普通感冒"
            ],
            "type": [
                "1"
            ]
        },
        {
            "speaker": "患者",
            "sentence": "医生有说上呼吸道感染",
            "label": "OOOOBIIIII",
            "normalized": [
                "上呼吸道感染"
            ],
            "type": [
                "1"
            ]
        },
        {
            "speaker": "患者",
            "sentence": "开了消炎的颗粒",
            "label": "OOOOOOO",
            "normalized": [],
            "type": []
        },
        {
            "speaker": "患者",
            "sentence": "黄莲子颗粒",
            "label": "OOOOO",
            "normalized": [],
            "type": []
        },
        {
            "speaker": "患者",
            "sentence": "没有效果",
            "label": "OOOO",
            "normalized": [],
            "type": []
        },
        {
            "speaker": "医生",
            "sentence": "宝宝现在吃饭怎么样？精神好吗？",
            "label": "OOOOOOOOOOOOOOO",
            "normalized": [],
            "type": []
        },
        {
            "speaker": "患者",
            "sentence": "吃饭还好一般般",
            "label": "OOOOOOO",
            "normalized": [],
            "type": []
        },
        {
            "speaker": "医生",
            "sentence": "嗯嗯，宝宝有没有呕吐？",
            "label": "OOOOOOOOBIO",
            "normalized": [
                "呕吐"
            ],
            "type": [
                "2"
            ]
        },
        {
            "speaker": "患者",
            "sentence": "精神也不错上午自己玩下午会让一直抱着",
            "label": "OOOOOOOOOOOOOOOOOO",
            "normalized": [],
            "type": []
        },
        {
            "speaker": "患者",
            "sentence": "没有",
            "label": "OO",
            "normalized": [],
            "type": []
        },
        {
            "speaker": "医生",
            "sentence": "嗯嗯，宝宝频繁咳嗽，痰多的话容易引起呕吐症状",
            "label": "OOOOOOOBIOBOOOOOOOBIOO",
            "normalized": [
                "咳嗽",
                "痰",
                "呕吐"
            ],
            "type": [
                "1",
                "1",
                "1"
            ]
        },
        {
            "speaker": "医生",
            "sentence": "宝宝后来复诊了吗？",
            "label": "OOOOOOOOO",
            "normalized": [],
            "type": []
        },
        {
            "speaker": "患者",
            "sentence": "没有",
            "label": "OO",
            "normalized": [],
            "type": []
        },
        {
            "speaker": "医生",
            "sentence": "一般感冒用药三到五天需要复诊看看，根据孩子病情给于调整或者停止用药哦",
            "label": "OOBIOOOOOOOOOOOOOOOOOOOOOOOOOOOOOO",
            "normalized": [
                "普通感冒"
            ],
            "type": [
                "1"
            ]
        },
        {
            "speaker": "患者",
            "sentence": "复诊需要验血嘛会哭的很厉害",
            "label": "OOOOOOOOOOOOO",
            "normalized": [],
            "type": []
        },
        {
            "speaker": "患者",
            "sentence": "尖叫",
            "label": "OO",
            "normalized": [],
            "type": []
        },
        {
            "speaker": "医生",
            "sentence": "您的宝宝现在出现了新的症状，有咳嗽，出现睡眠变差，需要进一步听诊肺部，看看有没有进展为支气管炎",
            "label": "OOOOOOOOOOOOOOOBIOOOOOOOOOOOOOOOOOOOOOOOOOOBIII",
            "normalized": [
                "咳嗽",
                "支气管炎"
            ],
            "type": [
                "1",
                "3"
            ]
        },
        {
            "speaker": "患者",
            "sentence": "尖叫对她喉咙不好",
            "label": "OOOOOOOO",
            "normalized": [],
            "type": []
        },
        {
            "speaker": "医生",
            "sentence": "不一定复查血常规，主要是看宝贝嗓子，还有听诊，结合宝宝症状来明确下一步检查，如果有明显啰音，也就是说宝宝气管有炎症的话，可能需要拍胸片",
            "label": "OOOOOOOOOOOOOOOOOOOOOOOOOOOOOOOOOOOOOOOOOOOOOOOOOOOOOOOOOOOOOOOOOOO",
            "normalized": [],
            "type": []
        },
        {
            "speaker": "患者",
            "sentence": "所以想问是不是需要验血",
            "label": "OOOOOOOOOOO",
            "normalized": [],
            "type": []
        },
        {
            "speaker": "医生",
            "sentence": "注意给宝贝清淡饮食，多喝水，注意休息，有助恢复",
            "label": "OOOOOOOOOOOOOOOOOOOOOOO",
            "normalized": [],
            "type": []
        },
        {
            "speaker": "医生",
            "sentence": "您现在给宝贝已经用药三天以上，需要复诊看看了，建议带孩子去公立医院儿科就诊，经过专业医生查体后，排除支气管炎，如果是的话，需要控制感染，止咳化痰治疗，根据宝宝具体病情选择口服，雾化，或者输液",
            "label": "OOOOOOOOOOOOOOOOOOOOOOOOOOOOOOOOOOOOOOOOOOOOOOOOOOBIIIOOOOOOOOOOOOOOOOOOOOOOOOOOOOOOOOOOOOOOOOO",
            "normalized": [
                "支气管炎"
            ],
            "type": [
                "3"
            ]
        },
        {
            "speaker": "患者",
            "sentence": "不喝水",
            "label": "OOO",
            "normalized": [],
            "type": []
        },
        {
            "speaker": "医生",
            "sentence": "宝宝这个年龄也可以适当吃些水果了哦",
            "label": "OOOOOOOOOOOOOOOOO",
            "normalized": [],
            "type": []
        },
        {
            "speaker": "医生",
            "sentence": "尽量给宝贝熬点粥，哄着多喝水，水本身也有化痰效果哦",
            "label": "OOOOOOOOOOOOOOOOOOOOOOOOO",
            "normalized": [],
            "type": []
        },
        {
            "speaker": "患者",
            "sentence": "易坦静可以吃这个嘛",
            "label": "OOOOOOOOO",
            "normalized": [],
            "type": []
        },
        {
            "speaker": "医生",
            "sentence": "这个可以化痰，但是，需要医生看过宝宝后，确定是不是适合宝宝用哦，不要自行给宝贝吃药",
            "label": "OOOOOOOOOOOOOOOOOOOOOOOOOOOOOOOOOOOOOOOOO",
            "normalized": [],
            "type": []
        },
        {
            "speaker": "医生",
            "sentence": "宝宝现在的情况，需要的是进口就诊，排除支气管炎哦，再确定下一步治疗",
            "label": "OOOOOOOOOOOOOOOOOOOBIIIOOOOOOOOOO",
            "normalized": [
                "支气管炎"
            ],
            "type": [
                "3"
            ]
        },
        {
            "speaker": "医生",
            "sentence": "是尽快就诊",
            "label": "OOOOO",
            "normalized": [],
            "type": []
        },
        {
            "speaker": "医生",
            "sentence": "婴幼儿用药需要经过专业儿科医生面诊后开具",
            "label": "OOOOOOOOOOOOOOOOOOOO",
            "normalized": [],
            "type": []
        },
        {
            "speaker": "患者",
            "sentence": "可以吃香蕉嘛",
            "label": "OOOOOO",
            "normalized": [],
            "type": []
        },
        {
            "speaker": "医生",
            "sentence": "可以，但是不要太多，容易腹胀",
            "label": "OOOOOOOOOOOOBI",
            "normalized": [
                "腹胀"
            ],
            "type": [
                "3"
            ]
        },
        {
            "speaker": "医生",
            "sentence": "吃些苹果，西瓜，桃子等新鲜水果，注意饮食卫生哦",
            "label": "OOOOOOOOOOOOOOOOOOOOOOO",
            "normalized": [],
            "type": []
        },
        {
            "speaker": "医生",
            "sentence": "您还在吗",
            "label": "OOOO",
            "normalized": [],
            "type": []
        },
        {
            "speaker": "医生",
            "sentence": "您还有疑问吗",
            "label": "OOOOOO",
            "normalized": [],
            "type": []
        },
        {
            "speaker": "患者",
            "sentence": "额嗯嗯",
            "label": "OOO",
            "normalized": [],
            "type": []
        },
        {
            "speaker": "医生",
            "sentence": "好的",
            "label": "OO",
            "normalized": [],
            "type": []
        },
        {
            "speaker": "患者",
            "sentence": "需要尽快去医院是嘛",
            "label": "OOOOOOOOO",
            "normalized": [],
            "type": []
        },
        {
            "speaker": "医生",
            "sentence": "是的，可以避免宝宝病情进展，同时给于最好的治疗，减轻症状",
            "label": "OOOOOOOOOOOOOOOOOOOOOOOOOOOO",
            "normalized": [],
            "type": []
        }
    ]
}