{
    "data-split": "train",
    "example-id": "10189958",
    "dialogue-content": [
        {
            "speaker": "医生",
            "sentence": "你好，很高兴能够帮助你。",
            "label": "OOOOOOOOOOOO",
            "normalized": [],
            "type": []
        },
        {
            "speaker": "患者",
            "sentence": "宝宝反复咳嗽，还很厉害，吃药都没用",
            "label": "OOOOBIOOOOOOOOOOO",
            "normalized": [
                "咳嗽"
            ],
            "type": [
                "1"
            ]
        },
        {
            "speaker": "医生",
            "sentence": "宝宝咳嗽有没有痰？",
            "label": "OOBIOOOBO",
            "normalized": [
                "咳嗽",
                "痰"
            ],
            "type": [
                "1",
                "1"
            ]
        },
        {
            "speaker": "患者",
            "sentence": "有",
            "label": "O",
            "normalized": [],
            "type": []
        },
        {
            "speaker": "患者",
            "sentence": "反复1个月了",
            "label": "OOOOOO",
            "normalized": [],
            "type": []
        },
        {
            "speaker": "医生",
            "sentence": "是能听到呼噜呼噜的痰音吗？",
            "label": "OOOOOOOOOBIOO",
            "normalized": [
                "痰鸣音"
            ],
            "type": [
                "1"
            ]
        },
        {
            "speaker": "患者",
            "sentence": "能",
            "label": "O",
            "normalized": [],
            "type": []
        },
        {
            "speaker": "医生",
            "sentence": "那宝宝除了咳嗽有没有其他症状呢？比如说发热。",
            "label": "OOOOOBIOOOOOOOOOOOOBIO",
            "normalized": [
                "咳嗽",
                "发热"
            ],
            "type": [
                "1",
                "2"
            ]
        },
        {
            "speaker": "患者",
            "sentence": "没有，现在感冒很严重",
            "label": "OOOOOBIOOO",
            "normalized": [
                "普通感冒"
            ],
            "type": [
                "1"
            ]
        },
        {
            "speaker": "患者",
            "sentence": "咳嗽也厉害",
            "label": "BIOOO",
            "normalized": [
                "咳嗽"
            ],
            "type": [
                "1"
            ]
        },
        {
            "speaker": "医生",
            "sentence": "宝宝感冒主要是什么症状呢？",
            "label": "OOBIOOOOOOOOO",
            "normalized": [
                "普通感冒"
            ],
            "type": [
                "1"
            ]
        },
        {
            "speaker": "医生",
            "sentence": "有没有鼻塞流涕？",
            "label": "OOOBIBIO",
            "normalized": [
                "鼻塞",
                "鼻流涕"
            ],
            "type": [
                "3",
                "1"
            ]
        },
        {
            "speaker": "患者",
            "sentence": "流鼻涕",
            "label": "BII",
            "normalized": [
                "鼻流涕"
            ],
            "type": [
                "1"
            ]
        },
        {
            "speaker": "医生",
            "sentence": "流鼻涕也有一个月了吗？",
            "label": "BIIOOOOOOOO",
            "normalized": [
                "鼻流涕"
            ],
            "type": [
                "1"
            ]
        },
        {
            "speaker": "患者",
            "sentence": "一个星期左右",
            "label": "OOOOOO",
            "normalized": [],
            "type": []
        },
        {
            "speaker": "医生",
            "sentence": "那是最近才出现的，现在流的是清鼻涕还是浓鼻涕？",
            "label": "OOOOOOOOOOOOOOBIIOOOBIO",
            "normalized": [
                "鼻流涕",
                "鼻流涕"
            ],
            "type": [
                "1",
                "1"
            ]
        },
        {
            "speaker": "患者",
            "sentence": "清鼻涕",
            "label": "BII",
            "normalized": [
                "鼻流涕"
            ],
            "type": [
                "1"
            ]
        },
        {
            "speaker": "医生",
            "sentence": "好的。宝宝有咳嗽。咳痰流鼻涕，考虑是上呼吸道感染。上呼吸道感染分为病毒性和细菌性的。",
            "label": "OOOOOOBIOBIBIIOOOBIIIIIIOBIIIIIOOOOOOOOOOO",
            "normalized": [
                "咳嗽",
                "咳痰",
                "鼻流涕",
                "呼吸道感染",
                "上呼吸道感染"
            ],
            "type": [
                "1",
                "1",
                "1",
                "3",
                "3"
            ]
        },
        {
            "speaker": "医生",
            "sentence": "宝宝有查过血常规吗？如果白细胞升高比较支持细菌性感染，可以加用消炎药。",
            "label": "OOOOOOOOOOOOOOOOOOOOOBIIIIOOOOOOOOO",
            "normalized": [
                "细菌感染"
            ],
            "type": [
                "3"
            ]
        },
        {
            "speaker": "患者",
            "sentence": "这个怎么办",
            "label": "OOOOO",
            "normalized": [],
            "type": []
        },
        {
            "speaker": "医生",
            "sentence": "有查过血常规吗？",
            "label": "OOOOOOOO",
            "normalized": [],
            "type": []
        },
        {
            "speaker": "患者",
            "sentence": "挂了一星期的水，这刚过一星期又咳嗽了",
            "label": "OOOOOOOOOOOOOOOBIO",
            "normalized": [
                "咳嗽"
            ],
            "type": [
                "1"
            ]
        },
        {
            "speaker": "患者",
            "sentence": "没有",
            "label": "OO",
            "normalized": [],
            "type": []
        },
        {
            "speaker": "医生",
            "sentence": "好的。",
            "label": "OOO",
            "normalized": [],
            "type": []
        },
        {
            "speaker": "医生",
            "sentence": "宝宝咳嗽有没有比之前好一点呢？因为咳嗽这个症状确实比较难好。",
            "label": "OOBIOOOOOOOOOOOOOBIOOOOOOOOOOO",
            "normalized": [
                "咳嗽",
                "咳嗽"
            ],
            "type": [
                "1",
                "1"
            ]
        },
        {
            "speaker": "患者",
            "sentence": "挂水就好，过几天又咳嗽",
            "label": "OOOOOOOOOBI",
            "normalized": [
                "咳嗽"
            ],
            "type": [
                "1"
            ]
        },
        {
            "speaker": "医生",
            "sentence": "你自己有没有用什么止咳的？",
            "label": "OOOOOOOOOOOOO",
            "normalized": [],
            "type": []
        },
        {
            "speaker": "患者",
            "sentence": "一直在喝止咳化痰的，没用",
            "label": "OOOOOOOOOOOO",
            "normalized": [],
            "type": []
        },
        {
            "speaker": "医生",
            "sentence": "好的。在医院做过什么检查吗？比如说支原体抗体，血常规胸片这些做过吗？",
            "label": "OOOOOOOOOOOOOOOOOOOOOOOOOOOOOOOOOO",
            "normalized": [],
            "type": []
        },
        {
            "speaker": "患者",
            "sentence": "没有",
            "label": "OO",
            "normalized": [],
            "type": []
        },
        {
            "speaker": "医生",
            "sentence": "因为如果支原体感染的话会造成，长期剧烈咳嗽。",
            "label": "OOOOBIIIIOOOOOOOOOOBIO",
            "normalized": [
                "支原体感染",
                "咳嗽"
            ],
            "type": [
                "3",
                "1"
            ]
        },
        {
            "speaker": "患者",
            "sentence": "如果是的话，怎么办",
            "label": "OOOOOOOOO",
            "normalized": [],
            "type": []
        },
        {
            "speaker": "医生",
            "sentence": "如果是的话，可以用红霉素或者阿奇霉素类的抗感染。",
            "label": "OOOOOOOOOOOOOOOOOOOOOOOO",
            "normalized": [],
            "type": []
        },
        {
            "speaker": "患者",
            "sentence": "之前挂的阿奇",
            "label": "OOOOOO",
            "normalized": [],
            "type": []
        },
        {
            "speaker": "医生",
            "sentence": "好的，已经用过了。那宝宝现在可能是因为嗓子轻微充血，轻微的炎症，然后遇到一些冷空气或者容易过敏的东西，而出现咳嗽。",
            "label": "OOOOOOOOOOOOOOOOOOOOOOOOOOOOOOOOOOOOOOOOOOOOOBIOOOOOOOBIO",
            "normalized": [
                "过敏",
                "咳嗽"
            ],
            "type": [
                "3",
                "1"
            ]
        },
        {
            "speaker": "患者",
            "sentence": "现在咳嗽厉害怎么办",
            "label": "OOBIOOOOO",
            "normalized": [
                "咳嗽"
            ],
            "type": [
                "1"
            ]
        },
        {
            "speaker": "医生",
            "sentence": "主要是止咳了。你都用的什么糖浆？",
            "label": "OOOOOOOOOOOOOOOO",
            "normalized": [],
            "type": []
        },
        {
            "speaker": "患者",
            "sentence": "小儿化痰止咳颗粒",
            "label": "OOOOOOOO",
            "normalized": [],
            "type": []
        },
        {
            "speaker": "医生",
            "sentence": "好的。宝宝有没有接触过冷空气，或者是花粉毛绒玩具这些。",
            "label": "OOOOOOOOOOOOOOOOOOOOOOOOOOO",
            "normalized": [],
            "type": []
        },
        {
            "speaker": "患者",
            "sentence": "没有",
            "label": "OO",
            "normalized": [],
            "type": []
        },
        {
            "speaker": "医生",
            "sentence": "建议您可以给他用点氨溴索，止咳化痰。",
            "label": "OOOOOOOOOOOOOOOOOO",
            "normalized": [],
            "type": []
        },
        {
            "speaker": "医生",
            "sentence": "这个可以减轻气道的水肿炎症。",
            "label": "OOOOOOOOOOOOOO",
            "normalized": [],
            "type": []
        },
        {
            "speaker": "医生",
            "sentence": "上呼吸道感染的症状中，发热咳嗽咳痰，鼻塞流涕，全身不舒服等等。就咳嗽症状好的最慢。",
            "label": "BIIIIIOOOOOBIBIIIOBIBIOOOOOOOOOOBIOOOOOOO",
            "normalized": [
                "上呼吸道感染",
                "发热",
                "咳嗽",
                "鼻塞",
                "鼻流涕",
                "咳嗽"
            ],
            "type": [
                "3",
                "3",
                "1",
                "3",
                "1",
                "1"
            ]
        }
    ]
}