{
    "data-split": "train",
    "example-id": "10330955",
    "dialogue-content": [
        {
            "speaker": "医生",
            "sentence": "你好！",
            "label": "OOO",
            "normalized": [],
            "type": []
        },
        {
            "speaker": "患者",
            "sentence": "你好",
            "label": "OO",
            "normalized": [],
            "type": []
        },
        {
            "speaker": "医生",
            "sentence": "发病几天啦",
            "label": "OOOOO",
            "normalized": [],
            "type": []
        },
        {
            "speaker": "患者",
            "sentence": "3.4天了",
            "label": "OOOOO",
            "normalized": [],
            "type": []
        },
        {
            "speaker": "医生",
            "sentence": "现在不发烧了，还吐吗。",
            "label": "OOOBIOOOBOO",
            "normalized": [
                "发热",
                "呕吐"
            ],
            "type": [
                "2",
                "2"
            ]
        },
        {
            "speaker": "患者",
            "sentence": "不吐了",
            "label": "BIO",
            "normalized": [
                "呕吐"
            ],
            "type": [
                "2"
            ]
        },
        {
            "speaker": "医生",
            "sentence": "大便一天几次？什么形状的？",
            "label": "OOOOOOOOOOOOO",
            "normalized": [],
            "type": []
        },
        {
            "speaker": "患者",
            "sentence": "好像积食了，吃了一点就拉，鸡蛋花",
            "label": "OOBIOOOOOOOOOOOO",
            "normalized": [
                "积食"
            ],
            "type": [
                "1"
            ]
        },
        {
            "speaker": "医生",
            "sentence": "去医院检查过了吗？",
            "label": "OOOOOOOOO",
            "normalized": [],
            "type": []
        },
        {
            "speaker": "患者",
            "sentence": "肚子胃都胀，肚子里都咕噜咕噜的",
            "label": "OOOOBOOOOOBIIIO",
            "normalized": [
                "腹胀",
                "肠鸣音"
            ],
            "type": [
                "1",
                "1"
            ]
        },
        {
            "speaker": "患者",
            "sentence": "去了，艾灸吃药挂水都用了，怎么不见好",
            "label": "OOOOOOOOOOOOOOOOOO",
            "normalized": [],
            "type": []
        },
        {
            "speaker": "医生",
            "sentence": "吃药几天啦",
            "label": "OOOOO",
            "normalized": [],
            "type": []
        },
        {
            "speaker": "患者",
            "sentence": "四磨汤药可以吃吗",
            "label": "OOOOOOOO",
            "normalized": [],
            "type": []
        },
        {
            "speaker": "患者",
            "sentence": "3.4了",
            "label": "OOOO",
            "normalized": [],
            "type": []
        },
        {
            "speaker": "患者",
            "sentence": "天",
            "label": "O",
            "normalized": [],
            "type": []
        },
        {
            "speaker": "医生",
            "sentence": "还是不见好，拉肚子是吗？",
            "label": "OOOOOOBIIOOO",
            "normalized": [
                "腹泻"
            ],
            "type": [
                "1"
            ]
        },
        {
            "speaker": "患者",
            "sentence": "是的",
            "label": "OO",
            "normalized": [],
            "type": []
        },
        {
            "speaker": "医生",
            "sentence": "孩子有精神吗",
            "label": "OOOOOO",
            "normalized": [],
            "type": []
        },
        {
            "speaker": "患者",
            "sentence": "一直闹人，就是胃肚子胀",
            "label": "OOOOOOOOBII",
            "normalized": [
                "腹胀"
            ],
            "type": [
                "1"
            ]
        },
        {
            "speaker": "患者",
            "sentence": "去医院讲是上积下漏",
            "label": "OOOOOOOOO",
            "normalized": [],
            "type": []
        },
        {
            "speaker": "医生",
            "sentence": "根据你说的情况，孩子还是消化不良的，",
            "label": "OOOOOOOOOOOOBIIIOO",
            "normalized": [
                "消化不良"
            ],
            "type": [
                "1"
            ]
        },
        {
            "speaker": "患者",
            "sentence": "嗯是的",
            "label": "OOO",
            "normalized": [],
            "type": []
        },
        {
            "speaker": "医生",
            "sentence": "冬季的消化不良，恢复的是比较慢的。",
            "label": "OOOBIIIOOOOOOOOOO",
            "normalized": [
                "消化不良"
            ],
            "type": [
                "1"
            ]
        },
        {
            "speaker": "医生",
            "sentence": "一般的一周左右会好的。",
            "label": "OOOOOOOOOOO",
            "normalized": [],
            "type": []
        },
        {
            "speaker": "患者",
            "sentence": "哦，四磨汤药可以吗",
            "label": "OOOOOOOOO",
            "normalized": [],
            "type": []
        },
        {
            "speaker": "医生",
            "sentence": "可以的，可以继续口服助消化的药物。",
            "label": "OOOOOOOOOOOOOOOOO",
            "normalized": [],
            "type": []
        },
        {
            "speaker": "医生",
            "sentence": "如果孩子精神好没有呕吐，没有脱水的情况。",
            "label": "OOOOOOOOOBIOOOBIOOOO",
            "normalized": [
                "呕吐",
                "脱水"
            ],
            "type": [
                "3",
                "3"
            ]
        },
        {
            "speaker": "患者",
            "sentence": "",
            "label": "",
            "normalized": [],
            "type": []
        },
        {
            "speaker": "患者",
            "sentence": "吃的这些药",
            "label": "OOOOO",
            "normalized": [],
            "type": []
        },
        {
            "speaker": "医生",
            "sentence": "可以继续口服助消化的药物，两到三天。",
            "label": "OOOOOOOOOOOOOOOOOO",
            "normalized": [],
            "type": []
        },
        {
            "speaker": "医生",
            "sentence": "加强护理，注意保暖，不要着凉的。",
            "label": "OOOOOOOOOOOOOOOO",
            "normalized": [],
            "type": []
        },
        {
            "speaker": "患者",
            "sentence": "健胃消食片都可以吃吧",
            "label": "OOOOOOOOOO",
            "normalized": [],
            "type": []
        },
        {
            "speaker": "医生",
            "sentence": "可以适当的调整一下药物。",
            "label": "OOOOOOOOOOOO",
            "normalized": [],
            "type": []
        },
        {
            "speaker": "患者",
            "sentence": "嗯好的",
            "label": "OOO",
            "normalized": [],
            "type": []
        },
        {
            "speaker": "医生",
            "sentence": "可以吃上妈咪爱，思密达，和小儿广扑止泻口服液。",
            "label": "OOOOOOOOOOOOOOOOOOOOOOO",
            "normalized": [],
            "type": []
        },
        {
            "speaker": "医生",
            "sentence": "这三种药物一起吃，按说明书吃。",
            "label": "OOOOOOOOOOOOOOO",
            "normalized": [],
            "type": []
        },
        {
            "speaker": "医生",
            "sentence": "吃上三天，观察变化",
            "label": "OOOOOOOOO",
            "normalized": [],
            "type": []
        },
        {
            "speaker": "患者",
            "sentence": "好的",
            "label": "OO",
            "normalized": [],
            "type": []
        },
        {
            "speaker": "医生",
            "sentence": "大多数一周左右会好哒。",
            "label": "OOOOOOOOOOO",
            "normalized": [],
            "type": []
        },
        {
            "speaker": "患者",
            "sentence": "好的谢谢",
            "label": "OOOO",
            "normalized": [],
            "type": []
        },
        {
            "speaker": "医生",
            "sentence": "不客气的",
            "label": "OOOO",
            "normalized": [],
            "type": []
        },
        {
            "speaker": "医生",
            "sentence": "要加强护理，注意保暖。",
            "label": "OOOOOOOOOOO",
            "normalized": [],
            "type": []
        },
        {
            "speaker": "医生",
            "sentence": "吃比较好消化的食物",
            "label": "OOOOOOOOO",
            "normalized": [],
            "type": []
        },
        {
            "speaker": "医生",
            "sentence": "同时要多喝水",
            "label": "OOOOOO",
            "normalized": [],
            "type": []
        },
        {
            "speaker": "患者",
            "sentence": "嗯",
            "label": "O",
            "normalized": [],
            "type": []
        },
        {
            "speaker": "医生",
            "sentence": "可以用暖水袋给孩子把肚子暖一暖。尤其是晚上不要着凉的。",
            "label": "OOOOOOOOOOOOOOOOOOOOOOOOOOO",
            "normalized": [],
            "type": []
        }
    ]
}