{
    "data-split": "train",
    "example-id": "10702545",
    "dialogue-content": [
        {
            "speaker": "医生",
            "sentence": "你好",
            "label": "OO",
            "normalized": [],
            "type": []
        },
        {
            "speaker": "患者",
            "sentence": "你好",
            "label": "OO",
            "normalized": [],
            "type": []
        },
        {
            "speaker": "医生",
            "sentence": "出现上述情况有多长时间了",
            "label": "OOOOOOOOOOOO",
            "normalized": [],
            "type": []
        },
        {
            "speaker": "医生",
            "sentence": "除了咳嗽以外，还有其他的症状吗",
            "label": "OOBIOOOOOOOOOOO",
            "normalized": [
                "咳嗽"
            ],
            "type": [
                "1"
            ]
        },
        {
            "speaker": "患者",
            "sentence": "我想问下这种情况吃什么药",
            "label": "OOOOOOOOOOOO",
            "normalized": [],
            "type": []
        },
        {
            "speaker": "患者",
            "sentence": "3天",
            "label": "OO",
            "normalized": [],
            "type": []
        },
        {
            "speaker": "医生",
            "sentence": "根据你所描述的情况，这个孩子应该考虑气管炎",
            "label": "OOOOOOOOOOOOOOOOOOBII",
            "normalized": [
                "支气管炎"
            ],
            "type": [
                "3"
            ]
        },
        {
            "speaker": "患者",
            "sentence": "就昨晚睡觉前咳嗽厉害点，其他很少的",
            "label": "OOOOOOBIOOOOOOOOO",
            "normalized": [
                "咳嗽"
            ],
            "type": [
                "1"
            ]
        },
        {
            "speaker": "医生",
            "sentence": "需要给孩子口服化痰止咳的药物",
            "label": "OOOOOOOOOOOOOO",
            "normalized": [],
            "type": []
        },
        {
            "speaker": "患者",
            "sentence": "嘴巴臭",
            "label": "OOO",
            "normalized": [],
            "type": []
        },
        {
            "speaker": "医生",
            "sentence": "如果有黄痰或者黄鼻涕的情况，需要加消炎药",
            "label": "OOOBIOOBIIOOOOOOOOOO",
            "normalized": [
                "痰",
                "鼻流涕"
            ],
            "type": [
                "2",
                "2"
            ]
        },
        {
            "speaker": "医生",
            "sentence": "口腔当中有臭味，说明这个孩子胃肠功能不是特别的好，与咳嗽没有太大的关系",
            "label": "OOOOOOOOOOOOOOOOOOOOOOOOOOBIOOOOOOO",
            "normalized": [
                "咳嗽"
            ],
            "type": [
                "1"
            ]
        },
        {
            "speaker": "患者",
            "sentence": "没有鼻涕",
            "label": "OOBI",
            "normalized": [
                "鼻流涕"
            ],
            "type": [
                "2"
            ]
        },
        {
            "speaker": "患者",
            "sentence": "没有痰",
            "label": "BII",
            "normalized": [
                "痰"
            ],
            "type": [
                "2"
            ]
        },
        {
            "speaker": "医生",
            "sentence": "即便这个孩子没有流鼻涕的情况，也应该考虑呼吸道感染",
            "label": "OOOOOOOOBIIOOOOOOOOOBIIII",
            "normalized": [
                "鼻流涕",
                "呼吸道感染"
            ],
            "type": [
                "2",
                "3"
            ]
        },
        {
            "speaker": "医生",
            "sentence": "如果气管当中没有痰，就不会出现刺激气道出现咳嗽了",
            "label": "OOOOOOOOBOOOOOOOOOOOOBIO",
            "normalized": [
                "痰",
                "咳嗽"
            ],
            "type": [
                "2",
                "1"
            ]
        },
        {
            "speaker": "患者",
            "sentence": "该吃什么药",
            "label": "OOOOO",
            "normalized": [],
            "type": []
        },
        {
            "speaker": "医生",
            "sentence": "气管当中肯定有分泌物，但是不是特别的多，如果分泌物增多了才会形成痰液",
            "label": "OOOOOOOOOOOOOOOOOOOOOOOOOOOOOOOOBO",
            "normalized": [
                "痰"
            ],
            "type": [
                "3"
            ]
        },
        {
            "speaker": "医生",
            "sentence": "那就给孩子口服清热止咳的药物吧，可以选择小儿清热止咳口服液，或者金振口服液",
            "label": "OOOOOOOOOOOOOOOOOOOOOOOOOOOOOOOOOOOOO",
            "normalized": [],
            "type": []
        },
        {
            "speaker": "医生",
            "sentence": "那这个孩子既往体质怎么样？有没有出现反复的呼吸道感染",
            "label": "OOOOOOOOOOOOOOOOOOOOOBIIII",
            "normalized": [
                "呼吸道感染"
            ],
            "type": [
                "3"
            ]
        },
        {
            "speaker": "患者",
            "sentence": "以前会",
            "label": "OOO",
            "normalized": [],
            "type": []
        },
        {
            "speaker": "医生",
            "sentence": "如果这个孩子体质不是特别的好，应该口服消炎药的控制感染，可以选择阿奇霉素，因为这个孩子夜间咳嗽症状比较重，不能排除支原体感染",
            "label": "OOOOOOOOOOOOOOOOOOOOOOOOOOOOOOOOOOOOOOOOOOOOOBIOOOOOOOOOOBIIII",
            "normalized": [
                "咳嗽",
                "支原体感染"
            ],
            "type": [
                "1",
                "3"
            ]
        },
        {
            "speaker": "患者",
            "sentence": "好的，谢谢。",
            "label": "OOOOOO",
            "normalized": [],
            "type": []
        },
        {
            "speaker": "医生",
            "sentence": "不客气",
            "label": "OOO",
            "normalized": [],
            "type": []
        },
        {
            "speaker": "医生",
            "sentence": "先口服上述药物，观察2到3天，如果咳嗽的症状没有明显的缓解，或者说有加重的趋势，那就需要到医院就诊的，有必要进行进一步的检查",
            "label": "OOOOOOOOOOOOOOOOOBIOOOOOOOOOOOOOOOOOOOOOOOOOOOOOOOOOOOOOOOOOOO",
            "normalized": [
                "咳嗽"
            ],
            "type": [
                "1"
            ]
        },
        {
            "speaker": "医生",
            "sentence": "毕竟这个孩子年龄有点小，应该给予积极的治疗，以免症状加重",
            "label": "OOOOOOOOOOOOOOOOOOOOOOOOOOOO",
            "normalized": [],
            "type": []
        },
        {
            "speaker": "医生",
            "sentence": "这个疾病都是由于炎症刺激所引起的，病毒或者细菌感染，当然支原体也会导致孩子出现咳嗽的情况",
            "label": "OOOOOOOOOOOOOOOOOOOOOBIIIOOOOOOOOOOOOOOBIOOO",
            "normalized": [
                "细菌感染",
                "咳嗽"
            ],
            "type": [
                "3",
                "1"
            ]
        },
        {
            "speaker": "医生",
            "sentence": "如果有可能的话应该到医院进行血常规的检查，肺炎支原体抗体的检查，明确一下感染的病原体",
            "label": "OOOOOOOOOOOOOOOOOOOOOBIOOOOOOOOOOOOOOOOOOO",
            "normalized": [
                "肺炎"
            ],
            "type": [
                "3"
            ]
        },
        {
            "speaker": "医生",
            "sentence": "另外需要给孩子多喝水的，这样有助于痰液的排出",
            "label": "OOOOOOOOOOOOOOOOOBOOOO",
            "normalized": [
                "痰"
            ],
            "type": [
                "3"
            ]
        },
        {
            "speaker": "医生",
            "sentence": "保持室内的湿度高一些，请给孩子拍背，可以促进气道当中的分泌物排出体外",
            "label": "OOOOOOOOOOOOOOOOOOOOOOOOOOOOOOOOOO",
            "normalized": [],
            "type": []
        }
    ]
}