{
    "data-split": "train",
    "example-id": "10035922",
    "dialogue-content": [
        {
            "speaker": "医生",
            "sentence": "这个孩子除了咳嗽以外，还有其他的症状吗？",
            "label": "OOOOOOBIOOOOOOOOOOOO",
            "normalized": [
                "咳嗽"
            ],
            "type": [
                "1"
            ]
        },
        {
            "speaker": "患者",
            "sentence": "前1周有脖子处淋巴结肿大",
            "label": "OOOOOOOBIIII",
            "normalized": [
                "淋巴结肿大"
            ],
            "type": [
                "1"
            ]
        },
        {
            "speaker": "患者",
            "sentence": "发烧",
            "label": "BI",
            "normalized": [
                "发热"
            ],
            "type": [
                "1"
            ]
        },
        {
            "speaker": "医生",
            "sentence": "这个孩子断断续续的咳嗽有多长时间了？",
            "label": "OOOOOOOOOBIOOOOOOO",
            "normalized": [
                "咳嗽"
            ],
            "type": [
                "1"
            ]
        },
        {
            "speaker": "患者",
            "sentence": "7月份至今",
            "label": "OOOOO",
            "normalized": [],
            "type": []
        },
        {
            "speaker": "医生",
            "sentence": "你都进行过什么检查？",
            "label": "OOOOOOOOOO",
            "normalized": [],
            "type": []
        },
        {
            "speaker": "患者",
            "sentence": "去医院验过血，血项都正常",
            "label": "OOOOOOOOOOOO",
            "normalized": [],
            "type": []
        },
        {
            "speaker": "医生",
            "sentence": "进行过胸片的检查吗？",
            "label": "OOOOOOOOOO",
            "normalized": [],
            "type": []
        },
        {
            "speaker": "患者",
            "sentence": "没有，医生听了说没有必要，诊断为上呼吸道感染，但至今未痊愈，时好时坏",
            "label": "OOOOOOOOOOOOOOOOBIIIIIOOOOOOOOOOOO",
            "normalized": [
                "上呼吸道感染"
            ],
            "type": [
                "3"
            ]
        },
        {
            "speaker": "医生",
            "sentence": "这孩子既往有没有喘息发作，家族中有没有过敏性体质的人，小时候有没有湿疹的情况？",
            "label": "OOOOOOOOBIOOOOOOOOOOOOOOOOOOOOOOOBIOOOO",
            "normalized": [
                "喘息",
                "湿疹"
            ],
            "type": [
                "3",
                "3"
            ]
        },
        {
            "speaker": "患者",
            "sentence": "你说的都没有",
            "label": "OOOOOO",
            "normalized": [],
            "type": []
        },
        {
            "speaker": "医生",
            "sentence": "这个孩子夜间咳嗽重，还是白天咳嗽重？",
            "label": "OOOOOOBIOOOOOOBIOO",
            "normalized": [
                "咳嗽",
                "咳嗽"
            ],
            "type": [
                "1",
                "1"
            ]
        },
        {
            "speaker": "患者",
            "sentence": "他咳嗽主要集中在早上起床，间接咳嗽十声左右，明显带痰，但咳不出来，晚间不咳",
            "label": "OBIOOOOOOOOOOOOBIOOOOOOOOBOOBOOOOOOBI",
            "normalized": [
                "咳嗽",
                "咳嗽",
                "痰",
                "咳嗽",
                "咳嗽"
            ],
            "type": [
                "1",
                "1",
                "1",
                "1",
                "1"
            ]
        },
        {
            "speaker": "患者",
            "sentence": "嘴唇发白",
            "label": "OOOO",
            "normalized": [],
            "type": []
        },
        {
            "speaker": "医生",
            "sentence": "这个孩子有没有鼻塞，流鼻涕的情况？",
            "label": "OOOOOOOBIOBIIOOOO",
            "normalized": [
                "鼻塞",
                "鼻流涕"
            ],
            "type": [
                "2",
                "2"
            ]
        },
        {
            "speaker": "医生",
            "sentence": "有贫血吗，有没有其他的疾病？",
            "label": "OBIOOOOOOOOOOO",
            "normalized": [
                "贫血"
            ],
            "type": [
                "3"
            ]
        },
        {
            "speaker": "患者",
            "sentence": "七天前发过一次烧和淋巴结肿大，您说的症状都没有",
            "label": "OOOOOOOBOBIIIOOOOOOOOOO",
            "normalized": [
                "发热",
                "淋巴结肿大"
            ],
            "type": [
                "1",
                "1"
            ]
        },
        {
            "speaker": "医生",
            "sentence": "这个孩子反复的咳嗽应该进行支原体的检查",
            "label": "OOOOOOOBIOOOOOOOOOO",
            "normalized": [
                "咳嗽"
            ],
            "type": [
                "1"
            ]
        },
        {
            "speaker": "医生",
            "sentence": "特别是年长儿，很容易合并支原体感染。",
            "label": "OOOOOOOOOOOOBIIIIO",
            "normalized": [
                "支原体感染"
            ],
            "type": [
                "3"
            ]
        },
        {
            "speaker": "医生",
            "sentence": "在排除上述因素以后，需要进行肺功能的检查，即便家族中没有类似的病例，也需要注意支气管哮喘或者说过敏性咳嗽的可能",
            "label": "OOOOOOOOOOOOOOOOOOOOOOOOOOOOOOOOOOOOOOOBIIIIOOOOOOBIOOO",
            "normalized": [
                "支气管炎",
                "咳嗽"
            ],
            "type": [
                "3",
                "1"
            ]
        },
        {
            "speaker": "患者",
            "sentence": "这孩子一直以来都特别容易咳嗽，曾经开过增加免疫力的药吃了能好点，但过段时间不吃，再次犯了就不好了",
            "label": "OOOOOOOOOOOOBIOOOOOOOOOOOOOOOOOOOOOOOOOOOOOOOOOO",
            "normalized": [
                "咳嗽"
            ],
            "type": [
                "1"
            ]
        },
        {
            "speaker": "医生",
            "sentence": "支原体感染和过敏体质的孩子，都会导致免疫功能低下。特别是支源体感染的孩子，会导致免疫功能的紊乱，会出现反复的呼吸道感染。",
            "label": "BIIIIOBIOOOOOOOOOOOOOOOOOOOOOOOOOOOOOOOOOOOOOOOOOOOOOOBIIIIO",
            "normalized": [
                "支原体感染",
                "过敏",
                "呼吸道感染"
            ],
            "type": [
                "3",
                "3",
                "3"
            ]
        },
        {
            "speaker": "医生",
            "sentence": "可以继续应用免疫调节剂",
            "label": "OOOOOOOOOOO",
            "normalized": [],
            "type": []
        },
        {
            "speaker": "患者",
            "sentence": "长期服用免疫性药物，会对孩子身体造成不良影响吗",
            "label": "OOOOOOOOOOOOOOOOOOOOOOO",
            "normalized": [],
            "type": []
        },
        {
            "speaker": "医生",
            "sentence": "免疫调节剂需要口服的时间要长，至少需要半个月，短时间内应用效果不明显。对孩子的身体没有太大的影响",
            "label": "OOOOOOOOOOOOOOOOOOOOOOOOOOOOOOOOOOOOOOOOOOOOOOOO",
            "normalized": [],
            "type": []
        },
        {
            "speaker": "患者",
            "sentence": "好的，谢谢你医生",
            "label": "OOOOOOOO",
            "normalized": [],
            "type": []
        },
        {
            "speaker": "医生",
            "sentence": "不客气",
            "label": "OOO",
            "normalized": [],
            "type": []
        },
        {
            "speaker": "医生",
            "sentence": "一定要进行支原体的检查",
            "label": "OOOOOOOOOOO",
            "normalized": [],
            "type": []
        },
        {
            "speaker": "患者",
            "sentence": "好的，谢谢您！",
            "label": "OOOOOOO",
            "normalized": [],
            "type": []
        },
        {
            "speaker": "医生",
            "sentence": "不客气",
            "label": "OOO",
            "normalized": [],
            "type": []
        },
        {
            "speaker": "医生",
            "sentence": "我可以结束服务了吗",
            "label": "OOOOOOOOO",
            "normalized": [],
            "type": []
        },
        {
            "speaker": "患者",
            "sentence": "可以了",
            "label": "OOO",
            "normalized": [],
            "type": []
        }
    ]
}