{
    "data-split": "train",
    "example-id": "10766619",
    "dialogue-content": [
        {
            "speaker": "医生",
            "sentence": "您好，宝宝是流清水鼻涕吗？",
            "label": "OOOOOOBIIIIOO",
            "normalized": [
                "鼻流涕"
            ],
            "type": [
                "1"
            ]
        },
        {
            "speaker": "患者",
            "sentence": "是的",
            "label": "OO",
            "normalized": [],
            "type": []
        },
        {
            "speaker": "医生",
            "sentence": "一直没有间断过吗？",
            "label": "OOOOOOOOO",
            "normalized": [],
            "type": []
        },
        {
            "speaker": "患者",
            "sentence": "前几天就不会1，现在又会流，",
            "label": "OOOOOOOOOOOOOO",
            "normalized": [],
            "type": []
        },
        {
            "speaker": "医生",
            "sentence": "宝宝有没有打喷嚏？咳嗽吗？身上有没有皮疹？",
            "label": "OOOOOBIIOBIOOOOOOOBIO",
            "normalized": [
                "打喷嚏",
                "咳嗽",
                "皮疹"
            ],
            "type": [
                "3",
                "1",
                "2"
            ]
        },
        {
            "speaker": "医生",
            "sentence": "宝宝鼻塞吗？影响睡眠吗？",
            "label": "OOBIOOOOOOOO",
            "normalized": [
                "鼻塞"
            ],
            "type": [
                "3"
            ]
        },
        {
            "speaker": "患者",
            "sentence": "打喷喷不怎么会，咳嗽这几天就会，不会皮疹",
            "label": "OOOOOOOOBIOOOOOOOOBI",
            "normalized": [
                "咳嗽",
                "皮疹"
            ],
            "type": [
                "1",
                "2"
            ]
        },
        {
            "speaker": "医生",
            "sentence": "宝宝还有其他症状吗？比如发热？",
            "label": "OOOOOOOOOOOOBIO",
            "normalized": [
                "发热"
            ],
            "type": [
                "2"
            ]
        },
        {
            "speaker": "患者",
            "sentence": "不会，就是长时间流鼻涕",
            "label": "OOOOOOOOBII",
            "normalized": [
                "鼻流涕"
            ],
            "type": [
                "1"
            ]
        },
        {
            "speaker": "医生",
            "sentence": "最近有没有呛到？",
            "label": "OOOOOOOO",
            "normalized": [],
            "type": []
        },
        {
            "speaker": "患者",
            "sentence": "不会",
            "label": "OO",
            "normalized": [],
            "type": []
        },
        {
            "speaker": "医生",
            "sentence": "嗓子哑吗？咳嗽频繁吗？有没有痰？有没有气喘？",
            "label": "BIIOOBIOOOOOOOBOOOOBIO",
            "normalized": [
                "沙哑",
                "咳嗽",
                "痰",
                "喘息"
            ],
            "type": [
                "2",
                "1",
                "2",
                "2"
            ]
        },
        {
            "speaker": "患者",
            "sentence": "这些不会，咳嗽一两下",
            "label": "OOOOOBIOOO",
            "normalized": [
                "咳嗽"
            ],
            "type": [
                "1"
            ]
        },
        {
            "speaker": "医生",
            "sentence": "宝宝平常容易过敏吗？家里有没有鼻炎患者或者哮喘病人？",
            "label": "OOOOOOBIOOOOOOOOOOOOOOOOOO",
            "normalized": [
                "过敏"
            ],
            "type": [
                "2"
            ]
        },
        {
            "speaker": "患者",
            "sentence": "不会",
            "label": "OO",
            "normalized": [],
            "type": []
        },
        {
            "speaker": "医生",
            "sentence": "好的",
            "label": "OO",
            "normalized": [],
            "type": []
        },
        {
            "speaker": "患者",
            "sentence": "嗯",
            "label": "O",
            "normalized": [],
            "type": []
        },
        {
            "speaker": "医生",
            "sentence": "给宝贝做过什么检查吗？",
            "label": "OOOOOOOOOOO",
            "normalized": [],
            "type": []
        },
        {
            "speaker": "患者",
            "sentence": "没有",
            "label": "OO",
            "normalized": [],
            "type": []
        },
        {
            "speaker": "医生",
            "sentence": "看过医生了吗？",
            "label": "OOOOOOO",
            "normalized": [],
            "type": []
        },
        {
            "speaker": "医生",
            "sentence": "都怎么治疗的?",
            "label": "OOOOOOO",
            "normalized": [],
            "type": []
        },
        {
            "speaker": "患者",
            "sentence": "有看过，吃药没有见好",
            "label": "OOOOOOOOOO",
            "normalized": [],
            "type": []
        },
        {
            "speaker": "医生",
            "sentence": "一般宝宝反复流涕多见于反复上呼吸道感染，鼻炎，过敏等情况",
            "label": "OOOOOOBIOOOOOBIIIIIOBIOBIOOO",
            "normalized": [
                "鼻流涕",
                "上呼吸道感染",
                "鼻炎",
                "过敏"
            ],
            "type": [
                "1",
                "3",
                "3",
                "3"
            ]
        },
        {
            "speaker": "医生",
            "sentence": "都给宝宝吃过什么药？",
            "label": "OOOOOOOOOO",
            "normalized": [],
            "type": []
        },
        {
            "speaker": "患者",
            "sentence": "包些西药吃，上次有吃也是呼吸道感染.忘记药名了",
            "label": "OOOOOOOOOOOOBIIIIOOOOOO",
            "normalized": [
                "呼吸道感染"
            ],
            "type": [
                "1"
            ]
        },
        {
            "speaker": "医生",
            "sentence": "宝宝一般会好转几天再流鼻涕是吗",
            "label": "OOOOOOOOOOBIIOO",
            "normalized": [
                "鼻流涕"
            ],
            "type": [
                "1"
            ]
        },
        {
            "speaker": "患者",
            "sentence": "56天把",
            "label": "OOOO",
            "normalized": [],
            "type": []
        },
        {
            "speaker": "医生",
            "sentence": "您的宝宝考虑反复上呼吸道感染引起的",
            "label": "OOOOOOOOBIIIIIOOO",
            "normalized": [
                "上呼吸道感染"
            ],
            "type": [
                "3"
            ]
        },
        {
            "speaker": "医生",
            "sentence": "不要太紧张",
            "label": "OOOOO",
            "normalized": [],
            "type": []
        },
        {
            "speaker": "医生",
            "sentence": "现在给宝贝吃药了吗？",
            "label": "OOOOOOOOOO",
            "normalized": [],
            "type": []
        },
        {
            "speaker": "医生",
            "sentence": "需要给宝宝忌饮食，不要吃海鲜油腻刺激性食物",
            "label": "OOOOOOOOOOOOOOOOOOOOO",
            "normalized": [],
            "type": []
        },
        {
            "speaker": "患者",
            "sentence": "有也是包些西药吃",
            "label": "OOOOOOOO",
            "normalized": [],
            "type": []
        },
        {
            "speaker": "医生",
            "sentence": "是在医院看的吗",
            "label": "OOOOOOO",
            "normalized": [],
            "type": []
        },
        {
            "speaker": "患者",
            "sentence": "私人的",
            "label": "OOO",
            "normalized": [],
            "type": []
        },
        {
            "speaker": "医生",
            "sentence": "嗯呢",
            "label": "OO",
            "normalized": [],
            "type": []
        },
        {
            "speaker": "医生",
            "sentence": "建议带宝宝去公立医院儿科就诊，查血常规等相关检查，明确炎症情况，给于对症治疗",
            "label": "OOOOOOOOOOOOOOOOOOOOOOOOOOOOOOOOOOOOOO",
            "normalized": [],
            "type": []
        },
        {
            "speaker": "医生",
            "sentence": "宝宝长期流鼻涕时间长了，一直有慢性炎症，也需要排除鼻炎哦",
            "label": "OOOOBIIOOOOOOOOOOOOOOOOOOBIO",
            "normalized": [
                "鼻流涕",
                "鼻炎"
            ],
            "type": [
                "1",
                "3"
            ]
        },
        {
            "speaker": "患者",
            "sentence": "好",
            "label": "O",
            "normalized": [],
            "type": []
        },
        {
            "speaker": "医生",
            "sentence": "反复感染需要根据炎症，给于控制感染治疗",
            "label": "OOOOOOOOOOOOOOOOOOO",
            "normalized": [],
            "type": []
        },
        {
            "speaker": "医生",
            "sentence": "鼻炎的话，需要进一步抗过敏治疗",
            "label": "BIOOOOOOOOOOOOO",
            "normalized": [
                "鼻炎"
            ],
            "type": [
                "3"
            ]
        },
        {
            "speaker": "医生",
            "sentence": "祝宝宝早日康复",
            "label": "OOOOOOO",
            "normalized": [],
            "type": []
        },
        {
            "speaker": "医生",
            "sentence": "关于宝贝健康问题您还需要咨询什么吗？",
            "label": "OOOOOOOOOOOOOOOOOO",
            "normalized": [],
            "type": []
        },
        {
            "speaker": "患者",
            "sentence": "好，谢谢",
            "label": "OOOO",
            "normalized": [],
            "type": []
        },
        {
            "speaker": "患者",
            "sentence": "不用了",
            "label": "OOO",
            "normalized": [],
            "type": []
        },
        {
            "speaker": "医生",
            "sentence": "不客气",
            "label": "OOO",
            "normalized": [],
            "type": []
        },
        {
            "speaker": "医生",
            "sentence": "您有任何问题可以随时和我联系或留言，我看到后会第一时间回复。",
            "label": "OOOOOOOOOOOOOOOOOOOOOOOOOOOOOO",
            "normalized": [],
            "type": []
        }
    ]
}