{
    "data-split": "train",
    "example-id": "10328586",
    "dialogue-content": [
        {
            "speaker": "医生",
            "sentence": "你好",
            "label": "OO",
            "normalized": [],
            "type": []
        },
        {
            "speaker": "患者",
            "sentence": "你好",
            "label": "OO",
            "normalized": [],
            "type": []
        },
        {
            "speaker": "患者",
            "sentence": "宝宝病毒性肠胃炎咳嗽流鼻涕发烧",
            "label": "OOOOOBIIBIBIIBI",
            "normalized": [
                "肠炎",
                "咳嗽",
                "鼻流涕",
                "发热"
            ],
            "type": [
                "1",
                "1",
                "1",
                "1"
            ]
        },
        {
            "speaker": "医生",
            "sentence": "这个孩子目前最主要的症状就是发热，流鼻涕咳嗽，还有拉肚子的情况吗",
            "label": "OOOOOOOOOOOOOOBIOBIIBIOOOBIIOOOO",
            "normalized": [
                "发热",
                "鼻流涕",
                "咳嗽",
                "腹泻"
            ],
            "type": [
                "1",
                "1",
                "1",
                "3"
            ]
        },
        {
            "speaker": "医生",
            "sentence": "呕吐的症状消失了吗",
            "label": "BIOOOOOOO",
            "normalized": [
                "呕吐"
            ],
            "type": [
                "2"
            ]
        },
        {
            "speaker": "患者",
            "sentence": "今天第三天",
            "label": "OOOOO",
            "normalized": [],
            "type": []
        },
        {
            "speaker": "患者",
            "sentence": "昨天晚上一直发烧不退38°",
            "label": "OOOOOOBIOOOOO",
            "normalized": [
                "发热"
            ],
            "type": [
                "1"
            ]
        },
        {
            "speaker": "医生",
            "sentence": "嗯，病毒感染的高峰期为3到4天，度过高峰期以后症状会逐渐缓解",
            "label": "OOBIIIOOOOOOOOOOOOOOOOOOOOOOOO",
            "normalized": [
                "病毒感染"
            ],
            "type": [
                "1"
            ]
        },
        {
            "speaker": "医生",
            "sentence": "这个孩子应该处于高峰期，所以说会出现反复的发热，不超过38.5度是不需要给孩子口服退热药物的",
            "label": "OOOOOOOOOOOOOOOOOOBIIIIOOOOOOOOOOOOOOOOOOOOOOO",
            "normalized": [
                "发热"
            ],
            "type": [
                "1"
            ]
        },
        {
            "speaker": "患者",
            "sentence": "消失了",
            "label": "OOO",
            "normalized": [],
            "type": []
        },
        {
            "speaker": "医生",
            "sentence": "那孩子目前的精神状态怎么样？",
            "label": "OOOOOOOOOOOOOO",
            "normalized": [],
            "type": []
        },
        {
            "speaker": "医生",
            "sentence": "现在每天大便几次啊",
            "label": "OOOOOOOOO",
            "normalized": [],
            "type": []
        },
        {
            "speaker": "患者",
            "sentence": "还可以",
            "label": "OOO",
            "normalized": [],
            "type": []
        },
        {
            "speaker": "患者",
            "sentence": "今天正常",
            "label": "OOOO",
            "normalized": [],
            "type": []
        },
        {
            "speaker": "医生",
            "sentence": "如果孩子精神状态好，可以给孩子多喝水，观察体温变化",
            "label": "OOOOOOOOOOOOOOOOOOOOOOOOO",
            "normalized": [],
            "type": []
        },
        {
            "speaker": "患者",
            "sentence": "前天大便多，昨天三次",
            "label": "OOOOOOOOOO",
            "normalized": [],
            "type": []
        },
        {
            "speaker": "医生",
            "sentence": "也就是说这个孩子仅仅是有呼吸道的症状，胃肠道的症状现在都消失了",
            "label": "OOOOOOOOOOOOOOOOOOOOOOOOOOOOOOO",
            "normalized": [],
            "type": []
        },
        {
            "speaker": "患者",
            "sentence": "今天还没大便",
            "label": "OOOOOO",
            "normalized": [],
            "type": []
        },
        {
            "speaker": "医生",
            "sentence": "应该给孩子口服感冒颗粒和清热解毒药物",
            "label": "OOOOOOOOOOOOOOOOOO",
            "normalized": [],
            "type": []
        },
        {
            "speaker": "患者",
            "sentence": "不吐了",
            "label": "BIO",
            "normalized": [
                "呕吐"
            ],
            "type": [
                "2"
            ]
        },
        {
            "speaker": "医生",
            "sentence": "那这个孩子现在呕吐消失了，今天也没有出现拉肚子的情况，胃肠道的症状明显地缓解了呀",
            "label": "OOOOOOOBIOOOOOOOOOOOBIIOOOOOOOOOOOOOOOOO",
            "normalized": [
                "呕吐",
                "腹泻"
            ],
            "type": [
                "2",
                "2"
            ]
        },
        {
            "speaker": "患者",
            "sentence": "咳嗽厉害流鼻涕",
            "label": "BIOOBII",
            "normalized": [
                "咳嗽",
                "鼻流涕"
            ],
            "type": [
                "1",
                "1"
            ]
        },
        {
            "speaker": "医生",
            "sentence": "现在最主要的问题就是呼吸道的症状",
            "label": "OOOOOOOOOOOOOOOO",
            "normalized": [],
            "type": []
        },
        {
            "speaker": "患者",
            "sentence": "喉咙就像有痰",
            "label": "OOOOBI",
            "normalized": [
                "痰"
            ],
            "type": [
                "3"
            ]
        },
        {
            "speaker": "医生",
            "sentence": "就是上面你说的咳嗽厉害流鼻涕",
            "label": "OOOOOOOBIOOBII",
            "normalized": [
                "咳嗽",
                "鼻流涕"
            ],
            "type": [
                "1",
                "1"
            ]
        },
        {
            "speaker": "患者",
            "sentence": "嗯，",
            "label": "OO",
            "normalized": [],
            "type": []
        },
        {
            "speaker": "医生",
            "sentence": "需要给孩子口服清热止咳药物和感冒颗粒",
            "label": "OOOOOOOOOOOOOOOOOO",
            "normalized": [],
            "type": []
        },
        {
            "speaker": "患者",
            "sentence": "发烧有问题嘛",
            "label": "BIOOOO",
            "normalized": [
                "发热"
            ],
            "type": [
                "1"
            ]
        },
        {
            "speaker": "医生",
            "sentence": "这个体温不需要特殊处理的呼吸道感染的孩子，特别是病毒感染的孩子，可能会出现发热的情况，这是一种正常的现象，在感染控制以后，症状会逐步的缓解。",
            "label": "OOOOOOOOOOOOOOOOOOOOOOOOBIIIOOOOOOOOOBIOOOOOOOOOOOOOOOOOOOOOOOOOOOOOOO",
            "normalized": [
                "病毒感染",
                "发热"
            ],
            "type": [
                "1",
                "1"
            ]
        },
        {
            "speaker": "患者",
            "sentence": "一直不退烧没问题嘛",
            "label": "OOOBIOOOO",
            "normalized": [
                "退热"
            ],
            "type": [
                "2"
            ]
        },
        {
            "speaker": "医生",
            "sentence": "应该没有问题的",
            "label": "OOOOOOO",
            "normalized": [],
            "type": []
        },
        {
            "speaker": "患者",
            "sentence": "药也喂了",
            "label": "OOOO",
            "normalized": [],
            "type": []
        },
        {
            "speaker": "医生",
            "sentence": "这还是最高的体温是多少",
            "label": "OOOOOOOOOOO",
            "normalized": [],
            "type": []
        },
        {
            "speaker": "医生",
            "sentence": "你指的是体温不退，就是38度的体温",
            "label": "OOOOOOOOOOOBIIOOO",
            "normalized": [
                "中等度热"
            ],
            "type": [
                "1"
            ]
        },
        {
            "speaker": "患者",
            "sentence": "咳嗽我能用桐油唔背吗",
            "label": "BIOOOOOOOO",
            "normalized": [
                "咳嗽"
            ],
            "type": [
                "1"
            ]
        },
        {
            "speaker": "医生",
            "sentence": "当然可以",
            "label": "OOOO",
            "normalized": [],
            "type": []
        },
        {
            "speaker": "患者",
            "sentence": "是滴",
            "label": "OO",
            "normalized": [],
            "type": []
        },
        {
            "speaker": "医生",
            "sentence": "你在家中给孩子口服什么药物了",
            "label": "OOOOOOOOOOOOOO",
            "normalized": [],
            "type": []
        },
        {
            "speaker": "医生",
            "sentence": "38度的体温对孩子影响不大的，没有问题",
            "label": "OOOOOOOOOOOOOOOOOOO",
            "normalized": [],
            "type": []
        },
        {
            "speaker": "患者",
            "sentence": "最高38.2昨天",
            "label": "OOBIIIOO",
            "normalized": [
                "中等度热"
            ],
            "type": [
                "1"
            ]
        },
        {
            "speaker": "医生",
            "sentence": "不超过38.5度不需要给孩子口服退热药物，这个体温可以外用退热贴用温水擦浴，额头敷冷毛巾",
            "label": "OOOOOOOOOOOOOOOOOOOOOOOOOOOOOOOOOOOOOOOOOOOO",
            "normalized": [],
            "type": []
        },
        {
            "speaker": "患者",
            "sentence": "清感口服液",
            "label": "OOOOO",
            "normalized": [],
            "type": []
        },
        {
            "speaker": "医生",
            "sentence": "还有其他的药物",
            "label": "OOOOOOO",
            "normalized": [],
            "type": []
        },
        {
            "speaker": "患者",
            "sentence": "和999小儿感冒颗粒",
            "label": "OOOOOOOOOO",
            "normalized": [],
            "type": []
        },
        {
            "speaker": "医生",
            "sentence": "可以的",
            "label": "OOO",
            "normalized": [],
            "type": []
        },
        {
            "speaker": "医生",
            "sentence": "那就继续口服这两种药物暂时观察2到3天",
            "label": "OOOOOOOOOOOOOOOOOOO",
            "normalized": [],
            "type": []
        },
        {
            "speaker": "医生",
            "sentence": "多给孩子喝水，就可以了",
            "label": "OOOOOOOOOOO",
            "normalized": [],
            "type": []
        },
        {
            "speaker": "患者",
            "sentence": "好滴，不需要去医院在看",
            "label": "OOOOOOOOOOO",
            "normalized": [],
            "type": []
        },
        {
            "speaker": "患者",
            "sentence": "好滴，谢谢医生",
            "label": "OOOOOOO",
            "normalized": [],
            "type": []
        },
        {
            "speaker": "医生",
            "sentence": "我认为暂时没有必要",
            "label": "OOOOOOOOO",
            "normalized": [],
            "type": []
        },
        {
            "speaker": "医生",
            "sentence": "如果孩子精神状态差，反复地出现高热不退，建议你到医院就诊，这个体温没有问题的",
            "label": "OOOOBIIIIOOOOOOBIIIOOOOOOOOOOOOOOOOOOO",
            "normalized": [
                "精神软",
                "发热"
            ],
            "type": [
                "3",
                "3"
            ]
        },
        {
            "speaker": "医生",
            "sentence": "不客气",
            "label": "OOO",
            "normalized": [],
            "type": []
        },
        {
            "speaker": "患者",
            "sentence": "昨天晚上到现在一直没退",
            "label": "OOOOOOOOOBI",
            "normalized": [
                "退热"
            ],
            "type": [
                "2"
            ]
        },
        {
            "speaker": "医生",
            "sentence": "没有问题的，低热对孩子来说是一种保护机制，除非这个孩子有抽搐的情况，需要口服退热药物",
            "label": "OOOOOOBIOOOOOOOOOOOOOOOOOOOOBIOOOOOOOOOOOO",
            "normalized": [
                "低热",
                "抽搐"
            ],
            "type": [
                "1",
                "3"
            ]
        },
        {
            "speaker": "患者",
            "sentence": "没有，精神还不错",
            "label": "OOOOOOOO",
            "normalized": [],
            "type": []
        },
        {
            "speaker": "医生",
            "sentence": "那没有问题的，可以暂时观察",
            "label": "OOOOOOOOOOOOO",
            "normalized": [],
            "type": []
        },
        {
            "speaker": "患者",
            "sentence": "好，",
            "label": "OO",
            "normalized": [],
            "type": []
        },
        {
            "speaker": "患者",
            "sentence": "谢谢医生",
            "label": "OOOO",
            "normalized": [],
            "type": []
        },
        {
            "speaker": "医生",
            "sentence": "嗯",
            "label": "O",
            "normalized": [],
            "type": []
        },
        {
            "speaker": "医生",
            "sentence": "不客气",
            "label": "OOO",
            "normalized": [],
            "type": []
        },
        {
            "speaker": "医生",
            "sentence": "现在最主要的就是多给孩子喝水，外用退热贴，额头敷冷毛巾，用温水擦浴",
            "label": "OOOOOOOOOOOOOOOOOOOOOOOOOOOOOOOOO",
            "normalized": [],
            "type": []
        },
        {
            "speaker": "医生",
            "sentence": "继续口服原有的药物",
            "label": "OOOOOOOOO",
            "normalized": [],
            "type": []
        },
        {
            "speaker": "医生",
            "sentence": "或者说出现高热不退，或者说咳嗽症状加重，才需要到医院就诊",
            "label": "OOOOOBIOOOOOOBIOOOOOOOOOOOOO",
            "normalized": [
                "高热",
                "咳嗽"
            ],
            "type": [
                "3",
                "1"
            ]
        },
        {
            "speaker": "医生",
            "sentence": "疾病的治疗总有个过程，不可能一蹴而就的",
            "label": "OOOOOOOOOOOOOOOOOOO",
            "normalized": [],
            "type": []
        },
        {
            "speaker": "医生",
            "sentence": "特别是呼吸道感染的孩子，一般有3到4天的高峰期，我们口服药只是将高峰期缩短，并不能使高峰期消失",
            "label": "OOOBIIIIOOOOOOOOOOOOOOOOOOOOOOOOOOOOOOOOOOOOOOO",
            "normalized": [
                "呼吸道感染"
            ],
            "type": [
                "1"
            ]
        },
        {
            "speaker": "医生",
            "sentence": "你好",
            "label": "OO",
            "normalized": [],
            "type": []
        }
    ]
}