{
    "data-split": "train",
    "example-id": "10642483",
    "dialogue-content": [
        {
            "speaker": "医生",
            "sentence": "你好，宝贝多大了呢！",
            "label": "OOOOOOOOOO",
            "normalized": [],
            "type": []
        },
        {
            "speaker": "医生",
            "sentence": "平常主要是什么饮食呢？",
            "label": "OOOOOOOOOOO",
            "normalized": [],
            "type": []
        },
        {
            "speaker": "患者",
            "sentence": "今年三月九号出生现在有四个多月了",
            "label": "OOOOOOOOOOOOOOOO",
            "normalized": [],
            "type": []
        },
        {
            "speaker": "医生",
            "sentence": "宝贝最近吃奶量可以吗？有没有下降呢？",
            "label": "OOOOOOOOOOOOOOOOOO",
            "normalized": [],
            "type": []
        },
        {
            "speaker": "患者",
            "sentence": "吃奶还好",
            "label": "OOOO",
            "normalized": [],
            "type": []
        },
        {
            "speaker": "医生",
            "sentence": "最近有没有呕吐症状呢？",
            "label": "OOOOOBIOOOO",
            "normalized": [
                "呕吐"
            ],
            "type": [
                "2"
            ]
        },
        {
            "speaker": "患者",
            "sentence": "就是刚刚开始没精神",
            "label": "OOOOOOBII",
            "normalized": [
                "精神软"
            ],
            "type": [
                "1"
            ]
        },
        {
            "speaker": "患者",
            "sentence": "没有",
            "label": "OO",
            "normalized": [],
            "type": []
        },
        {
            "speaker": "医生",
            "sentence": "尿量多吗？",
            "label": "OOOOO",
            "normalized": [],
            "type": []
        },
        {
            "speaker": "医生",
            "sentence": "宝贝哭闹吗？",
            "label": "OOBIOO",
            "normalized": [
                "哭闹"
            ],
            "type": [
                "2"
            ]
        },
        {
            "speaker": "患者",
            "sentence": "母乳喂养，我平时早上吃小米粥和馒头，中午下午吃饭菜",
            "label": "OOOOOOOOOOOOOOOOOOOOOOOOO",
            "normalized": [],
            "type": []
        },
        {
            "speaker": "患者",
            "sentence": "不吃辣椒和辛辣食物",
            "label": "OOOOOOOOO",
            "normalized": [],
            "type": []
        },
        {
            "speaker": "医生",
            "sentence": "宝贝饮食一定注意的奥，别太油腻的奥",
            "label": "OOOOOOOOOOOOOOOOO",
            "normalized": [],
            "type": []
        },
        {
            "speaker": "患者",
            "sentence": "不哭闹～",
            "label": "OBIO",
            "normalized": [
                "哭闹"
            ],
            "type": [
                "2"
            ]
        },
        {
            "speaker": "医生",
            "sentence": "尿量呢？",
            "label": "OOOO",
            "normalized": [],
            "type": []
        },
        {
            "speaker": "患者",
            "sentence": "尿还算正常跟平时差不多",
            "label": "OOOOOOOOOOO",
            "normalized": [],
            "type": []
        },
        {
            "speaker": "医生",
            "sentence": "嗯啊，目前精神状态还可以，尿量多的话就问题不大的奥",
            "label": "OOOOOOOOOOOOOOOOOOOOOOOOO",
            "normalized": [],
            "type": []
        },
        {
            "speaker": "医生",
            "sentence": "宝贝期间看过医生吗？",
            "label": "OOOOOOOOOO",
            "normalized": [],
            "type": []
        },
        {
            "speaker": "患者",
            "sentence": "我星期天的时候是在外面吃的",
            "label": "OOOOOOOOOOOOO",
            "normalized": [],
            "type": []
        },
        {
            "speaker": "患者",
            "sentence": "没有",
            "label": "OO",
            "normalized": [],
            "type": []
        },
        {
            "speaker": "患者",
            "sentence": "家里饮食一般都很清淡",
            "label": "OOOOOOOOOO",
            "normalized": [],
            "type": []
        },
        {
            "speaker": "医生",
            "sentence": "宝贝目前的话宝贝大便奶瓣，绿色，大便次数增多主要是一个消化不良的表现，消化不良的话可能受凉或者胃肠功能弱都可能引起来消化不良的，治疗的原则一般就是调节胃肠功能的治疗原则的奥！",
            "label": "OOOOOOOOOOBIOBIOOOOOOOOOOOOBIIIOOOOBIIIOOOOOOOOOOOOOOOOOOOBIIIOOOOOOOOOOOOOOOOOOOOOOOOO",
            "normalized": [
                "稀便",
                "绿便",
                "消化不良",
                "消化不良",
                "消化不良"
            ],
            "type": [
                "1",
                "1",
                "1",
                "1",
                "1"
            ]
        },
        {
            "speaker": "医生",
            "sentence": "您多给宝贝喝点温水的奥！",
            "label": "OOOOOOOOOOOO",
            "normalized": [],
            "type": []
        },
        {
            "speaker": "医生",
            "sentence": "目前的话宝贝精神状态还可以，尿量多，大便次数还是可以的，所以目前病情比较稳定的，如果宝贝大便次数比较多的话如果不控制的话就容易脱水的，表现为宝贝尿量少，眼窝凹陷之类的，皮肤粘膜干燥等脱水症状，目前的宝贝情况可以观察一下，可以给宝贝喝点益生菌调节一下胃肠功能的奥！",
            "label": "OOOOOOOOOOOOOOOOOOOOOOOOOOOOOOOOOOOOOOOOOOOOOOOOOOOOOOOOOOOOOOOBIOOOOOOOBIIOOOOOOOOOOOOOOOOOOOOOOOOOOOOOOOOOOOOOOOOOOOOOOOOOOOOOOOO",
            "normalized": [
                "脱水",
                "尿量减少"
            ],
            "type": [
                "3",
                "3"
            ]
        },
        {
            "speaker": "患者",
            "sentence": "他以前有时候也会拉肚子但是精神状态不会受到影响，现在精神状态不好会不会有什么影响？",
            "label": "OOOOOOOOBIIOOOOOOOOOOOOOOOOOOOOOOOOOOOOOO",
            "normalized": [
                "腹泻"
            ],
            "type": [
                "1"
            ]
        },
        {
            "speaker": "医生",
            "sentence": "宝妈吃饭注意饮食，生冷辛辣刺激食物不能吃油腻食不能吃，清淡饮食为主，水果之类的也不要吃的奥，多喝点温水，多给宝贝热敷一下肚子，顺时针揉揉肚子，别着凉肚子，晚上睡觉盖好被子，别着凉，这个时候胃肠功能会影响所以能吃多少吃多少别强喂奥！",
            "label": "OOOOOOOOOOOOOOOOOOOOOOOOOOOOOOOOOOOOOOOOOOOOOOOOOOOOOOOOOOOOOOOOOOOOOOOOOOOOOOOOOOOOOOOOOOOOOOOOOOOOOOOOOOOOOOOOOOO",
            "normalized": [],
            "type": []
        },
        {
            "speaker": "医生",
            "sentence": "就是睡觉，也不哭闹，尿量比较多的话目前的话倒是问题不大的奥",
            "label": "OOOOOOOBIOOOOOOOOOOOOOOOOOOOO",
            "normalized": [
                "哭闹"
            ],
            "type": [
                "2"
            ]
        },
        {
            "speaker": "医生",
            "sentence": "您指的精神不好是睡觉，对吗？",
            "label": "OOOOOOOOOOOOOO",
            "normalized": [],
            "type": []
        },
        {
            "speaker": "医生",
            "sentence": "睡了多久了呢？",
            "label": "OOOOOOO",
            "normalized": [],
            "type": []
        },
        {
            "speaker": "患者",
            "sentence": "恩恩，醒来也没精神不闹不玩就是还想睡嗜睡",
            "label": "OOOOOOBIIOOOOOOOOOBI",
            "normalized": [
                "精神软",
                "嗜睡"
            ],
            "type": [
                "1",
                "1"
            ]
        },
        {
            "speaker": "患者",
            "sentence": "早上就开始睡了",
            "label": "OOOOOOO",
            "normalized": [],
            "type": []
        },
        {
            "speaker": "患者",
            "sentence": "断断续续的睡到现在",
            "label": "OOOOOOOOO",
            "normalized": [],
            "type": []
        },
        {
            "speaker": "医生",
            "sentence": "嗯啊，不是说一直睡没醒，对吗？",
            "label": "OOOOOOOOOOOOOOO",
            "normalized": [],
            "type": []
        },
        {
            "speaker": "医生",
            "sentence": "您摸一下宝贝前囟门凹陷吗？",
            "label": "OOOOOOOOOOOOO",
            "normalized": [],
            "type": []
        },
        {
            "speaker": "患者",
            "sentence": "没有中途有醒过",
            "label": "OOOOOOO",
            "normalized": [],
            "type": []
        },
        {
            "speaker": "医生",
            "sentence": "醒来也是正常吃奶的，对吗？",
            "label": "OOOOOOOOOOOOO",
            "normalized": [],
            "type": []
        },
        {
            "speaker": "医生",
            "sentence": "嗯啊，前囟门凹陷吗？",
            "label": "OOOOOOOOOO",
            "normalized": [],
            "type": []
        },
        {
            "speaker": "医生",
            "sentence": "醒了之后精神怎么样呢？",
            "label": "OOOOOOOOOOO",
            "normalized": [],
            "type": []
        },
        {
            "speaker": "患者",
            "sentence": "之前吃，但刚刚睡了两个小时起来没吃",
            "label": "OOOOOOOOOOOOOOOOO",
            "normalized": [],
            "type": []
        },
        {
            "speaker": "患者",
            "sentence": "摸着还好",
            "label": "OOOO",
            "normalized": [],
            "type": []
        },
        {
            "speaker": "医生",
            "sentence": "前囟门正常的话也不用太担心了的恩",
            "label": "OOOOOOOOOOOOOOOO",
            "normalized": [],
            "type": []
        },
        {
            "speaker": "患者",
            "sentence": "",
            "label": "",
            "normalized": [],
            "type": []
        },
        {
            "speaker": "患者",
            "sentence": "",
            "label": "",
            "normalized": [],
            "type": []
        },
        {
            "speaker": "患者",
            "sentence": "",
            "label": "",
            "normalized": [],
            "type": []
        },
        {
            "speaker": "医生",
            "sentence": "宝贝期间一直断断续续睡，起来吃奶也还可以，醒了精神状态还可以尿量多不用太担心了，目前的情况还是比较稳定的奥！可以给宝贝巩固点益生菌的恩，利于宝贝的恢复的修复",
            "label": "OOOOOOOOOOOOOOOOOOOOOOOOOOOOOOOOOOOOOOOOOOOOOOOOOOOOOOOOOOOOOOOOOOOOOOOOOOOOOO",
            "normalized": [],
            "type": []
        },
        {
            "speaker": "患者",
            "sentence": "醒来也是懒洋洋没精神的样子，以前会趴着抬脖子玩闹翻身打滚，现在醒了不玩闹趴着也不抬脖子了～",
            "label": "OOOOOOOOOOOOOOOOOOOOOOOOOOOOOOOOOOOOOOOOOOOOO",
            "normalized": [],
            "type": []
        },
        {
            "speaker": "医生",
            "sentence": "如果宝贝精神状态非常差尿量少的话就要及时带宝贝去儿内科就诊，及时补液治疗的奥！目前状况还是可以的，您多给宝贝喝点温水，观察一下的奥！",
            "label": "OOOOOOOOOOOOOOOOOOOOOOOOOOOOOOOOOOOOOOOOOOOOOOOOOOOOOOOOOOOOOOOOOO",
            "normalized": [],
            "type": []
        },
        {
            "speaker": "医生",
            "sentence": "吃着益生菌观察两天，大便次数不缓解或者加重及时带宝贝去儿内科就诊查个大便常规明确一下病因，看一下有没有感染，需不需要调整用药，根据结果对症处理，精神状态差，超过8小时没尿的话就可以及时带宝贝去儿内科就诊补液对症治疗了，防止宝贝脱水电解质紊乱的奥",
            "label": "OOOOOOOOOOOOOOOOOOOOOOOOOOOOOOOOOOOOOOOOOOOOOOOOOOOOOOOOOOOOOOOOOOOOOOOOBIIIIOOOOOOOOOOOOOOOOOOOOOOOOOOOOOOOOOOOOBIOOOOOOO",
            "normalized": [
                "精神软",
                "脱水"
            ],
            "type": [
                "1",
                "3"
            ]
        },
        {
            "speaker": "患者",
            "sentence": "吃妈咪爱双歧杆菌可以吗？",
            "label": "OOOOOOOOOOOO",
            "normalized": [],
            "type": []
        },
        {
            "speaker": "医生",
            "sentence": "如果宝贝醒了后吃奶欠佳，尿量少，皮肤粘膜干燥等脱水症状，多喝点温水，轻轻揉揉肚子，目前的话宝贝状态还是可以的，拉肚子的话可能活动度可能不如之前，断续睡觉，目前的状态比较稳定，可以观察两天，出现脱水症状及时就医补液治疗",
            "label": "OOOOOOOOOOOOOOOOOOOOOOOOOOOOOOOOOOOOOOOOOOOOOOOOOOOOOOOBIIOOOOOOOOOOOOOOOOOOOOOOOOOOOOOOOOOOOOOOOOOOOOOOOOOO",
            "normalized": [
                "腹泻"
            ],
            "type": [
                "1"
            ]
        },
        {
            "speaker": "患者",
            "sentence": "医生还在吗，如果孩子还是不吃奶尿量减少会是什么情况？",
            "label": "OOOOOOOOOOOOOOOOOOOOOOOOOO",
            "normalized": [],
            "type": []
        },
        {
            "speaker": "医生",
            "sentence": "嗯啊，益生菌类的就可以的调节胃肠功能的奥",
            "label": "OOOOOOOOOOOOOOOOOOOO",
            "normalized": [],
            "type": []
        },
        {
            "speaker": "医生",
            "sentence": "宝贝如果出现那种情况是有点脱水的症状的恩，就要及时就医补液治疗的奥！",
            "label": "OOOOOOOOOOOOOBIOOOOOOOOOOOOOOOOOOO",
            "normalized": [
                "脱水"
            ],
            "type": [
                "3"
            ]
        },
        {
            "speaker": "患者",
            "sentence": "我这几天都是白天晚上开28度的空调这样会不会有什么影响",
            "label": "OOOOOOOOOOOOOOOOOOOOOOOOOOO",
            "normalized": [],
            "type": []
        },
        {
            "speaker": "医生",
            "sentence": "目前宝贝只是有点不如之前活泼，其他症状情况还是可以的奥，目前可以观察一下的奥，按时服用益生菌，再注意以上注意事项奥，有问题及时就医的奥",
            "label": "OOOOOOOOOOOOOOOOOOOOOOOOOOOOOOOOOOOOOOOOOOOOOOOOOOOOOOOOOOOOOOOOOOO",
            "normalized": [],
            "type": []
        },
        {
            "speaker": "医生",
            "sentence": "28的话不是太高，空调风速别太大的奥！别直接吹宝贝的奥",
            "label": "OOOOOOOOOOOOOOOOOOOOOOOOOOO",
            "normalized": [],
            "type": []
        },
        {
            "speaker": "患者",
            "sentence": "恩恩，好的，谢谢医生",
            "label": "OOOOOOOOOO",
            "normalized": [],
            "type": []
        },
        {
            "speaker": "医生",
            "sentence": "不客气的，祝宝贝健康，有问题欢迎咨询",
            "label": "OOOOOOOOOOOOOOOOOO",
            "normalized": [],
            "type": []
        },
        {
            "speaker": "医生",
            "sentence": "关于宝贝健康问题还有疑问吗？",
            "label": "OOOOOOOOOOOOOO",
            "normalized": [],
            "type": []
        },
        {
            "speaker": "患者",
            "sentence": "宝宝现在的情况妈咪爱要按照什么量和次数喂呢？",
            "label": "OOOOOOOOOOOOOOOOOOOOOO",
            "normalized": [],
            "type": []
        },
        {
            "speaker": "医生",
            "sentence": "您家里有这个吗？",
            "label": "OOOOOOOO",
            "normalized": [],
            "type": []
        },
        {
            "speaker": "患者",
            "sentence": "有",
            "label": "O",
            "normalized": [],
            "type": []
        },
        {
            "speaker": "医生",
            "sentence": "这个得根据宝贝具体体重和具体情况用的恩，最好让面诊医生确定一下安全性，再面诊医生的指导下用的奥！",
            "label": "OOOOOOOOOOOOOOOOOOOOOOOOOOOOOOOOOOOOOOOOOOOOOOOO",
            "normalized": [],
            "type": []
        },
        {
            "speaker": "患者",
            "sentence": "好的，谢谢医生",
            "label": "OOOOOOO",
            "normalized": [],
            "type": []
        }
    ]
}