{
    "data-split": "train",
    "example-id": "10493640",
    "dialogue-content": [
        {
            "speaker": "医生",
            "sentence": "为了更好的提供服务，我需要询问您几个与病症相关的问题，感谢您配合。",
            "label": "OOOOOOOOOOOOOOOOOOOOOOOOOOOOOOOOO",
            "normalized": [],
            "type": []
        },
        {
            "speaker": "医生",
            "sentence": "你好，去医院儿科就诊过吗，给出诊断了吗，有没有查大便常规",
            "label": "OOOOOOOOOOOOOOOOOOOOOOOOOOOO",
            "normalized": [],
            "type": []
        },
        {
            "speaker": "患者",
            "sentence": "说受凉了，有点消化不良",
            "label": "OOOOOOOBIII",
            "normalized": [
                "消化不良"
            ],
            "type": [
                "1"
            ]
        },
        {
            "speaker": "患者",
            "sentence": "没有化验",
            "label": "OOOO",
            "normalized": [],
            "type": []
        },
        {
            "speaker": "医生",
            "sentence": "有没有查大便常规，有的话给我发过接过来看看",
            "label": "OOOOOOOOOOOOOOOOOOOOO",
            "normalized": [],
            "type": []
        },
        {
            "speaker": "患者",
            "sentence": "没有查",
            "label": "OOO",
            "normalized": [],
            "type": []
        },
        {
            "speaker": "患者",
            "sentence": "打算明天检查下",
            "label": "OOOOOOO",
            "normalized": [],
            "type": []
        },
        {
            "speaker": "医生",
            "sentence": "从您的描述看，宝宝大便有明显的消化不良，有粘液，不排除细菌感染的可能",
            "label": "OOOOOOOOOOOOOOOBIIIOOBIOOOOBIIIOOO",
            "normalized": [
                "消化不良",
                "大便粘液",
                "细菌感染"
            ],
            "type": [
                "1",
                "1",
                "3"
            ]
        },
        {
            "speaker": "医生",
            "sentence": "体重下降与宝宝消化吸收不好有关",
            "label": "OOOOOOOOOOOOOOO",
            "normalized": [],
            "type": []
        },
        {
            "speaker": "患者",
            "sentence": "如果是细菌感染怎么办？",
            "label": "OOOBIIIOOOO",
            "normalized": [
                "细菌感染"
            ],
            "type": [
                "3"
            ]
        },
        {
            "speaker": "医生",
            "sentence": "一般益生菌止泻治疗效果不好，综合判断宝宝小儿肠炎可能性大",
            "label": "OOOOOOOOOOOOOOOOOOOOOOBIOOOO",
            "normalized": [
                "肠炎"
            ],
            "type": [
                "3"
            ]
        },
        {
            "speaker": "患者",
            "sentence": "宝宝肠炎的话怎么治疗比较好",
            "label": "OOBIOOOOOOOOO",
            "normalized": [
                "肠炎"
            ],
            "type": [
                "3"
            ]
        },
        {
            "speaker": "患者",
            "sentence": "但宝宝的精神，饭量都很好",
            "label": "OOOOOOOOOOOO",
            "normalized": [],
            "type": []
        },
        {
            "speaker": "医生",
            "sentence": "如果细菌感染的话，是需要加用抗生素治疗的",
            "label": "OOBIIIOOOOOOOOOOOOOO",
            "normalized": [
                "细菌感染"
            ],
            "type": [
                "3"
            ]
        },
        {
            "speaker": "患者",
            "sentence": "嗯嗯。好的，明天我去给他化验一下便便。有问题的话再联系您",
            "label": "OOOOOOOOOOOOOOOOOOOOOOOOOOOO",
            "normalized": [],
            "type": []
        },
        {
            "speaker": "医生",
            "sentence": "目前可以继续口服益生菌和止泻药治疗，明天查完大便常规后，确定腹泻原因，再调整方案",
            "label": "OOOOOOOOOOOOOOOOOOOOOOOOOOOOOOBIOOOOOOOO",
            "normalized": [
                "腹泻"
            ],
            "type": [
                "1"
            ]
        },
        {
            "speaker": "医生",
            "sentence": "如果是细菌感染的话，只要及时治疗，一般3-5天就可以缓解。如果治疗不及时的话，可能会迁延呈慢性腹泻",
            "label": "OOOBIIIOOOOOOOOOOOOOOOOOOOOOOOOOOOOOOOOOOOOOOOOBI",
            "normalized": [
                "细菌感染",
                "腹泻"
            ],
            "type": [
                "3",
                "1"
            ]
        },
        {
            "speaker": "医生",
            "sentence": "明天到二甲以上医院儿科就诊，并查大便常规看看，有什么问题可以随时联系我",
            "label": "OOOOOOOOOOOOOOOOOOOOOOOOOOOOOOOOOOO",
            "normalized": [],
            "type": []
        },
        {
            "speaker": "患者",
            "sentence": "好的好的，谢谢",
            "label": "OOOOOOO",
            "normalized": [],
            "type": []
        },
        {
            "speaker": "医生",
            "sentence": "不客气，祝宝宝早日康复，健康成长，祝您天天有个好心情，问题结束后，请根据系统提示，给予评价，谢谢",
            "label": "OOOOOOOOOOOOOOOOOOOOOOOOOOOOOOOOOOOOOOOOOOOOOOOO",
            "normalized": [],
            "type": []
        },
        {
            "speaker": "医生",
            "sentence": "你好，打扰了，宝宝腹泻缓解了吗",
            "label": "OOOOOOOOOBIOOOO",
            "normalized": [
                "腹泻"
            ],
            "type": [
                "1"
            ]
        }
    ]
}