{
    "data-split": "train",
    "example-id": "10671965",
    "dialogue-content": [
        {
            "speaker": "医生",
            "sentence": "你好我是您的接诊医生",
            "label": "OOOOOOOOOO",
            "normalized": [],
            "type": []
        },
        {
            "speaker": "医生",
            "sentence": "宝贝主要是什么饮食呢？",
            "label": "OOOOOOOOOOO",
            "normalized": [],
            "type": []
        },
        {
            "speaker": "医生",
            "sentence": "这两天吃什么生冷辛辣刺激食物油腻食物来吗？",
            "label": "OOOOOOOOOOOOOOOOOOOOO",
            "normalized": [],
            "type": []
        },
        {
            "speaker": "患者",
            "sentence": "今早喝的大米饭汤，吃了个蛋黄",
            "label": "OOOOOOOOOOOOOO",
            "normalized": [],
            "type": []
        },
        {
            "speaker": "患者",
            "sentence": "没有，这两天进食很少，基本不爱吃",
            "label": "OOOOOOOOOOOOOOOO",
            "normalized": [],
            "type": []
        },
        {
            "speaker": "医生",
            "sentence": "宝贝家里空调别太低了奥，容易着凉肚子的奥！",
            "label": "OOOOOOOOOOOOOOOOOOOOO",
            "normalized": [],
            "type": []
        },
        {
            "speaker": "医生",
            "sentence": "宝贝不吃药的话吐吗？",
            "label": "OOOOOOOBOO",
            "normalized": [
                "呕吐"
            ],
            "type": [
                "1"
            ]
        },
        {
            "speaker": "医生",
            "sentence": "这个时候胃肠功能会有影响的奥，能吃多少吃多少别强喂的奥！",
            "label": "OOOOOOOOOOOOOOOOOOOOOOOOOOOO",
            "normalized": [],
            "type": []
        },
        {
            "speaker": "患者",
            "sentence": "没有，两次都是用药后隔一会在吃奶或吃别的东西吐的",
            "label": "OOOOOOOOOOOOOOOOOOOOOOBO",
            "normalized": [
                "呕吐"
            ],
            "type": [
                "1"
            ]
        },
        {
            "speaker": "医生",
            "sentence": "蒙脱石散那个药有的宝贝吃了很容易吐的奥！吐的话目前考虑是药刺激的奥！",
            "label": "OOOOOOOOOOOOOOOOBOOOBOOOOOOOOOOOOO",
            "normalized": [
                "呕吐",
                "呕吐"
            ],
            "type": [
                "1",
                "1"
            ]
        },
        {
            "speaker": "医生",
            "sentence": "宝贝大便的话颜色正常吗？有没有未消化的奶瓣呢？有没有粘液脓血之类呢？",
            "label": "OOOOOOOOOOOOOOOOOOOBIOOOOOBIBIOOOO",
            "normalized": [
                "稀便",
                "大便黏液",
                "脓血便"
            ],
            "type": [
                "3",
                "3",
                "3"
            ]
        },
        {
            "speaker": "患者",
            "sentence": "只吃了妈咪爱也吐了",
            "label": "OOOOOOOBO",
            "normalized": [
                "呕吐"
            ],
            "type": [
                "1"
            ]
        },
        {
            "speaker": "患者",
            "sentence": "",
            "label": "",
            "normalized": [],
            "type": []
        },
        {
            "speaker": "患者",
            "sentence": "昨天下午拉的",
            "label": "OOOOOO",
            "normalized": [],
            "type": []
        },
        {
            "speaker": "医生",
            "sentence": "嗯啊。宝贝总共吐了几次呢？不吃药的时候",
            "label": "OOOOOOOBOOOOOOOOOOO",
            "normalized": [
                "呕吐"
            ],
            "type": [
                "1"
            ]
        },
        {
            "speaker": "患者",
            "sentence": "不吃药的时候没涂",
            "label": "OOOOOOOO",
            "normalized": [],
            "type": []
        },
        {
            "speaker": "患者",
            "sentence": "没吐",
            "label": "BI",
            "normalized": [
                "呕吐"
            ],
            "type": [
                "2"
            ]
        },
        {
            "speaker": "医生",
            "sentence": "嗯啊，宝贝精神状态怎么样呢？尿量多吗？",
            "label": "OOOOOOOOOOOOOOOOOOO",
            "normalized": [],
            "type": []
        },
        {
            "speaker": "患者",
            "sentence": "吐了两次，昨晚和今早",
            "label": "BOOOOOOOOO",
            "normalized": [
                "呕吐"
            ],
            "type": [
                "1"
            ]
        },
        {
            "speaker": "患者",
            "sentence": "都是用药后",
            "label": "OOOOO",
            "normalized": [],
            "type": []
        },
        {
            "speaker": "医生",
            "sentence": "嗯啊，药物刺激的话就问题不大的",
            "label": "OOOOOOOOOOOOOOO",
            "normalized": [],
            "type": []
        },
        {
            "speaker": "医生",
            "sentence": "宝贝期间看过医生吗？",
            "label": "OOOOOOOOOO",
            "normalized": [],
            "type": []
        },
        {
            "speaker": "患者",
            "sentence": "状态昨天都挺好，今天稍微差点",
            "label": "OOOOOOOOOOOOOO",
            "normalized": [],
            "type": []
        },
        {
            "speaker": "患者",
            "sentence": "一直补充水，尿量正常",
            "label": "OOOOOOOOOO",
            "normalized": [],
            "type": []
        },
        {
            "speaker": "患者",
            "sentence": "没看过",
            "label": "OOO",
            "normalized": [],
            "type": []
        },
        {
            "speaker": "医生",
            "sentence": "嗯啊，那就好，只要是精神状态还可以的话，尿量正常的话就问题不大的奥目前还是比较稳定的奥",
            "label": "OOOOOOOOOOOOOOOOOOOOOOOOOOOOOOOOOOOOOOOOOOO",
            "normalized": [],
            "type": []
        },
        {
            "speaker": "患者",
            "sentence": "今天在观察一下，不见好的话准备去看看",
            "label": "OOOOOOOOOOOOOOOOOO",
            "normalized": [],
            "type": []
        },
        {
            "speaker": "医生",
            "sentence": "宝贝目前的话症状主要是一个消化不良的表现，消化不良的话可能受凉或者胃肠功能弱都可能引起来消化不良的，治疗的原则一般就是调节胃肠功能的治疗原则的奥！",
            "label": "OOOOOOOOOOOOOBIIIOOOOBIIIOOOOOOOOOOOOOOOOOOOBIIIOOOOOOOOOOOOOOOOOOOOOOOOO",
            "normalized": [
                "消化不良",
                "消化不良",
                "消化不良"
            ],
            "type": [
                "1",
                "1",
                "1"
            ]
        },
        {
            "speaker": "患者",
            "sentence": "那针对目前这种情况，您有什么建议吗",
            "label": "OOOOOOOOOOOOOOOOO",
            "normalized": [],
            "type": []
        },
        {
            "speaker": "医生",
            "sentence": "目前的话宝贝精神状态好，尿量多，大便次数还是可以的，所以目前病情比较稳定的，如果宝贝大便次数比较多的话如果不控制的话就容易脱水的，表现为宝贝尿量少，眼窝凹陷之类的，皮肤粘膜干燥等脱水症状，目前的宝贝情况可以观察一下，可以给宝贝喝点益生菌调节一下胃肠功能的奥",
            "label": "OOOOOOOOOOOOOOOOOOOOOOOOOOOOOOOOOOOOOOOOOOOOOOOOOOOOOOOOOOOOOBIOOOOOOOBIIOOOOOOOOOOOOOOOOBIOOOOOOOOOOOOOOOOOOOOOOOOOOOOOOOOOOOOO",
            "normalized": [
                "脱水",
                "尿量减少",
                "脱水"
            ],
            "type": [
                "3",
                "3",
                "3"
            ]
        },
        {
            "speaker": "医生",
            "sentence": "益生菌的话这个少放水的奥！放一丁点水",
            "label": "OOOOOOOOOOOOOOOOOO",
            "normalized": [],
            "type": []
        },
        {
            "speaker": "医生",
            "sentence": "宝贝吃饭注意饮食，生冷辛辣刺激食物不能吃油腻食不能吃，清淡饮食为主，水果之类的也不要吃的奥，多喝点温水，多给宝贝热敷一下肚子，顺时针揉揉肚子，别着凉肚子，晚上睡觉盖好被子，别着凉，这个时候胃肠功能会影响所以能吃多少吃多少别强喂奥！",
            "label": "OOOOOOOOOOOOOOOOOOOOOOOOOOOOOOOOOOOOOOOOOOOOOOOOOOOOOOOOOOOOOOOOOOOOOOOOOOOOOOOOOOOOOOOOOOOOOOOOOOOOOOOOOOOOOOOOOOO",
            "normalized": [],
            "type": []
        },
        {
            "speaker": "患者",
            "sentence": "噢，好的，谢谢",
            "label": "OOOOOOO",
            "normalized": [],
            "type": []
        },
        {
            "speaker": "医生",
            "sentence": "吃着益生菌观察三天，大便次数不缓解或者加重及时带宝贝去儿内科就诊查个大便常规明确一下病因看看需不需要用药，根据结果对症处理，精神状态差，超过8小时没尿的话就可以及时带宝贝去儿内科就诊补液对症治疗了，防止宝贝脱水电解质紊乱的奥！",
            "label": "OOOOOOOOOOOOOOOOOOOOOOOOOOOOOOOOOOOOOOOOOOOOOOOOOOOOOOOOOOOOOOBIIIIOOOOOOOOOOOOOOOOOOOOOOOOOOOOOOOOOOOOBIOOOOOOOO",
            "normalized": [
                "精神软",
                "脱水"
            ],
            "type": [
                "3",
                "3"
            ]
        },
        {
            "speaker": "患者",
            "sentence": "好的",
            "label": "OO",
            "normalized": [],
            "type": []
        },
        {
            "speaker": "医生",
            "sentence": "宝贝这个胃肠功能紊乱的话治疗疗程怎么也得3到5天的疗程的，目前的话胃肠功能恢复就像手破了修复是有一个过程的奥，可以给宝贝巩固益生菌的奥，这个益生菌吸收也是一个过程的奥，不可能用上益生菌之后立马会消失的奥，会有一个过程的",
            "label": "OOOOBIIIIIOOOOOOOOOOOOOOOOOOOOOOOOOOOOOOOOOOOOOOOOOOOOOOOOOOOOOOOOOOOOOOOOOOOOOOOOOOOOOOOOOOOOOOOOOOOOOOOOOOO",
            "normalized": [
                "胃肠功能紊乱"
            ],
            "type": [
                "3"
            ]
        },
        {
            "speaker": "患者",
            "sentence": "噢，宝宝今早醒来后喝了挺多水，到现在也没尿呢",
            "label": "OOOOOOOOOOOOOOOOOOOOOO",
            "normalized": [],
            "type": []
        },
        {
            "speaker": "患者",
            "sentence": "喝水的时候6点多",
            "label": "OOOOOOOO",
            "normalized": [],
            "type": []
        },
        {
            "speaker": "医生",
            "sentence": "您多给宝贝喝点温水，可以再水里放点盐和糖，这个才三个小时！",
            "label": "OOOOOOOOOOOOOOOOOOOOOOOOOOOOO",
            "normalized": [],
            "type": []
        },
        {
            "speaker": "医生",
            "sentence": "目前的您就多给宝贝喝点温水的奥！",
            "label": "OOOOOOOOOOOOOOOO",
            "normalized": [],
            "type": []
        },
        {
            "speaker": "医生",
            "sentence": "目前的话病情还是比较稳定的奥，目前的话就是按时服用点益生菌，再注意以上注意事项奥，多喝点温水别着凉，有问题及时就医的奥！",
            "label": "OOOOOOOOOOOOOOOOOOOOOOOOOOOOOOOOOOOOOOOOOOOOOOOOOOOOOOOOOOOO",
            "normalized": [],
            "type": []
        },
        {
            "speaker": "患者",
            "sentence": "好的",
            "label": "OO",
            "normalized": [],
            "type": []
        },
        {
            "speaker": "医生",
            "sentence": "嗯啊。祝宝贝健康，有问题欢迎咨询",
            "label": "OOOOOOOOOOOOOOOO",
            "normalized": [],
            "type": []
        },
        {
            "speaker": "医生",
            "sentence": "关于宝贝健康问题还有疑问吗？",
            "label": "OOOOOOOOOOOOOO",
            "normalized": [],
            "type": []
        },
        {
            "speaker": "患者",
            "sentence": "益生菌用什么样的比较好啊",
            "label": "OOOOOOOOOOOO",
            "normalized": [],
            "type": []
        },
        {
            "speaker": "患者",
            "sentence": "目前家里只有妈咪爱",
            "label": "OOOOOOOOO",
            "normalized": [],
            "type": []
        },
        {
            "speaker": "医生",
            "sentence": "可以的，妈咪爱就可以的奥，益生菌的话作用都是调节胃肠功能的",
            "label": "OOOOOOOOOOOOOOOOOOOOOOOOOOOOO",
            "normalized": [],
            "type": []
        },
        {
            "speaker": "患者",
            "sentence": "那呕吐这种情况需要额外处理吗",
            "label": "OBIOOOOOOOOOOO",
            "normalized": [
                "呕吐"
            ],
            "type": [
                "1"
            ]
        },
        {
            "speaker": "医生",
            "sentence": "这个药物刺激的话倒是没什么问题如果不吃药也吐的话就要空肚子的奥，一般需要空2小时肚子的奥，不吐的话再给宝贝少喝点温水的奥！如果精神状态差尿量少也是要及时补液的奥！",
            "label": "OOOOOOOOOOOOOOOOOOOOOBOOOOOOOOOOOOOOOOOOOOOOOOOOOOOOOOOOOOOOOOOOOOOOOOOOOOOOOOOOO",
            "normalized": [
                "呕吐"
            ],
            "type": [
                "1"
            ]
        }
    ]
}