{
    "data-split": "train",
    "example-id": "10607173",
    "dialogue-content": [
        {
            "speaker": "医生",
            "sentence": "您好",
            "label": "OO",
            "normalized": [],
            "type": []
        },
        {
            "speaker": "患者",
            "sentence": "你好！",
            "label": "OOO",
            "normalized": [],
            "type": []
        },
        {
            "speaker": "患者",
            "sentence": "我宝宝7个多月，快8个月了！之前经常会有点便秘，后来吃了益生菌调理，情况好转了，每天都拉便便，可是便便很希，都好多天了，这是什么情况？我是否要停止益生菌？",
            "label": "OOOOOOOOOOOOOOOOOOOOOBIOOOOOOOOOOOOOOOOOOOOOOOOOOOOOBOOOOOOOOOOOOOOOOOOOOOOOO",
            "normalized": [
                "便秘",
                "稀便"
            ],
            "type": [
                "1",
                "1"
            ]
        },
        {
            "speaker": "医生",
            "sentence": "现在每天都只有一次大便吗？",
            "label": "OOOOOOOOOOOOO",
            "normalized": [],
            "type": []
        },
        {
            "speaker": "患者",
            "sentence": "有时候会有两次，最多的时候4次！",
            "label": "OOOOOOOOOOOOOOOO",
            "normalized": [],
            "type": []
        },
        {
            "speaker": "患者",
            "sentence": "4次的情况比较少一点，通常1次到2次！",
            "label": "OOOOOOOOOOOOOOOOOOO",
            "normalized": [],
            "type": []
        },
        {
            "speaker": "医生",
            "sentence": "一天拉四次的时候量大不大呢，主食是什么？",
            "label": "OOOOOOOOOOOOOOOOOOOO",
            "normalized": [],
            "type": []
        },
        {
            "speaker": "医生",
            "sentence": "好的",
            "label": "OO",
            "normalized": [],
            "type": []
        },
        {
            "speaker": "患者",
            "sentence": "母乳，最近加了米粉和南瓜，这两种吃的比较少！",
            "label": "OOOOOOOOOOOOOOOOOOOOOO",
            "normalized": [],
            "type": []
        },
        {
            "speaker": "医生",
            "sentence": "好的。也有可能跟最近饮食更换有关系的。",
            "label": "OOOOOOOOOOOOOOOOOOO",
            "normalized": [],
            "type": []
        },
        {
            "speaker": "患者",
            "sentence": "赶紧最近也能吃，也有长胖了一点点，但是每次大便都是希的！",
            "label": "OOOOOOOOOOOOOOOOOOOOOOOOOBOO",
            "normalized": [
                "稀便"
            ],
            "type": [
                "1"
            ]
        },
        {
            "speaker": "患者",
            "sentence": "是米粉有问题吗？",
            "label": "OOOOOOOO",
            "normalized": [],
            "type": []
        },
        {
            "speaker": "患者",
            "sentence": "不吃南瓜的时候便便也是希的",
            "label": "OOOOOOOOOOOOO",
            "normalized": [],
            "type": []
        },
        {
            "speaker": "医生",
            "sentence": "益生菌一般针对便秘和腹泻都有调理的作用。",
            "label": "OOOOOOOBIOBIOOOOOOOO",
            "normalized": [
                "便秘",
                "腹泻"
            ],
            "type": [
                "1",
                "1"
            ]
        },
        {
            "speaker": "患者",
            "sentence": "",
            "label": "",
            "normalized": [],
            "type": []
        },
        {
            "speaker": "患者",
            "sentence": "是这种类型的益生菌",
            "label": "OOOOOOOOO",
            "normalized": [],
            "type": []
        },
        {
            "speaker": "医生",
            "sentence": "宝宝如果维持在大便一到两次，那就比较好的。",
            "label": "OOOOOOOOOOOOOOOOOOOOO",
            "normalized": [],
            "type": []
        },
        {
            "speaker": "患者",
            "sentence": "可是很希，像水一样的！",
            "label": "OOBIOOBIIOO",
            "normalized": [
                "稀便",
                "水样便"
            ],
            "type": [
                "1",
                "1"
            ]
        },
        {
            "speaker": "医生",
            "sentence": "有没有图片呢？",
            "label": "OOOOOOO",
            "normalized": [],
            "type": []
        },
        {
            "speaker": "患者",
            "sentence": "没有！",
            "label": "OOO",
            "normalized": [],
            "type": []
        },
        {
            "speaker": "患者",
            "sentence": "忘记拍照了！",
            "label": "OOOOOO",
            "normalized": [],
            "type": []
        },
        {
            "speaker": "医生",
            "sentence": "有图片的话可以发给我看一看，给您参考一下。",
            "label": "OOOOOOOOOOOOOOOOOOOOO",
            "normalized": [],
            "type": []
        },
        {
            "speaker": "患者",
            "sentence": "",
            "label": "",
            "normalized": [],
            "type": []
        },
        {
            "speaker": "患者",
            "sentence": "像这样的",
            "label": "OOOO",
            "normalized": [],
            "type": []
        },
        {
            "speaker": "医生",
            "sentence": "黄色稀便带奶瓣儿。",
            "label": "BIIIIIIIO",
            "normalized": [
                "稀便"
            ],
            "type": [
                "1"
            ]
        },
        {
            "speaker": "医生",
            "sentence": "他饮食还不错，那他精神怎么样呢？",
            "label": "OOOOOOOOOOOOOOOO",
            "normalized": [],
            "type": []
        },
        {
            "speaker": "患者",
            "sentence": "恩",
            "label": "O",
            "normalized": [],
            "type": []
        },
        {
            "speaker": "患者",
            "sentence": "有时候还会有点绿？",
            "label": "OOOOOOOBO",
            "normalized": [
                "绿便"
            ],
            "type": [
                "1"
            ]
        },
        {
            "speaker": "患者",
            "sentence": "精神也好",
            "label": "OOOO",
            "normalized": [],
            "type": []
        },
        {
            "speaker": "医生",
            "sentence": "好的。宝宝的情况我大概了解了，初步给您总结梳理一下。",
            "label": "OOOOOOOOOOOOOOOOOOOOOOOOOO",
            "normalized": [],
            "type": []
        },
        {
            "speaker": "患者",
            "sentence": "好的～",
            "label": "OOO",
            "normalized": [],
            "type": []
        },
        {
            "speaker": "患者",
            "sentence": "还在？",
            "label": "OOO",
            "normalized": [],
            "type": []
        },
        {
            "speaker": "医生",
            "sentence": "小宝宝的主要症状是前段时间有便秘的情况，在服用益生菌之后现在出现有大便次数增加，最多的时候能有四次，大便变稀。考虑腹泻待查，具体原因考虑跟宝宝胃肠道功能没有发育完全以及近期饮食更换有关系的。那个益生菌我建议可以继续服用，这个对于缓解腹泻的症状也有一定的帮助。",
            "label": "OOOOOOOOOOOOOOBIOOOOOOOOOOOOOOOOOOOOOOOOOOOOOOOOOOBIIIOOOBIOOOOOOOOOOOOOOOOOOOOOOOOOOOOOOOOOOOOOOOOOOOOOOOOOOOOOOOOOBIOOOOOOOOOOO",
            "normalized": [
                "便秘",
                "稀便",
                "腹泻",
                "腹泻"
            ],
            "type": [
                "1",
                "1",
                "3",
                "3"
            ]
        },
        {
            "speaker": "医生",
            "sentence": "在",
            "label": "O",
            "normalized": [],
            "type": []
        },
        {
            "speaker": "患者",
            "sentence": "腹泻？",
            "label": "BIO",
            "normalized": [
                "腹泻"
            ],
            "type": [
                "3"
            ]
        },
        {
            "speaker": "医生",
            "sentence": "还有当宝宝大便次数超过四次的时候，可以用止泻的药物对症处理一下，缓解宝宝的症状。",
            "label": "OOOOOOOOOOOOOOOOOOOOOOOOOOOOOOOOOOOOOOOO",
            "normalized": [],
            "type": []
        },
        {
            "speaker": "医生",
            "sentence": "考虑是的",
            "label": "OOOO",
            "normalized": [],
            "type": []
        },
        {
            "speaker": "患者",
            "sentence": "要带去医院看一下吗？",
            "label": "OOOOOOOOOO",
            "normalized": [],
            "type": []
        },
        {
            "speaker": "患者",
            "sentence": "好的，两次的时候就不用管吗？",
            "label": "OOOOOOOOOOOOOO",
            "normalized": [],
            "type": []
        },
        {
            "speaker": "患者",
            "sentence": "但是很希，怎么吧？",
            "label": "OOBIOOOOO",
            "normalized": [
                "稀便"
            ],
            "type": [
                "1"
            ]
        },
        {
            "speaker": "患者",
            "sentence": "4次只有一天，",
            "label": "OOOOOOO",
            "normalized": [],
            "type": []
        },
        {
            "speaker": "医生",
            "sentence": "小宝宝的小便量正常吗？就是跟以前比。",
            "label": "OOOOOOOOOOOOOOOOOO",
            "normalized": [],
            "type": []
        },
        {
            "speaker": "患者",
            "sentence": "之前会几个小时尿布都干，最近奶水也多，宝宝吃的也多，尿布经常都是鼓鼓的！",
            "label": "OOOOOOOOOOOOOOOOOOOOOOOOOOOOOOOOOOOO",
            "normalized": [],
            "type": []
        },
        {
            "speaker": "医生",
            "sentence": "好的，那宝宝这个不算严重，没有明显脱水的情况，你可以先调理两天观察一下。",
            "label": "OOOOOOOOOOOOOOOOOBIOOOOOOOOOOOOOOOOO",
            "normalized": [
                "脱水"
            ],
            "type": [
                "2"
            ]
        },
        {
            "speaker": "患者",
            "sentence": "尿多了，正常吗？",
            "label": "OOOOOOOO",
            "normalized": [],
            "type": []
        },
        {
            "speaker": "医生",
            "sentence": "一般大便次数多就排尿少，尿多了不影响。尿多了表示他吃的多。",
            "label": "OOOOOOOOOOOOOOOOOOOOOOOOOOOOO",
            "normalized": [],
            "type": []
        },
        {
            "speaker": "患者",
            "sentence": "好的，非常感谢你！",
            "label": "OOOOOOOOO",
            "normalized": [],
            "type": []
        },
        {
            "speaker": "患者",
            "sentence": "大便很希，只有两次的话，也没有关系吗？",
            "label": "BIIIOOOOOOOOOOOOOOO",
            "normalized": [
                "稀便"
            ],
            "type": [
                "1"
            ]
        },
        {
            "speaker": "医生",
            "sentence": "这样没有多大关系。小宝宝一岁以内的胃肠道没有发育完全，可能是会出现腹泻或者便秘的，特别是受凉或更换奶粉等受刺激的时候。",
            "label": "OOOOOOOOOOOOOOOOOOOOOOOOOOOOOOOOOBIOOBIOOOOOOOOOOOOOOOOOOOO",
            "normalized": [
                "腹泻",
                "便秘"
            ],
            "type": [
                "1",
                "1"
            ]
        },
        {
            "speaker": "医生",
            "sentence": "能在三次以内就不用太担心。",
            "label": "OOOOOOOOOOOOO",
            "normalized": [],
            "type": []
        },
        {
            "speaker": "患者",
            "sentence": "好的，谢谢你",
            "label": "OOOOOO",
            "normalized": [],
            "type": []
        },
        {
            "speaker": "医生",
            "sentence": "如果宝宝大便出现在三次以上止泻药药没有效果。这时候有就医的必要性和重要性，及时就医能够使腹泻得到改善。延迟就医有可能使宝宝出现脱水的情况。",
            "label": "OOOOOOOOOOOOOOOOOOOOOOOOOOOOOOOOOOOOOOOOOOOOBIOOOOOOOOOOOOOOOOOBIOOOO",
            "normalized": [
                "腹泻",
                "脱水"
            ],
            "type": [
                "1",
                "3"
            ]
        },
        {
            "speaker": "医生",
            "sentence": "不客气",
            "label": "OOO",
            "normalized": [],
            "type": []
        },
        {
            "speaker": "医生",
            "sentence": "就医的话可以去二甲或以上级别医院的儿科。可以和医生商量一下，化验一下大便常规看看，对症治疗。",
            "label": "OOOOOOOOOOOOOOOOOOOOOOOOOOOOOOOOOOOOOOOOOOOOOO",
            "normalized": [],
            "type": []
        },
        {
            "speaker": "医生",
            "sentence": "就医的话建议去二甲或以上级别医院的儿内科。",
            "label": "OOOOOOOOOOOOOOOOOOOOO",
            "normalized": [],
            "type": []
        }
    ]
}