{
    "data-split": "train",
    "example-id": "10231742",
    "dialogue-content": [
        {
            "speaker": "医生",
            "sentence": "你好！",
            "label": "OOO",
            "normalized": [],
            "type": []
        },
        {
            "speaker": "患者",
            "sentence": "您好",
            "label": "OO",
            "normalized": [],
            "type": []
        },
        {
            "speaker": "医生",
            "sentence": "还是做大了",
            "label": "OOOOO",
            "normalized": [],
            "type": []
        },
        {
            "speaker": "医生",
            "sentence": "对不起打错字了，孩子多大了？",
            "label": "OOOOOOOOOOOOOO",
            "normalized": [],
            "type": []
        },
        {
            "speaker": "医生",
            "sentence": "发病几天了",
            "label": "OOOOO",
            "normalized": [],
            "type": []
        },
        {
            "speaker": "患者",
            "sentence": "三岁半",
            "label": "OOO",
            "normalized": [],
            "type": []
        },
        {
            "speaker": "医生",
            "sentence": "发病几天了",
            "label": "OOOOO",
            "normalized": [],
            "type": []
        },
        {
            "speaker": "患者",
            "sentence": "四天了",
            "label": "OOO",
            "normalized": [],
            "type": []
        },
        {
            "speaker": "医生",
            "sentence": "是在住院治疗吗？",
            "label": "OOOOOOOO",
            "normalized": [],
            "type": []
        },
        {
            "speaker": "患者",
            "sentence": "没有",
            "label": "OO",
            "normalized": [],
            "type": []
        },
        {
            "speaker": "医生",
            "sentence": "口服药啊？",
            "label": "OOOOO",
            "normalized": [],
            "type": []
        },
        {
            "speaker": "医生",
            "sentence": "发烧一直没有退么？",
            "label": "BIOOOOOOO",
            "normalized": [
                "发热"
            ],
            "type": [
                "1"
            ]
        },
        {
            "speaker": "医生",
            "sentence": "怎么治疗的",
            "label": "OOOOO",
            "normalized": [],
            "type": []
        },
        {
            "speaker": "患者",
            "sentence": "退了又烧",
            "label": "BOOB",
            "normalized": [
                "退热",
                "发热"
            ],
            "type": [
                "1",
                "1"
            ]
        },
        {
            "speaker": "医生",
            "sentence": "咳嗽很严重吗？",
            "label": "BIOOOOO",
            "normalized": [
                "咳嗽"
            ],
            "type": [
                "1"
            ]
        },
        {
            "speaker": "患者",
            "sentence": "今天喝的退烧药消炎药",
            "label": "OOOOOOOOOO",
            "normalized": [],
            "type": []
        },
        {
            "speaker": "患者",
            "sentence": "之前物理降温",
            "label": "OOOOOO",
            "normalized": [],
            "type": []
        },
        {
            "speaker": "医生",
            "sentence": "效果还是不好是吗？",
            "label": "OOOOOOOOO",
            "normalized": [],
            "type": []
        },
        {
            "speaker": "医生",
            "sentence": "一直在口服药物是吗？",
            "label": "OOOOOOOOOO",
            "normalized": [],
            "type": []
        },
        {
            "speaker": "医生",
            "sentence": "一共治疗几天啦？",
            "label": "OOOOOOOO",
            "normalized": [],
            "type": []
        },
        {
            "speaker": "患者",
            "sentence": "今天才吃的布洛芬，之前没吃",
            "label": "OOOOOOOOOOOOO",
            "normalized": [],
            "type": []
        },
        {
            "speaker": "医生",
            "sentence": "一直发烧四天啦",
            "label": "OOBIOOO",
            "normalized": [
                "发热"
            ],
            "type": [
                "1"
            ]
        },
        {
            "speaker": "患者",
            "sentence": "嗯嗯",
            "label": "OO",
            "normalized": [],
            "type": []
        },
        {
            "speaker": "医生",
            "sentence": "好的",
            "label": "OO",
            "normalized": [],
            "type": []
        },
        {
            "speaker": "医生",
            "sentence": "我刚看了一下你的检查结果。",
            "label": "OOOOOOOOOOOOO",
            "normalized": [],
            "type": []
        },
        {
            "speaker": "医生",
            "sentence": "根据你说的孩子情况和检查结果，孩子还是呼吸道的感染，支气管炎。",
            "label": "OOOOOOOOOOOOOOOOOOOOOOOOOOBIIIO",
            "normalized": [
                "支气管炎"
            ],
            "type": [
                "3"
            ]
        },
        {
            "speaker": "患者",
            "sentence": "嗯嗯",
            "label": "OO",
            "normalized": [],
            "type": []
        },
        {
            "speaker": "医生",
            "sentence": "你一经治疗四天了，效果不好。",
            "label": "OOOOOOOOOOOOOO",
            "normalized": [],
            "type": []
        },
        {
            "speaker": "医生",
            "sentence": "孩子还是反复的发烧咳嗽",
            "label": "OOOOBIIIIBI",
            "normalized": [
                "发热",
                "咳嗽"
            ],
            "type": [
                "1",
                "1"
            ]
        },
        {
            "speaker": "患者",
            "sentence": "他老咳嗽，吃不进东西，吃了就吐",
            "label": "OOBIOBIIIIOOOOB",
            "normalized": [
                "咳嗽",
                "食欲不振",
                "呕吐"
            ],
            "type": [
                "1",
                "1",
                "1"
            ]
        },
        {
            "speaker": "医生",
            "sentence": "这样光口服药物，看来是控制不住的。",
            "label": "OOOOOOOOOOOOOOOOO",
            "normalized": [],
            "type": []
        },
        {
            "speaker": "医生",
            "sentence": "建议你去住院治疗，静脉输液效果还好。",
            "label": "OOOOOOOOOOOOOOOOOO",
            "normalized": [],
            "type": []
        },
        {
            "speaker": "患者",
            "sentence": "奥奥",
            "label": "OO",
            "normalized": [],
            "type": []
        },
        {
            "speaker": "医生",
            "sentence": "气管炎，如果控制不住可以发展成为肺炎更是严重。",
            "label": "BIIOOOOOOOOOOOOOBIOOOOO",
            "normalized": [
                "支气管炎",
                "肺炎"
            ],
            "type": [
                "3",
                "3"
            ]
        },
        {
            "speaker": "医生",
            "sentence": "今年孩子们发生的感冒和气管炎都比较难以控制。",
            "label": "OOOOOOOOBIOBIIOOOOOOOO",
            "normalized": [
                "普通感冒",
                "支气管炎"
            ],
            "type": [
                "1",
                "3"
            ]
        },
        {
            "speaker": "医生",
            "sentence": "而且像你这样的孩子反复的发烧，咳嗽的也是比较多的",
            "label": "OOOOOOOOOBIIIIOBIOOOOOOO",
            "normalized": [
                "发热",
                "咳嗽"
            ],
            "type": [
                "1",
                "1"
            ]
        }
    ]
}