{
    "data-split": "train",
    "example-id": "10545097",
    "dialogue-content": [
        {
            "speaker": "医生",
            "sentence": "你好",
            "label": "OO",
            "normalized": [],
            "type": []
        },
        {
            "speaker": "患者",
            "sentence": "你好",
            "label": "OO",
            "normalized": [],
            "type": []
        },
        {
            "speaker": "医生",
            "sentence": "这个孩子近段时间有没有生病啊",
            "label": "OOOOOOOOOOOOOO",
            "normalized": [],
            "type": []
        },
        {
            "speaker": "医生",
            "sentence": "有没有发生呼吸道感染",
            "label": "OOOOOBIIII",
            "normalized": [
                "呼吸道感染"
            ],
            "type": [
                "2"
            ]
        },
        {
            "speaker": "患者",
            "sentence": "没有",
            "label": "OO",
            "normalized": [],
            "type": []
        },
        {
            "speaker": "患者",
            "sentence": "就是两天没有大便了",
            "label": "OOOOOOOOO",
            "normalized": [],
            "type": []
        },
        {
            "speaker": "医生",
            "sentence": "那是个孩子有没有受到过惊吓",
            "label": "OOOOOOOOOOOOO",
            "normalized": [],
            "type": []
        },
        {
            "speaker": "医生",
            "sentence": "平时这个孩子大便正常吗",
            "label": "OOOOOOOOOOO",
            "normalized": [],
            "type": []
        },
        {
            "speaker": "患者",
            "sentence": "今天大便了一点还特别干",
            "label": "OOOOOOOOOOO",
            "normalized": [],
            "type": []
        },
        {
            "speaker": "医生",
            "sentence": "那需要考虑几个孩子胃肠功能不好，消化吸收能力差，这样的孩子就会出现阵发性的哭闹",
            "label": "OOOOOOOOOOOOOOOOOOOOOOOOOOOOOOOOOOOOOBI",
            "normalized": [
                "哭闹"
            ],
            "type": [
                "3"
            ]
        },
        {
            "speaker": "患者",
            "sentence": "夜里容易蹬被子早上看到有鼻涕",
            "label": "OOOOOOOOOOOOBI",
            "normalized": [
                "鼻流涕"
            ],
            "type": [
                "1"
            ]
        },
        {
            "speaker": "医生",
            "sentence": "哦",
            "label": "O",
            "normalized": [],
            "type": []
        },
        {
            "speaker": "医生",
            "sentence": "这个孩子的肚子有没有咕噜咕噜响的声音，大便臭不臭",
            "label": "OOOOOBIIIIIIIIIOOOOBIIII",
            "normalized": [
                "肠鸣音",
                "大便酸臭"
            ],
            "type": [
                "1",
                "1"
            ]
        },
        {
            "speaker": "患者",
            "sentence": "嗯嗯",
            "label": "OO",
            "normalized": [],
            "type": []
        },
        {
            "speaker": "患者",
            "sentence": "下午大便挺臭的",
            "label": "OOOOOBO",
            "normalized": [
                "大便酸臭"
            ],
            "type": [
                "1"
            ]
        },
        {
            "speaker": "患者",
            "sentence": "就拉了一点还特干",
            "label": "OOOOOOOO",
            "normalized": [],
            "type": []
        },
        {
            "speaker": "医生",
            "sentence": "这样的孩子需要考虑胃肠功能不好，胃肠功能不好的孩子就会出现肠蠕动增快，有可能会出现阵发性的哭闹，睡眠不安",
            "label": "OOOOOOOOOBIIIIIOOOOOOOOOOOOOOOOOOOOOOOOOOOOOOBIOBIII",
            "normalized": [
                "胃肠功能紊乱",
                "哭闹",
                "睡眠障碍"
            ],
            "type": [
                "3",
                "3",
                "3"
            ]
        },
        {
            "speaker": "医生",
            "sentence": "如果这个孩子有鼻塞的情况，需要注意呼吸道感染的可能，鼻塞的孩子夜间睡眠的时候会影响正常的呼吸，也会出现阵发性的哭闹",
            "label": "OOOOOOOBIOOOOOOOOBIIIIOOOOBIOOOOOOOOOOOOOOOOOOOOOOOOOOOBI",
            "normalized": [
                "鼻塞",
                "呼吸道感染",
                "鼻塞",
                "哭闹"
            ],
            "type": [
                "3",
                "3",
                "3",
                "3"
            ]
        },
        {
            "speaker": "患者",
            "sentence": "吃奶也不正经吃",
            "label": "OOOOOOO",
            "normalized": [],
            "type": []
        },
        {
            "speaker": "患者",
            "sentence": "有奶他总不正经吃",
            "label": "OOOOOOOO",
            "normalized": [],
            "type": []
        },
        {
            "speaker": "医生",
            "sentence": "那这个孩子还有其他的表现吗",
            "label": "OOOOOOOOOOOOO",
            "normalized": [],
            "type": []
        },
        {
            "speaker": "患者",
            "sentence": "没有",
            "label": "OO",
            "normalized": [],
            "type": []
        },
        {
            "speaker": "医生",
            "sentence": "鼻塞的孩子会影响正常的呼吸，会影响吃奶的，会影响孩子的睡眠",
            "label": "BIOOOOOOOOOOOOOOOOOOOOOOOOOOO",
            "normalized": [
                "鼻塞"
            ],
            "type": [
                "1"
            ]
        },
        {
            "speaker": "医生",
            "sentence": "这个孩子鼻塞的症状重吗",
            "label": "OOOOBIOOOOO",
            "normalized": [
                "鼻塞"
            ],
            "type": [
                "1"
            ]
        },
        {
            "speaker": "患者",
            "sentence": "光去吃奶总感觉奶不够吃似的",
            "label": "OOOOOOOOOOOOO",
            "normalized": [],
            "type": []
        },
        {
            "speaker": "患者",
            "sentence": "不严重啊",
            "label": "OOOO",
            "normalized": [],
            "type": []
        },
        {
            "speaker": "患者",
            "sentence": "就早上留了点鼻涕",
            "label": "OOOOOOBI",
            "normalized": [
                "鼻流涕"
            ],
            "type": [
                "1"
            ]
        },
        {
            "speaker": "医生",
            "sentence": "那这个孩子最主要的还是应该考虑胃肠功能不好引起的",
            "label": "OOOOOOOOOOOOOOOBIIIIIOOO",
            "normalized": [
                "胃肠功能紊乱"
            ],
            "type": [
                "3"
            ]
        },
        {
            "speaker": "医生",
            "sentence": "这样的孩子就会影响正常的吃奶",
            "label": "OOOOOOOOOOOOOO",
            "normalized": [],
            "type": []
        },
        {
            "speaker": "医生",
            "sentence": "这个年龄段的孩子应该适当的添加辅食了",
            "label": "OOOOOOOOOOOOOOOOOO",
            "normalized": [],
            "type": []
        },
        {
            "speaker": "医生",
            "sentence": "八个月以后的孩子母乳当中的营养成分不足以维持孩子的生理需要，需要给予额外的补充",
            "label": "OOOOOOOOOOOOOOOOOOOOOOOOOOOOOOOOOOOOOOO",
            "normalized": [],
            "type": []
        },
        {
            "speaker": "患者",
            "sentence": "嗯嗯",
            "label": "OO",
            "normalized": [],
            "type": []
        },
        {
            "speaker": "患者",
            "sentence": "昨天都有点",
            "label": "OOOOO",
            "normalized": [],
            "type": []
        },
        {
            "speaker": "患者",
            "sentence": "他夜里睡觉蹬被子会不会是着凉了",
            "label": "OOOOOOOOOOOOOOO",
            "normalized": [],
            "type": []
        },
        {
            "speaker": "医生",
            "sentence": "需要给孩子按摩腹部改善胃肠功能，保持大便的通畅",
            "label": "OOOOOOOOOOOOOOOOOOOOOOO",
            "normalized": [],
            "type": []
        },
        {
            "speaker": "医生",
            "sentence": "应该考虑受凉啊，因为这个孩子有流鼻涕的情况",
            "label": "OOOOOOOOOOOOOOOBIIOOO",
            "normalized": [
                "鼻流涕"
            ],
            "type": [
                "1"
            ]
        },
        {
            "speaker": "患者",
            "sentence": "好的",
            "label": "OO",
            "normalized": [],
            "type": []
        },
        {
            "speaker": "医生",
            "sentence": "这个孩子胃肠功能不好，是不是很长时间了",
            "label": "OOOOOOOOOOOOOOOOOOO",
            "normalized": [],
            "type": []
        },
        {
            "speaker": "患者",
            "sentence": "嗯嗯",
            "label": "OO",
            "normalized": [],
            "type": []
        },
        {
            "speaker": "医生",
            "sentence": "采用少量多次的喂养方式",
            "label": "OOOOOOOOOOO",
            "normalized": [],
            "type": []
        },
        {
            "speaker": "患者",
            "sentence": "好的谢谢知道了",
            "label": "OOOOOOO",
            "normalized": [],
            "type": []
        },
        {
            "speaker": "医生",
            "sentence": "除了从喂养方面进行调整以外，可以给孩子口服调节脾胃的药物",
            "label": "OOOOOOOOOOOOOOOOOOOOOOOOOOOO",
            "normalized": [],
            "type": []
        },
        {
            "speaker": "患者",
            "sentence": "他都不吃",
            "label": "OOOO",
            "normalized": [],
            "type": []
        },
        {
            "speaker": "患者",
            "sentence": "我挤挤有奶他不正经吃",
            "label": "OOOOOOOOOO",
            "normalized": [],
            "type": []
        },
        {
            "speaker": "医生",
            "sentence": "如果这个孩子鼻塞症状持续性的加重，那就应该考虑呼吸道感染所引起的，需要给孩子口服感冒颗粒的，缓解这个孩子鼻塞的症状",
            "label": "OOOOOOBIOOOOOOOOOOOOOOOBIIIIOOOOOOOOOOOOOOOOOOOOOOOOBIOOO",
            "normalized": [
                "鼻塞",
                "呼吸道感染",
                "鼻塞"
            ],
            "type": [
                "1",
                "3",
                "1"
            ]
        },
        {
            "speaker": "医生",
            "sentence": "这就是胃肠功能不好的表现呢？这个孩子胃肠功能恢复以后，吃奶会恢复正常的",
            "label": "OOOOOOOOOOOOOOOOOOOOOOOOOOOOOOOOOOO",
            "normalized": [],
            "type": []
        },
        {
            "speaker": "医生",
            "sentence": "所以说需要给孩子口服调节脾胃的药物进行治疗",
            "label": "OOOOOOOOOOOOOOOOOOOOO",
            "normalized": [],
            "type": []
        },
        {
            "speaker": "患者",
            "sentence": "好的",
            "label": "OO",
            "normalized": [],
            "type": []
        },
        {
            "speaker": "医生",
            "sentence": "另外就是给孩子按摩腹部",
            "label": "OOOOOOOOOOO",
            "normalized": [],
            "type": []
        },
        {
            "speaker": "患者",
            "sentence": "谢谢",
            "label": "OO",
            "normalized": [],
            "type": []
        },
        {
            "speaker": "医生",
            "sentence": "不客气",
            "label": "OOO",
            "normalized": [],
            "type": []
        },
        {
            "speaker": "医生",
            "sentence": "如果给予上述处理以后，孩子的症状没有明显的缓解，那就需要到医院就诊的，需要进行进一步的检查，明确一下这个孩子哭闹的原因",
            "label": "OOOOOOOOOOOOOOOOOOOOOOOOOOOOOOOOOOOOOOOOOOOOOOOOOOOOOOOOOOO",
            "normalized": [],
            "type": []
        }
    ]
}