{
    "data-split": "train",
    "example-id": "10870748",
    "dialogue-content": [
        {
            "speaker": "医生",
            "sentence": "你好",
            "label": "OO",
            "normalized": [],
            "type": []
        },
        {
            "speaker": "患者",
            "sentence": "您好我问一个孩子老吐奶是不消化吗",
            "label": "OOOOOOOOOBIOOOOO",
            "normalized": [
                "呕吐"
            ],
            "type": [
                "1"
            ]
        },
        {
            "speaker": "患者",
            "sentence": "还是肚子着凉了",
            "label": "OOOOOOO",
            "normalized": [],
            "type": []
        },
        {
            "speaker": "医生",
            "sentence": "你好，请问宝宝现在是多大了？吐奶是那种溢奶还是喷射性的吐？",
            "label": "OOOOOOOOOOOOOOBIOOOOOOOOOOOBO",
            "normalized": [
                "呕吐",
                "呕吐"
            ],
            "type": [
                "1",
                "1"
            ]
        },
        {
            "speaker": "患者",
            "sentence": "1个7天",
            "label": "OOOO",
            "normalized": [],
            "type": []
        },
        {
            "speaker": "患者",
            "sentence": "一个月7天",
            "label": "OOOOO",
            "normalized": [],
            "type": []
        },
        {
            "speaker": "医生",
            "sentence": "是每次吃奶都吐吗？是喷射性呕吐吗？",
            "label": "OOOOOOBOOOOOOBIOO",
            "normalized": [
                "呕吐",
                "呕吐"
            ],
            "type": [
                "1",
                "1"
            ]
        },
        {
            "speaker": "患者",
            "sentence": "吃了没一会就吐平时也吐",
            "label": "OOOOOOBOOOB",
            "normalized": [
                "呕吐",
                "呕吐"
            ],
            "type": [
                "1",
                "1"
            ]
        },
        {
            "speaker": "医生",
            "sentence": "注意喂奶姿势，少喂勤喂，吃完抱起来多拍拍背，放的时候侧着放，做这些有缓解吗？",
            "label": "OOOOOOOOOOOOOOOOOOOOOOOOOOOOOOOOOOOOOO",
            "normalized": [],
            "type": []
        },
        {
            "speaker": "患者",
            "sentence": "没有",
            "label": "OO",
            "normalized": [],
            "type": []
        },
        {
            "speaker": "医生",
            "sentence": "满月体重增长了多少？呕吐是喷射性的呕吐吗？",
            "label": "OOOOOOOOOOBIOOOOOBIOO",
            "normalized": [
                "呕吐",
                "呕吐"
            ],
            "type": [
                "1",
                "1"
            ]
        },
        {
            "speaker": "患者",
            "sentence": "不是满月长了2斤",
            "label": "OOOOOOOO",
            "normalized": [],
            "type": []
        },
        {
            "speaker": "医生",
            "sentence": "体重增长在正常范围",
            "label": "OOOOOOOOO",
            "normalized": [],
            "type": []
        },
        {
            "speaker": "医生",
            "sentence": "这么大宝宝胃发育还不完善，容易吐奶呛奶，注意喂奶姿势，少喂勤喂，可以服用一些活菌制剂调理肠道菌群",
            "label": "OOOOOOOOOOOOOOOBIOOOOOOOOOOOOOOOOOOOOOOOOOOOOOOO",
            "normalized": [
                "呕吐"
            ],
            "type": [
                "1"
            ]
        },
        {
            "speaker": "患者",
            "sentence": "溢奶",
            "label": "OO",
            "normalized": [],
            "type": []
        },
        {
            "speaker": "医生",
            "sentence": "如伴有喷射性的呕吐，要考虑到有没有胃食管反流和幽门梗阻的这些情况，这些都需要上医院完善查体，比如说做食道ph值监测等，如有异常呢，要对症服用药物治疗。严重的需要手术",
            "label": "OOOOOOOBIOOOOOOOOOOOOOOOOOOOOOOOOOOOOOOOOOOOOOOOOOOOOOOOOOOOOOOOOOOOOOOOOOOOOOOOOO",
            "normalized": [
                "呕吐"
            ],
            "type": [
                "1"
            ]
        },
        {
            "speaker": "医生",
            "sentence": "那宝宝现在食欲好不好？有没有腹胀，大便正常吗？",
            "label": "OOOOOOOOOOOOOOBIOOOOOOO",
            "normalized": [
                "腹胀"
            ],
            "type": [
                "3"
            ]
        },
        {
            "speaker": "患者",
            "sentence": "大便一天3/4次",
            "label": "OOOOOOOO",
            "normalized": [],
            "type": []
        },
        {
            "speaker": "医生",
            "sentence": "大便是什么颜色的？每次量多不多？",
            "label": "OOOOOOOOOOOOOOOO",
            "normalized": [],
            "type": []
        },
        {
            "speaker": "患者",
            "sentence": "不多但是也不算少黄色",
            "label": "OOOOOOOOOO",
            "normalized": [],
            "type": []
        },
        {
            "speaker": "医生",
            "sentence": "是纯母乳喂养吗？",
            "label": "OOOOOOOO",
            "normalized": [],
            "type": []
        },
        {
            "speaker": "患者",
            "sentence": "是的",
            "label": "OO",
            "normalized": [],
            "type": []
        },
        {
            "speaker": "医生",
            "sentence": "如果宝宝食欲可以，大便正常，没有腹胀，单纯的吐奶，一般考虑还是有消化不良，或者就是正常的胃还没有发育完善引起的吐奶。可以上医院完善一下查体，做腹部的触诊，完善大便常规，看看有没有腹胀，大便有异常，如这些都没有什么变化的话，可以服用几天活菌调理",
            "label": "OOOOOOOOOOOOOOOOBIOOOOBIOOOOOOOOBIIIOOOOOOOOOOOOOOOOOOOBIOOOOOOOOOOOOOOOOOOOOOOOOOOOOOOOOBIOOOOOOOOOOOOOOOOOOOOOOOOOOOOOO",
            "normalized": [
                "腹胀",
                "呕吐",
                "消化不良",
                "呕吐",
                "腹胀"
            ],
            "type": [
                "2",
                "1",
                "3",
                "1",
                "3"
            ]
        },
        {
            "speaker": "患者",
            "sentence": "也没有出现腹胀",
            "label": "OOOOOBI",
            "normalized": [
                "腹胀"
            ],
            "type": [
                "2"
            ]
        },
        {
            "speaker": "医生",
            "sentence": "那最好是上院完善下查体，如查体无异常，可以服用几天益生菌调理就可以。宝宝只要吃奶可以，体重增长正常，就不要紧",
            "label": "OOOOOOOOOOOOOOOOOOOOOOOOOOOOOOOOOOOOOOOOOOOOOOOOOOOOOO",
            "normalized": [],
            "type": []
        },
        {
            "speaker": "患者",
            "sentence": "那好谢谢",
            "label": "OOOO",
            "normalized": [],
            "type": []
        },
        {
            "speaker": "医生",
            "sentence": "不客气",
            "label": "OOO",
            "normalized": [],
            "type": []
        }
    ]
}