{
    "data-split": "train",
    "example-id": "10633521",
    "dialogue-content": [
        {
            "speaker": "医生",
            "sentence": "您好，我是张医生，很荣幸为您解释疑惑！",
            "label": "OOOOOOOOOOOOOOOOOOO",
            "normalized": [],
            "type": []
        },
        {
            "speaker": "患者",
            "sentence": "你好！",
            "label": "OOO",
            "normalized": [],
            "type": []
        },
        {
            "speaker": "医生",
            "sentence": "孩子现在就只有咳嗽了？",
            "label": "OOOOOOOBIOO",
            "normalized": [
                "咳嗽"
            ],
            "type": [
                "1"
            ]
        },
        {
            "speaker": "医生",
            "sentence": "咳嗽频繁吗？",
            "label": "BIOOOO",
            "normalized": [
                "咳嗽"
            ],
            "type": [
                "1"
            ]
        },
        {
            "speaker": "患者",
            "sentence": "我家宝宝感冒咳嗽已经有20几天了。现在还是有点咳",
            "label": "OOOOBIBIOOOOOOOOOOOOOOOB",
            "normalized": [
                "普通感冒",
                "咳嗽",
                "咳嗽"
            ],
            "type": [
                "1",
                "1",
                "1"
            ]
        },
        {
            "speaker": "患者",
            "sentence": "嗯！",
            "label": "OO",
            "normalized": [],
            "type": []
        },
        {
            "speaker": "医生",
            "sentence": "频繁咳嗽？咳嗽干咳，还是有痰？",
            "label": "OOBIOBIBIOOOBIO",
            "normalized": [
                "咳嗽",
                "咳嗽",
                "干咳",
                "痰"
            ],
            "type": [
                "1",
                "1",
                "1",
                "1"
            ]
        },
        {
            "speaker": "患者",
            "sentence": "吃药雾化都做了",
            "label": "OOOOOOO",
            "normalized": [],
            "type": []
        },
        {
            "speaker": "患者",
            "sentence": "不是就是偶尔有咳",
            "label": "OOOOOOOB",
            "normalized": [
                "咳嗽"
            ],
            "type": [
                "1"
            ]
        },
        {
            "speaker": "医生",
            "sentence": "白天咳嗽厉害，还是晚上咳嗽厉害呢？",
            "label": "OOBIOOOOOOOBIOOOO",
            "normalized": [
                "咳嗽",
                "咳嗽"
            ],
            "type": [
                "1",
                "1"
            ]
        },
        {
            "speaker": "患者",
            "sentence": "听起来有痰",
            "label": "OOOBI",
            "normalized": [
                "痰"
            ],
            "type": [
                "1"
            ]
        },
        {
            "speaker": "患者",
            "sentence": "白天偶尔有咳几声，还有些痰",
            "label": "OOOOOBOOOOOOB",
            "normalized": [
                "咳嗽",
                "痰"
            ],
            "type": [
                "1",
                "1"
            ]
        },
        {
            "speaker": "医生",
            "sentence": "额去你们到底干过，",
            "label": "OOOOOOOOO",
            "normalized": [],
            "type": []
        },
        {
            "speaker": "医生",
            "sentence": "去你们当地公立医院儿科门诊看过了吗？",
            "label": "OOOOOOOOOOOOOOOOOO",
            "normalized": [],
            "type": []
        },
        {
            "speaker": "患者",
            "sentence": "嗯啦看过了。雾化也是昨天才结束的",
            "label": "OOOOOOOOOOOOOOOO",
            "normalized": [],
            "type": []
        },
        {
            "speaker": "医生",
            "sentence": "你们当地公立医院儿科门诊医生怎么说？",
            "label": "OOOOOOOOOOOOOOOOOO",
            "normalized": [],
            "type": []
        },
        {
            "speaker": "患者",
            "sentence": "感冒",
            "label": "BI",
            "normalized": [
                "普通感冒"
            ],
            "type": [
                "1"
            ]
        },
        {
            "speaker": "医生",
            "sentence": "肺部听诊有问题吗？",
            "label": "OOOOOOOOO",
            "normalized": [],
            "type": []
        },
        {
            "speaker": "医生",
            "sentence": "考虑支气管炎还是急性上呼吸道感染",
            "label": "OOBIIIOOOOBIIIII",
            "normalized": [
                "支气管炎",
                "上呼吸道感染"
            ],
            "type": [
                "3",
                "3"
            ]
        },
        {
            "speaker": "医生",
            "sentence": "吃了几天药？",
            "label": "OOOOOO",
            "normalized": [],
            "type": []
        },
        {
            "speaker": "医生",
            "sentence": "雾化了几天？",
            "label": "OOOOOO",
            "normalized": [],
            "type": []
        },
        {
            "speaker": "患者",
            "sentence": "听了没有问题。也看了喉咙也没问题",
            "label": "OOOOOOOOOOOOOOOO",
            "normalized": [],
            "type": []
        },
        {
            "speaker": "医生",
            "sentence": "吃了药，做了雾化，咳嗽有好转吗？",
            "label": "OOOOOOOOOBIOOOOO",
            "normalized": [
                "咳嗽"
            ],
            "type": [
                "1"
            ]
        },
        {
            "speaker": "患者",
            "sentence": "吃了20几天的药雾化做了三天",
            "label": "OOOOOOOOOOOOOO",
            "normalized": [],
            "type": []
        },
        {
            "speaker": "医生",
            "sentence": "吃了这么久的药啊",
            "label": "OOOOOOOO",
            "normalized": [],
            "type": []
        },
        {
            "speaker": "患者",
            "sentence": "好些了。就是偶尔还有些咳，要不要吃些消炎药呢？",
            "label": "OOOOOOOOOOOBOOOOOOOOOOO",
            "normalized": [
                "咳嗽"
            ],
            "type": [
                "1"
            ]
        },
        {
            "speaker": "患者",
            "sentence": "嗯啦，所以现在没给她吃药了",
            "label": "OOOOOOOOOOOOO",
            "normalized": [],
            "type": []
        },
        {
            "speaker": "医生",
            "sentence": "可以不要吃药，喝点水喝点绿豆汤啊这个给东花坛，家政是不孝顺，",
            "label": "OOOOOOOOOOOOOOOOOOOOOOOOOOOOOO",
            "normalized": [],
            "type": []
        },
        {
            "speaker": "患者",
            "sentence": "之前是感冒、发烧、拉肚子，现在就是咳",
            "label": "OOOBIOBIOBIIOOOOOB",
            "normalized": [
                "普通感冒",
                "发热",
                "腹泻",
                "咳嗽"
            ],
            "type": [
                "3",
                "3",
                "3",
                "1"
            ]
        },
        {
            "speaker": "医生",
            "sentence": "不影响孩子睡眠",
            "label": "OOOOOOO",
            "normalized": [],
            "type": []
        },
        {
            "speaker": "患者",
            "sentence": "嗯嗯好的。就是用梨子炖冰糖",
            "label": "OOOOOOOOOOOOO",
            "normalized": [],
            "type": []
        },
        {
            "speaker": "医生",
            "sentence": "宝宝症状主要是咳嗽，之前有感冒，在你们当地公立医院儿科门诊看过，明确是急性上呼吸道感染，吃药20多天，雾化三天，现在咳嗽明显好转，偶尔有点咳嗽，有痰",
            "label": "OOOOOOOBIOOOOBIOOOOOOOOOOOOOOOOOOOOOOBIIIIIOOOOOOOOOOOOOOOBIOOOOOOOOOBIOBI",
            "normalized": [
                "咳嗽",
                "普通感冒",
                "上呼吸道感染",
                "咳嗽",
                "咳嗽",
                "痰"
            ],
            "type": [
                "1",
                "1",
                "3",
                "1",
                "1",
                "1"
            ]
        },
        {
            "speaker": "医生",
            "sentence": "没有加重，体温正常，考虑现在是恢复期",
            "label": "OOOOOOOOOOOOOOOOOO",
            "normalized": [],
            "type": []
        },
        {
            "speaker": "患者",
            "sentence": "不影响，晚上还是吃的好谁的好。白天也好就是偶尔咳",
            "label": "OOOOOOOOOOOOOOOOOOOOOOOB",
            "normalized": [
                "咳嗽"
            ],
            "type": [
                "1"
            ]
        },
        {
            "speaker": "医生",
            "sentence": "多喝水，吃点冰糖雪梨，避免受凉就可以了",
            "label": "OOOOOOOOOOOOOOOOOOO",
            "normalized": [],
            "type": []
        },
        {
            "speaker": "患者",
            "sentence": "哦。没发烧没加重就没什么问题是吗？",
            "label": "OOOBIOOOOOOOOOOOO",
            "normalized": [
                "发热"
            ],
            "type": [
                "2"
            ]
        },
        {
            "speaker": "医生",
            "sentence": "关键就是孩子现在可能免疫力低下，如果受凉，容易导致再感染",
            "label": "OOOOOOOOOOOOOOOOOOOOOOOOOOOO",
            "normalized": [],
            "type": []
        },
        {
            "speaker": "医生",
            "sentence": "没有发烧，咳嗽没有加重，就先观察",
            "label": "OOBIOBIOOOOOOOOO",
            "normalized": [
                "发热",
                "咳嗽"
            ],
            "type": [
                "2",
                "1"
            ]
        },
        {
            "speaker": "患者",
            "sentence": "谢谢医生了！这样就放心了。",
            "label": "OOOOOOOOOOOOO",
            "normalized": [],
            "type": []
        },
        {
            "speaker": "医生",
            "sentence": "没有必要再吃了，",
            "label": "OOOOOOOO",
            "normalized": [],
            "type": []
        },
        {
            "speaker": "医生",
            "sentence": "不客气",
            "label": "OOO",
            "normalized": [],
            "type": []
        },
        {
            "speaker": "患者",
            "sentence": "好的！就先观察一下再说。",
            "label": "OOOOOOOOOOOO",
            "normalized": [],
            "type": []
        },
        {
            "speaker": "医生",
            "sentence": "嗯嗯",
            "label": "OO",
            "normalized": [],
            "type": []
        },
        {
            "speaker": "医生",
            "sentence": "您有任何问题可以随时和我联系或留言，我看到后会第一时间回复。",
            "label": "OOOOOOOOOOOOOOOOOOOOOOOOOOOOOO",
            "normalized": [],
            "type": []
        },
        {
            "speaker": "患者",
            "sentence": "像9个月的宝宝吃什么能提高免疫力呢？",
            "label": "OOOOOOOOOOOOOOOOOO",
            "normalized": [],
            "type": []
        },
        {
            "speaker": "患者",
            "sentence": "好的，谢谢张医生",
            "label": "OOOOOOOO",
            "normalized": [],
            "type": []
        },
        {
            "speaker": "医生",
            "sentence": "孩子平时容易生病吗？",
            "label": "OOOOOOOOOO",
            "normalized": [],
            "type": []
        },
        {
            "speaker": "患者",
            "sentence": "生下来到现在感冒两次。",
            "label": "OOOOOOBIOOO",
            "normalized": [
                "普通感冒"
            ],
            "type": [
                "1"
            ]
        },
        {
            "speaker": "患者",
            "sentence": "就是这次感冒搞了这么久",
            "label": "OOOOBIOOOOO",
            "normalized": [
                "普通感冒"
            ],
            "type": [
                "1"
            ]
        },
        {
            "speaker": "医生",
            "sentence": "频繁的感冒，不需要吃什么？",
            "label": "OOOBIOOOOOOOO",
            "normalized": [
                "普通感冒"
            ],
            "type": [
                "1"
            ]
        },
        {
            "speaker": "患者",
            "sentence": "以前有点流鼻涕给她喝些开水自己就好了",
            "label": "OOOOBIIOOOOOOOOOOO",
            "normalized": [
                "鼻流涕"
            ],
            "type": [
                "2"
            ]
        },
        {
            "speaker": "患者",
            "sentence": "嗯嗯好么谢谢张医生了！",
            "label": "OOOOOOOOOOO",
            "normalized": [],
            "type": []
        },
        {
            "speaker": "医生",
            "sentence": "现在吃母乳还是奶粉？",
            "label": "OOOOOOOOOO",
            "normalized": [],
            "type": []
        },
        {
            "speaker": "医生",
            "sentence": "辅食吃了吗？",
            "label": "OOOOOO",
            "normalized": [],
            "type": []
        },
        {
            "speaker": "患者",
            "sentence": "吃的母乳",
            "label": "OOOO",
            "normalized": [],
            "type": []
        },
        {
            "speaker": "医生",
            "sentence": "平时均衡营养，护理上注意适当增减衣物",
            "label": "OOOOOOOOOOOOOOOOOO",
            "normalized": [],
            "type": []
        },
        {
            "speaker": "患者",
            "sentence": "面条稀饭，米饭都在吃。各种汤也在给她喂",
            "label": "OOOOOOOOOOOOOOOOOOO",
            "normalized": [],
            "type": []
        },
        {
            "speaker": "患者",
            "sentence": "水果都吃",
            "label": "OOOO",
            "normalized": [],
            "type": []
        },
        {
            "speaker": "医生",
            "sentence": "那孩子不是频繁生病",
            "label": "OOOOOOOOO",
            "normalized": [],
            "type": []
        },
        {
            "speaker": "医生",
            "sentence": "目前不需要吃增强免疫力的",
            "label": "OOOOOOOOOOOO",
            "normalized": [],
            "type": []
        },
        {
            "speaker": "医生",
            "sentence": "饮食和护理上注意些就可以了",
            "label": "OOOOOOOOOOOOO",
            "normalized": [],
            "type": []
        },
        {
            "speaker": "患者",
            "sentence": "好的",
            "label": "OO",
            "normalized": [],
            "type": []
        },
        {
            "speaker": "医生",
            "sentence": "您有任何问题可以随时和我联系或留言，我看到后会第一时间回复。",
            "label": "OOOOOOOOOOOOOOOOOOOOOOOOOOOOOO",
            "normalized": [],
            "type": []
        },
        {
            "speaker": "医生",
            "sentence": "您可在咨询结束后点击（首页），在首页里找到（康复记录），在康复记录里找到我然后点（再次咨询)",
            "label": "OOOOOOOOOOOOOOOOOOOOOOOOOOOOOOOOOOOOOOOOOOOOOO",
            "normalized": [],
            "type": []
        }
    ]
}