{
    "data-split": "train",
    "example-id": "10534376",
    "dialogue-content": [
        {
            "speaker": "医生",
            "sentence": "你好",
            "label": "OO",
            "normalized": [],
            "type": []
        },
        {
            "speaker": "医生",
            "sentence": "在吗",
            "label": "OO",
            "normalized": [],
            "type": []
        },
        {
            "speaker": "医生",
            "sentence": "你好",
            "label": "OO",
            "normalized": [],
            "type": []
        },
        {
            "speaker": "患者",
            "sentence": "你好",
            "label": "OO",
            "normalized": [],
            "type": []
        },
        {
            "speaker": "医生",
            "sentence": "这个孩子有没有进行大便常规的检查",
            "label": "OOOOOOOOOOOOOOOO",
            "normalized": [],
            "type": []
        },
        {
            "speaker": "患者",
            "sentence": "我姑娘三个月了，拉肚，拉的是水样的，呕吐",
            "label": "OOOOOOOOOOOOOOBIOOBI",
            "normalized": [
                "水样便",
                "呕吐"
            ],
            "type": [
                "1",
                "1"
            ]
        },
        {
            "speaker": "患者",
            "sentence": "没有",
            "label": "OO",
            "normalized": [],
            "type": []
        },
        {
            "speaker": "医生",
            "sentence": "这个孩子反复的拉肚子，应该考虑胃肠功能不好，消化吸收能力差",
            "label": "OOOOOOOBIIOOOOOBIIIIIOOOOOOOO",
            "normalized": [
                "腹泻",
                "胃肠功能紊乱"
            ],
            "type": [
                "1",
                "3"
            ]
        },
        {
            "speaker": "医生",
            "sentence": "对于这样的孩子，需要寻找原因的，是什么原因说导致这个孩子出现拉肚子，出现胃肠功能不好",
            "label": "OOOOOOOOOOOOOOOOOOOOOOOOOOOOOOBIIOOOOOOOOO",
            "normalized": [
                "腹泻"
            ],
            "type": [
                "1"
            ]
        },
        {
            "speaker": "患者",
            "sentence": "那需要怎么治疗那？",
            "label": "OOOOOOOOO",
            "normalized": [],
            "type": []
        },
        {
            "speaker": "医生",
            "sentence": "这个孩子的大便是什么样，的稀水便？大便当中有没有粘液",
            "label": "OOOOOOOOOOOOOBIIOOOOOOOOBI",
            "normalized": [
                "水样便",
                "大便粘液"
            ],
            "type": [
                "3",
                "3"
            ]
        },
        {
            "speaker": "医生",
            "sentence": "首先这个孩子需要进行大便常规的检查，确定一下大便当中有没有炎症",
            "label": "OOOOOOOOOOOOOOOOOOOOOOOOOOOOOOO",
            "normalized": [],
            "type": []
        },
        {
            "speaker": "医生",
            "sentence": "如果大便当中没有炎症，需要考虑单纯的消化功能不良",
            "label": "OOOOOOOOOOOOOOOOOOBIIIII",
            "normalized": [
                "消化不良"
            ],
            "type": [
                "3"
            ]
        },
        {
            "speaker": "患者",
            "sentence": "一开始拉绿屎，还有沫沫，后来就拉肚了",
            "label": "OOOOBIOOOOOOOOOBIO",
            "normalized": [
                "绿便",
                "腹泻"
            ],
            "type": [
                "1",
                "1"
            ]
        },
        {
            "speaker": "医生",
            "sentence": "如果大便当中存在白细胞，红细胞，甚至说脓细胞，反复的出现这种大便常规，除了考虑肠道当中有炎症以外，需要注意乳糖不耐受的可能",
            "label": "OOOOOOOOOOOOOOOOOOOOOOOOOOOOOOOOOOOOOOOOOOOOOOOOOOOOOOOOOOOOO",
            "normalized": [],
            "type": []
        },
        {
            "speaker": "患者",
            "sentence": "没有",
            "label": "OO",
            "normalized": [],
            "type": []
        },
        {
            "speaker": "医生",
            "sentence": "大便发绿有泡沫就应该考虑消化功能不良",
            "label": "BIIIOOOOOOOOBIIIII",
            "normalized": [
                "绿便",
                "消化不良"
            ],
            "type": [
                "1",
                "3"
            ]
        },
        {
            "speaker": "医生",
            "sentence": "这个孩子有没有湿疹的情况",
            "label": "OOOOOOOBIOOO",
            "normalized": [
                "湿疹"
            ],
            "type": [
                "1"
            ]
        },
        {
            "speaker": "医生",
            "sentence": "每天大便几次",
            "label": "OOOOOO",
            "normalized": [],
            "type": []
        },
        {
            "speaker": "患者",
            "sentence": "给她吃扶脾颗粒可以吗？",
            "label": "OOOOOOOOOOO",
            "normalized": [],
            "type": []
        },
        {
            "speaker": "患者",
            "sentence": "总有，不按次",
            "label": "OOOOOO",
            "normalized": [],
            "type": []
        },
        {
            "speaker": "医生",
            "sentence": "可以的",
            "label": "OOO",
            "normalized": [],
            "type": []
        },
        {
            "speaker": "患者",
            "sentence": "有湿疹",
            "label": "OBI",
            "normalized": [
                "湿疹"
            ],
            "type": [
                "1"
            ]
        },
        {
            "speaker": "医生",
            "sentence": "也就是说，这个孩子每天的大便次数是很多的，大便量不是特别的多",
            "label": "OOOOOOOOOOOOOOOOOOOOOOOOOOOOOO",
            "normalized": [],
            "type": []
        },
        {
            "speaker": "医生",
            "sentence": "你们家族中有没有过敏体质的人，比如说过敏性鼻炎，支气管哮喘，皮肤过敏，这个孩子湿疹的症状重吗？",
            "label": "OOOOOOOOOOOOOOOOOOOOOOOOOOOOOOOOOOOOOOOBIOOOOOO",
            "normalized": [
                "湿疹"
            ],
            "type": [
                "1"
            ]
        },
        {
            "speaker": "患者",
            "sentence": "嗯",
            "label": "O",
            "normalized": [],
            "type": []
        },
        {
            "speaker": "患者",
            "sentence": "有",
            "label": "O",
            "normalized": [],
            "type": []
        },
        {
            "speaker": "医生",
            "sentence": "那就是孩子的生长发育正常吗？现在的身高和体重达标吗",
            "label": "OOOOOOOOOOOOOOOOOOOOOOOOO",
            "normalized": [],
            "type": []
        },
        {
            "speaker": "患者",
            "sentence": "孩子的爸爸是过敏性鼻炎",
            "label": "OOOOOOOOOOO",
            "normalized": [],
            "type": []
        },
        {
            "speaker": "患者",
            "sentence": "都达标",
            "label": "OOO",
            "normalized": [],
            "type": []
        },
        {
            "speaker": "医生",
            "sentence": "这个孩子有湿疹的情况，你们家族中有过敏体质的人，这个孩子也不能排除肠道过敏的可能",
            "label": "OOOOOBIOOOOOOOOOOOOOOOOOOOOOOOOOOOOBIOOO",
            "normalized": [
                "湿疹",
                "过敏"
            ],
            "type": [
                "1",
                "3"
            ]
        },
        {
            "speaker": "患者",
            "sentence": "哦",
            "label": "O",
            "normalized": [],
            "type": []
        },
        {
            "speaker": "医生",
            "sentence": "过敏体质加都遗传倾向比较严重，如果这个孩子有肠道过敏的情况，有可能会出现反复的拉肚子",
            "label": "BIOOOOOOOOOOOOOOOOOOOOOOBIOOOOOOOOOOOOOBII",
            "normalized": [
                "过敏体质",
                "过敏",
                "腹泻"
            ],
            "type": [
                "3",
                "3",
                "1"
            ]
        },
        {
            "speaker": "医生",
            "sentence": "当然最常见的可能就是食物不耐受，也就是乳糖不耐受",
            "label": "OOOOOOOOOOOOOOOOOOOOOOOO",
            "normalized": [],
            "type": []
        },
        {
            "speaker": "患者",
            "sentence": "哦",
            "label": "O",
            "normalized": [],
            "type": []
        },
        {
            "speaker": "医生",
            "sentence": "乳糖不耐受，是由于孩子肠道当中缺乏乳糖酶，不能消化奶当中的乳糖成分而导致的拉肚子，吃奶以后这个孩子就会出现拉肚子，并且是蛋花汤样的稀水样大便",
            "label": "OOOOOOOOOOOOOOOOOOOOOOOOOOOOOOOOOOOOOBIIOOOOOOOOOOOOOBIIOOOOBIIIOBIIII",
            "normalized": [
                "腹泻",
                "腹泻",
                "蛋花汤样便",
                "水样便"
            ],
            "type": [
                "1",
                "1",
                "3",
                "3"
            ]
        },
        {
            "speaker": "医生",
            "sentence": "所以说这个孩子需要进行乳糖耐受试验，需要排出乳糖不耐受的",
            "label": "OOOOOOOOOOOOOOOOOOOOOOOOOOOO",
            "normalized": [],
            "type": []
        },
        {
            "speaker": "患者",
            "sentence": "那还需要吃点什么药那？",
            "label": "OOOOOOOOOOO",
            "normalized": [],
            "type": []
        },
        {
            "speaker": "医生",
            "sentence": "另外这个孩子有时间的情况，家族中有过敏体质的人，有必要进行蛋白过敏的检测，看一下是不是对蛋白质过敏",
            "label": "OOOOOOOOOOOOOOOOOOOOOOOOOOOOOOOOOOOOOOOOOOOOOOOBI",
            "normalized": [
                "过敏"
            ],
            "type": [
                "3"
            ]
        },
        {
            "speaker": "医生",
            "sentence": "如果确定为乳糖不耐受，应该给孩子口服乳糖酶的",
            "label": "OOOOOOOOOOOOOOOOOOOOOO",
            "normalized": [],
            "type": []
        },
        {
            "speaker": "患者",
            "sentence": "哦",
            "label": "O",
            "normalized": [],
            "type": []
        },
        {
            "speaker": "医生",
            "sentence": "这个孩子是母乳喂养还是人工喂养啊",
            "label": "OOOOOOOOOOOOOOOO",
            "normalized": [],
            "type": []
        },
        {
            "speaker": "患者",
            "sentence": "哦",
            "label": "O",
            "normalized": [],
            "type": []
        },
        {
            "speaker": "患者",
            "sentence": "母乳",
            "label": "OO",
            "normalized": [],
            "type": []
        },
        {
            "speaker": "医生",
            "sentence": "如果是母乳喂养的孩子，在吃奶之前半个小时，需要给孩子口服乳糖酶的，先从1/3条开始，每天四次",
            "label": "OOOOOOOOOOOOOOOOOOOOOOOOOOOOOOOOOOOOOOOOOOOOOO",
            "normalized": [],
            "type": []
        },
        {
            "speaker": "医生",
            "sentence": "当然对于乳糖不耐受的孩子，最好的治疗办法就是给孩子应用腹泻奶粉",
            "label": "OOOOOOOOOOOOOOOOOOOOOOOOOOOOOOO",
            "normalized": [],
            "type": []
        },
        {
            "speaker": "患者",
            "sentence": "口服乳糖酶就可以了吗？",
            "label": "OOOOOOOOOOO",
            "normalized": [],
            "type": []
        },
        {
            "speaker": "医生",
            "sentence": "确定为乳糖不耐受，需要给孩子口服乳糖酶",
            "label": "OOOOOOOOOOOOOOOOOOO",
            "normalized": [],
            "type": []
        },
        {
            "speaker": "医生",
            "sentence": "应该到医院进行乳糖耐受实验",
            "label": "OOOOOOOOOOOOO",
            "normalized": [],
            "type": []
        },
        {
            "speaker": "医生",
            "sentence": "如果不是乳糖不耐受，这个孩子还是需要寻找原因的",
            "label": "OOOOOOOOOOOOOOOOOOOOOOO",
            "normalized": [],
            "type": []
        },
        {
            "speaker": "医生",
            "sentence": "寻找出现拉肚子的原因，需要寻找导致这个孩子胃肠功能不好的原因",
            "label": "OOOOBIIOOOOOOOOOOOOOOOOOOOOOOO",
            "normalized": [
                "腹泻"
            ],
            "type": [
                "1"
            ]
        },
        {
            "speaker": "患者",
            "sentence": "哦",
            "label": "O",
            "normalized": [],
            "type": []
        },
        {
            "speaker": "患者",
            "sentence": "知道了",
            "label": "OOO",
            "normalized": [],
            "type": []
        },
        {
            "speaker": "医生",
            "sentence": "嗯",
            "label": "O",
            "normalized": [],
            "type": []
        },
        {
            "speaker": "患者",
            "sentence": "谢谢你医生",
            "label": "OOOOO",
            "normalized": [],
            "type": []
        },
        {
            "speaker": "医生",
            "sentence": "不客气",
            "label": "OOO",
            "normalized": [],
            "type": []
        },
        {
            "speaker": "医生",
            "sentence": "如果不是乳糖不耐受，那就应该考虑单纯的消化功能不良，可以给孩子口服肠道微生态制剂，改善肠道微生态环境",
            "label": "OOOOOOOOOOOOOOOOOOOBIIIIIOOOOOOOOOOOOOOOOOOOOOOOOO",
            "normalized": [
                "消化不良"
            ],
            "type": [
                "3"
            ]
        },
        {
            "speaker": "医生",
            "sentence": "可以口服调节脾胃的药物进行治疗",
            "label": "OOOOOOOOOOOOOOO",
            "normalized": [],
            "type": []
        },
        {
            "speaker": "医生",
            "sentence": "当然这个孩子最需要做的就是大便常规的检查和乳糖耐受试验",
            "label": "OOOOOOOOOOOOOOOOOOOOOOOOOOO",
            "normalized": [],
            "type": []
        }
    ]
}