{
    "data-split": "train",
    "example-id": "10351608",
    "dialogue-content": [
        {
            "speaker": "医生",
            "sentence": "你好",
            "label": "OO",
            "normalized": [],
            "type": []
        },
        {
            "speaker": "患者",
            "sentence": "您好",
            "label": "OO",
            "normalized": [],
            "type": []
        },
        {
            "speaker": "患者",
            "sentence": "问题宝宝出生两个半月，今天看上去有点拉水一样，是拉肚子吗？怎么办呢，为什么会这样",
            "label": "OOOOOOOOOOOOOOOOOOBIOOOOBIIOOOOOOOOOOOOO",
            "normalized": [
                "水样便",
                "腹泻"
            ],
            "type": [
                "1",
                "3"
            ]
        },
        {
            "speaker": "医生",
            "sentence": "我想询问一下这个孩子，近段时间吃奶比以前多吗",
            "label": "OOOOOOOOOOOOOOOOOOOOOO",
            "normalized": [],
            "type": []
        },
        {
            "speaker": "医生",
            "sentence": "从你发的图片看着孩子大便比较稀，应该考虑消化功能不良，大便当中的水比较多呀",
            "label": "OOOOOOOOOOOOOOBOOOOOBIIIIIOOOOOOOOOOO",
            "normalized": [
                "稀便",
                "消化不良"
            ],
            "type": [
                "1",
                "3"
            ]
        },
        {
            "speaker": "患者",
            "sentence": "差不多吧",
            "label": "OOOO",
            "normalized": [],
            "type": []
        },
        {
            "speaker": "患者",
            "sentence": "是",
            "label": "O",
            "normalized": [],
            "type": []
        },
        {
            "speaker": "患者",
            "sentence": "水比较多",
            "label": "OOOO",
            "normalized": [],
            "type": []
        },
        {
            "speaker": "患者",
            "sentence": "为什么会这样",
            "label": "OOOOOO",
            "normalized": [],
            "type": []
        },
        {
            "speaker": "医生",
            "sentence": "那这个孩子有没有受凉的情况",
            "label": "OOOOOOOOOOOOO",
            "normalized": [],
            "type": []
        },
        {
            "speaker": "患者",
            "sentence": "我也不知道怎么判断",
            "label": "OOOOOOOOO",
            "normalized": [],
            "type": []
        },
        {
            "speaker": "患者",
            "sentence": "最近天气冷",
            "label": "OOOOO",
            "normalized": [],
            "type": []
        },
        {
            "speaker": "患者",
            "sentence": "现在怎么办呢医生",
            "label": "OOOOOOOO",
            "normalized": [],
            "type": []
        },
        {
            "speaker": "医生",
            "sentence": "那这个孩子还有其他的症状吗？有没有流鼻涕打喷嚏的情况？家里的大人有没有呼吸道感染的情况",
            "label": "OOOOOOOOOOOOOOOOOBIIBIIOOOOOOOOOOOOOOOOOOOO",
            "normalized": [
                "鼻流涕",
                "打喷嚏"
            ],
            "type": [
                "3",
                "1"
            ]
        },
        {
            "speaker": "医生",
            "sentence": "近段时间妈妈的饮食有没有特殊啊？",
            "label": "OOOOOOOOOOOOOOOO",
            "normalized": [],
            "type": []
        },
        {
            "speaker": "患者",
            "sentence": "打喷嚏一直都会",
            "label": "BIIOOOO",
            "normalized": [
                "打喷嚏"
            ],
            "type": [
                "1"
            ]
        },
        {
            "speaker": "患者",
            "sentence": "最近过年是的比较杂",
            "label": "OOOOOOOOO",
            "normalized": [],
            "type": []
        },
        {
            "speaker": "患者",
            "sentence": "特殊昨天吃了燕窝算特殊吗",
            "label": "OOOOOOOOOOOO",
            "normalized": [],
            "type": []
        },
        {
            "speaker": "医生",
            "sentence": "跟这个关系不大的",
            "label": "OOOOOOOO",
            "normalized": [],
            "type": []
        },
        {
            "speaker": "医生",
            "sentence": "那这个孩子出现拉肚子有几天了",
            "label": "OOOOOOOBIIOOOO",
            "normalized": [
                "腹泻"
            ],
            "type": [
                "1"
            ]
        },
        {
            "speaker": "医生",
            "sentence": "每天拉几次啊",
            "label": "OOOOOO",
            "normalized": [],
            "type": []
        },
        {
            "speaker": "患者",
            "sentence": "就今天",
            "label": "OOO",
            "normalized": [],
            "type": []
        },
        {
            "speaker": "医生",
            "sentence": "这个年龄段的孩子如果出现大便异常，首先应该考虑喂养方面的问题",
            "label": "OOOOOOOOOOOOOOOOOOOOOOOOOOOOOO",
            "normalized": [],
            "type": []
        },
        {
            "speaker": "医生",
            "sentence": "这个孩子是母乳喂养吧？还是人工喂养",
            "label": "OOOOOOOOOOOOOOOOO",
            "normalized": [],
            "type": []
        },
        {
            "speaker": "患者",
            "sentence": "母乳",
            "label": "OO",
            "normalized": [],
            "type": []
        },
        {
            "speaker": "医生",
            "sentence": "那应该考虑妈妈的饮食，如果妈妈的饮食发生了改变，可能会导致孩子消化功能不良",
            "label": "OOOOOOOOOOOOOOOOOOOOOOOOOOOOOOOBIIIII",
            "normalized": [
                "消化不良"
            ],
            "type": [
                "3"
            ]
        },
        {
            "speaker": "医生",
            "sentence": "就会出现拉肚子的情况",
            "label": "OOOOBIIOOO",
            "normalized": [
                "腹泻"
            ],
            "type": [
                "1"
            ]
        },
        {
            "speaker": "患者",
            "sentence": "昨天特殊的就是燕窝，因为过年天天基本上去别人家做客",
            "label": "OOOOOOOOOOOOOOOOOOOOOOOOO",
            "normalized": [],
            "type": []
        },
        {
            "speaker": "患者",
            "sentence": "现在该怎么办呢",
            "label": "OOOOOOO",
            "normalized": [],
            "type": []
        },
        {
            "speaker": "医生",
            "sentence": "可能与近段时间的饮食过于油腻有关系",
            "label": "OOOOOOOOOOOOOOOOO",
            "normalized": [],
            "type": []
        },
        {
            "speaker": "患者",
            "sentence": "我自己没拉肚子",
            "label": "OOOOOOO",
            "normalized": [],
            "type": []
        },
        {
            "speaker": "医生",
            "sentence": "妈妈不一定拉肚子的，妈妈饮食不规律，过于油腻的食物就会导致孩子出现拉肚子，消化功能不良",
            "label": "OOOOOOOOOOOOOOOOOOOOOOOOOOOOOOOOOBIIOBIIIII",
            "normalized": [
                "腹泻",
                "消化不良"
            ],
            "type": [
                "1",
                "1"
            ]
        },
        {
            "speaker": "医生",
            "sentence": "这个孩子症状不是特别的重，首先应该从喂养方面进行调整",
            "label": "OOOOOOOOOOOOOOOOOOOOOOOOOO",
            "normalized": [],
            "type": []
        },
        {
            "speaker": "医生",
            "sentence": "减少每次喂奶的奶量，增加喂奶次数，适当地按摩腹部，改善胃肠功能",
            "label": "OOOOOOOOOOOOOOOOOOOOOOOOOOOOOOO",
            "normalized": [],
            "type": []
        },
        {
            "speaker": "患者",
            "sentence": "怎么调整呢",
            "label": "OOOOO",
            "normalized": [],
            "type": []
        },
        {
            "speaker": "医生",
            "sentence": "妈妈的也是需要调整的，尽可能进食容易消化的食物，避免进食油腻，生冷辛辣刺激的食物",
            "label": "OOOOOOOOOOOOOOOOOOOOOOOOOOOOOOOOOOOOOOOO",
            "normalized": [],
            "type": []
        },
        {
            "speaker": "医生",
            "sentence": "目前这个孩子症状不重，暂时不需要口服药物",
            "label": "OOOOOOOOOOOOOOOOOOOO",
            "normalized": [],
            "type": []
        },
        {
            "speaker": "患者",
            "sentence": "好的，谢谢医生",
            "label": "OOOOOOO",
            "normalized": [],
            "type": []
        },
        {
            "speaker": "医生",
            "sentence": "不客气",
            "label": "OOO",
            "normalized": [],
            "type": []
        },
        {
            "speaker": "医生",
            "sentence": "这个年龄段的孩子，胃肠功能损伤以后修复需要一定的时间，需要慢慢来的",
            "label": "OOOOOOOOOOOOOOOOOOOOOOOOOOOOOOOOO",
            "normalized": [],
            "type": []
        },
        {
            "speaker": "医生",
            "sentence": "另外妈妈需要保持平和的心态，愉快的心情，避免上火",
            "label": "OOOOOOOOOOOOOOOOOOOOOOOO",
            "normalized": [],
            "type": []
        },
        {
            "speaker": "医生",
            "sentence": "这样也会导致奶的质量差一些，也有可能会出现腹泻的情况",
            "label": "OOOOOOOOOOOOOOOOOOOOOBIOOO",
            "normalized": [
                "腹泻"
            ],
            "type": [
                "1"
            ]
        },
        {
            "speaker": "医生",
            "sentence": "还有什么问题吗",
            "label": "OOOOOOO",
            "normalized": [],
            "type": []
        }
    ]
}