{
    "data-split": "train",
    "example-id": "10413322",
    "dialogue-content": [
        {
            "speaker": "医生",
            "sentence": "你好",
            "label": "OO",
            "normalized": [],
            "type": []
        },
        {
            "speaker": "医生",
            "sentence": "为了更好的提供服务，我需要询问您几个与病症相关的问题，感谢您配合。",
            "label": "OOOOOOOOOOOOOOOOOOOOOOOOOOOOOOOOO",
            "normalized": [],
            "type": []
        },
        {
            "speaker": "医生",
            "sentence": "最近孩子有没有着凉或吃坏东西",
            "label": "OOOOOOOOOOOOOO",
            "normalized": [],
            "type": []
        },
        {
            "speaker": "患者",
            "sentence": "有感冒",
            "label": "OBI",
            "normalized": [
                "普通感冒"
            ],
            "type": [
                "1"
            ]
        },
        {
            "speaker": "患者",
            "sentence": "轻微咳嗽",
            "label": "OOBI",
            "normalized": [
                "咳嗽"
            ],
            "type": [
                "1"
            ]
        },
        {
            "speaker": "患者",
            "sentence": "有绿鼻涕",
            "label": "OBII",
            "normalized": [
                "鼻流涕"
            ],
            "type": [
                "1"
            ]
        },
        {
            "speaker": "医生",
            "sentence": "奥奥，大约一天咳嗽几次",
            "label": "OOOOOOOBIOO",
            "normalized": [
                "咳嗽"
            ],
            "type": [
                "1"
            ]
        },
        {
            "speaker": "医生",
            "sentence": "听着有没有痰",
            "label": "OOOOOB",
            "normalized": [
                "痰"
            ],
            "type": [
                "1"
            ]
        },
        {
            "speaker": "患者",
            "sentence": "没吃什么东西呀！和平时一样",
            "label": "OOOOOOOOOOOOO",
            "normalized": [],
            "type": []
        },
        {
            "speaker": "医生",
            "sentence": "奥，",
            "label": "OO",
            "normalized": [],
            "type": []
        },
        {
            "speaker": "患者",
            "sentence": "有",
            "label": "O",
            "normalized": [],
            "type": []
        },
        {
            "speaker": "医生",
            "sentence": "宝贝有没有发热或呕吐情况？",
            "label": "OOOOOBIOBIOOO",
            "normalized": [
                "发热",
                "呕吐"
            ],
            "type": [
                "2",
                "2"
            ]
        },
        {
            "speaker": "医生",
            "sentence": "感觉宝贝咳嗽，痰能上来吗",
            "label": "OOOOBIOBOOOO",
            "normalized": [
                "咳嗽",
                "痰"
            ],
            "type": [
                "1",
                "3"
            ]
        },
        {
            "speaker": "患者",
            "sentence": "没有发热呕吐",
            "label": "OOBIBI",
            "normalized": [
                "发热",
                "呕吐"
            ],
            "type": [
                "2",
                "2"
            ]
        },
        {
            "speaker": "医生",
            "sentence": "宝贝拉肚子有没有肚痛情况呢",
            "label": "OOBIIOOOBIOOO",
            "normalized": [
                "腹泻",
                "腹痛"
            ],
            "type": [
                "1",
                "1"
            ]
        },
        {
            "speaker": "患者",
            "sentence": "痰没吐出来",
            "label": "BOBII",
            "normalized": [
                "痰",
                "呕吐"
            ],
            "type": [
                "1",
                "2"
            ]
        },
        {
            "speaker": "医生",
            "sentence": "或者肚子不舒服",
            "label": "OOBIIII",
            "normalized": [
                "腹部不适"
            ],
            "type": [
                "1"
            ]
        },
        {
            "speaker": "患者",
            "sentence": "有",
            "label": "O",
            "normalized": [],
            "type": []
        },
        {
            "speaker": "医生",
            "sentence": "宝贝是肚脐周围疼还是右下腹？",
            "label": "OOOOOOOOOOOOOO",
            "normalized": [],
            "type": []
        },
        {
            "speaker": "医生",
            "sentence": "疼痛厉害吗？宝贝能忍受吗",
            "label": "OOOOOOOOOOOO",
            "normalized": [],
            "type": []
        },
        {
            "speaker": "患者",
            "sentence": "昨天说是右下腹",
            "label": "OOOOOOO",
            "normalized": [],
            "type": []
        },
        {
            "speaker": "医生",
            "sentence": "奥，今天有没有缓解？",
            "label": "OOOOOOOOOO",
            "normalized": [],
            "type": []
        },
        {
            "speaker": "患者",
            "sentence": "不厉害，像是阵痛",
            "label": "OOOOOOOO",
            "normalized": [],
            "type": []
        },
        {
            "speaker": "患者",
            "sentence": "不是一直痛",
            "label": "OOOOO",
            "normalized": [],
            "type": []
        },
        {
            "speaker": "患者",
            "sentence": "今天不痛了",
            "label": "OOOOO",
            "normalized": [],
            "type": []
        },
        {
            "speaker": "医生",
            "sentence": "奥，",
            "label": "OO",
            "normalized": [],
            "type": []
        },
        {
            "speaker": "医生",
            "sentence": "宝贝右下腹部疼痛要多注意",
            "label": "OOOOOOOOOOOO",
            "normalized": [],
            "type": []
        },
        {
            "speaker": "患者",
            "sentence": "但从早上到现在拉了三次",
            "label": "OOOOOOOOOOO",
            "normalized": [],
            "type": []
        },
        {
            "speaker": "医生",
            "sentence": "嗯，大便什么样的",
            "label": "OOOOOOOO",
            "normalized": [],
            "type": []
        },
        {
            "speaker": "患者",
            "sentence": "像水一样",
            "label": "OOOO",
            "normalized": [],
            "type": []
        },
        {
            "speaker": "医生",
            "sentence": "量多吗",
            "label": "OOO",
            "normalized": [],
            "type": []
        },
        {
            "speaker": "医生",
            "sentence": "宝贝大便什么颜色？没有血丝",
            "label": "OOOOOOOOOOOOO",
            "normalized": [],
            "type": []
        },
        {
            "speaker": "患者",
            "sentence": "不多",
            "label": "OO",
            "normalized": [],
            "type": []
        },
        {
            "speaker": "医生",
            "sentence": "奥",
            "label": "O",
            "normalized": [],
            "type": []
        },
        {
            "speaker": "医生",
            "sentence": "有没有带宝宝去看医生？做过检查吗",
            "label": "OOOOOOOOOOOOOOOO",
            "normalized": [],
            "type": []
        },
        {
            "speaker": "患者",
            "sentence": "没有血丝",
            "label": "OOOO",
            "normalized": [],
            "type": []
        },
        {
            "speaker": "医生",
            "sentence": "嗯",
            "label": "O",
            "normalized": [],
            "type": []
        },
        {
            "speaker": "患者",
            "sentence": "没有",
            "label": "OO",
            "normalized": [],
            "type": []
        },
        {
            "speaker": "医生",
            "sentence": "那您有没有给宝宝服用药物呢",
            "label": "OOOOOOOOOOOOO",
            "normalized": [],
            "type": []
        },
        {
            "speaker": "患者",
            "sentence": "就吃了蒙脱石散",
            "label": "OOOOOOO",
            "normalized": [],
            "type": []
        },
        {
            "speaker": "医生",
            "sentence": "宝贝一天拉了3次，可以暂时吃点益生菌调节一下观察看看",
            "label": "OOOOOOOOOOOOOOOOOOOOOOOOOO",
            "normalized": [],
            "type": []
        },
        {
            "speaker": "患者",
            "sentence": "早上因为咳嗽吃了肺宁颗粒所以拉的粑粑是褐色的",
            "label": "OOOOBIOOOOOOOOOOOOOOOO",
            "normalized": [
                "咳嗽"
            ],
            "type": [
                "1"
            ]
        },
        {
            "speaker": "医生",
            "sentence": "宝贝饮食清淡为主，不要吃生冷辛辣干燥食物，鹅蛋可以少量吃一些，吃多了怕消化不好，家中腹泻情况",
            "label": "OOOOOOOOOOOOOOOOOOOOOOOOOOOOOOOOOOOOOOOOOOOOOO",
            "normalized": [],
            "type": []
        },
        {
            "speaker": "患者",
            "sentence": "那可以吃鹅蛋吗？",
            "label": "OOOOOOOO",
            "normalized": [],
            "type": []
        },
        {
            "speaker": "医生",
            "sentence": "嗯，宝贝咳嗽要多喝水，咳嗽厉害时候拍背促进痰液排出来",
            "label": "OOOOBIOOOOOBIOOOOOOOOBOOOO",
            "normalized": [
                "咳嗽",
                "咳嗽",
                "痰"
            ],
            "type": [
                "1",
                "1",
                "1"
            ]
        },
        {
            "speaker": "医生",
            "sentence": "可以的，不要吃太多了",
            "label": "OOOOOOOOOO",
            "normalized": [],
            "type": []
        },
        {
            "speaker": "患者",
            "sentence": "哦哦",
            "label": "OO",
            "normalized": [],
            "type": []
        },
        {
            "speaker": "患者",
            "sentence": "还要注意些什么吗？",
            "label": "OOOOOOOOO",
            "normalized": [],
            "type": []
        },
        {
            "speaker": "患者",
            "sentence": "鱼不能吃吧？",
            "label": "OOOOOO",
            "normalized": [],
            "type": []
        },
        {
            "speaker": "医生",
            "sentence": "因为蛋类蛋白质比较多，怕吃多了消化不好",
            "label": "OOOOOOOOOOOOOOOOOOO",
            "normalized": [],
            "type": []
        },
        {
            "speaker": "医生",
            "sentence": "清淡饮食，就可以肉类，一般不要吃，等好了再吃",
            "label": "OOOOOOOOOOOOOOOOOOOOOO",
            "normalized": [],
            "type": []
        },
        {
            "speaker": "医生",
            "sentence": "让孩子多喝稀饭，米汤，馒头一类的",
            "label": "OOOOOOOOOOOOOOOO",
            "normalized": [],
            "type": []
        },
        {
            "speaker": "患者",
            "sentence": "哦好的！",
            "label": "OOOO",
            "normalized": [],
            "type": []
        },
        {
            "speaker": "医生",
            "sentence": "如果宝贝腹泻加重，尤其是右下腹部疼痛加重，需要及时到二级以上公立医院小儿内科就诊",
            "label": "OOOOBIOOOOOOOOOOOOOOOOOOOOOOOOOOOOOOOOOO",
            "normalized": [
                "腹泻"
            ],
            "type": [
                "1"
            ]
        },
        {
            "speaker": "医生",
            "sentence": "做一下大便常规和彩超排除肠炎和阑尾炎情况",
            "label": "OOOOOOOOOOOOBIOBIIOO",
            "normalized": [
                "肠炎",
                "阑尾炎"
            ],
            "type": [
                "3",
                "3"
            ]
        },
        {
            "speaker": "患者",
            "sentence": "那可能是什么原因呢？",
            "label": "OOOOOOOOOO",
            "normalized": [],
            "type": []
        },
        {
            "speaker": "医生",
            "sentence": "有可能是消化不良，肚子着凉了，或肠炎情况",
            "label": "OOOOBIIIOOOOOOOOBIOO",
            "normalized": [
                "消化不良",
                "肠炎"
            ],
            "type": [
                "3",
                "3"
            ]
        },
        {
            "speaker": "患者",
            "sentence": "哦哦！",
            "label": "OOO",
            "normalized": [],
            "type": []
        },
        {
            "speaker": "患者",
            "sentence": "谢谢医生！",
            "label": "OOOOO",
            "normalized": [],
            "type": []
        },
        {
            "speaker": "医生",
            "sentence": "要注意宝贝腹部保暖，多喝温开水",
            "label": "OOOOOOOOOOOOOOO",
            "normalized": [],
            "type": []
        },
        {
            "speaker": "患者",
            "sentence": "好的！",
            "label": "OOO",
            "normalized": [],
            "type": []
        },
        {
            "speaker": "医生",
            "sentence": "多观察孩子精神状态和小便量",
            "label": "OOOOOOOOOOOOO",
            "normalized": [],
            "type": []
        },
        {
            "speaker": "患者",
            "sentence": "谢谢医生",
            "label": "OOOO",
            "normalized": [],
            "type": []
        },
        {
            "speaker": "医生",
            "sentence": "避免出现脱水情况",
            "label": "OOOOOOOO",
            "normalized": [],
            "type": []
        },
        {
            "speaker": "医生",
            "sentence": "不客气",
            "label": "OOO",
            "normalized": [],
            "type": []
        },
        {
            "speaker": "医生",
            "sentence": "还有疑问吗",
            "label": "OOOOO",
            "normalized": [],
            "type": []
        },
        {
            "speaker": "患者",
            "sentence": "没了！谢谢医生",
            "label": "OOOOOOO",
            "normalized": [],
            "type": []
        }
    ]
}