{
    "data-split": "train",
    "example-id": "10344511",
    "dialogue-content": [
        {
            "speaker": "医生",
            "sentence": "您好",
            "label": "OO",
            "normalized": [],
            "type": []
        },
        {
            "speaker": "患者",
            "sentence": "医生你好，我娃五个半月，一月四号肺炎住院，十二号出院，出院时还拉肚子，吃了一盒双歧杆菌，接着吃妈咪爱，吃到现在，别的症状没有了，还在拉肚子，今天早上到现在拉了六次，是继续吃妈咪爱还是需要换药呢？",
            "label": "OOOOOOOOOOOOOOOOBIOOOOOOOOOOOOOBIIOOOOOOOOOOOOOOOOOOOOOOOOOOOOOOOOBIIOOOOOOOOOOOOOOOOOOOOOOOOOOOO",
            "normalized": [
                "肺炎",
                "腹泻",
                "腹泻"
            ],
            "type": [
                "1",
                "1",
                "1"
            ]
        },
        {
            "speaker": "患者",
            "sentence": "医生你好，我娃五个半月，一月四号肺炎住院，十二号出院，出院时还拉肚子，吃了一盒双歧杆菌，接着吃妈咪爱，吃到现在，别的症状没有了，还在拉肚子，今天早上到现在拉了六次，是继续吃妈咪爱还是需要换药呢？",
            "label": "OOOOOOOOOOOOOOOOBIOOOOOOOOOOOOOBIIOOOOOOOOOOOOOOOOOOOOOOOOOOOOOOOOBIIOOOOOOOOOOOOOOOOOOOOOOOOOOOO",
            "normalized": [
                "肺炎",
                "腹泻",
                "腹泻"
            ],
            "type": [
                "1",
                "1",
                "1"
            ]
        },
        {
            "speaker": "医生",
            "sentence": "您好，宝宝目前拉的是什么样的呢",
            "label": "OOOOOOOOOOOOOOO",
            "normalized": [],
            "type": []
        },
        {
            "speaker": "患者",
            "sentence": "稍等",
            "label": "OO",
            "normalized": [],
            "type": []
        },
        {
            "speaker": "患者",
            "sentence": "我给你拍照片",
            "label": "OOOOOO",
            "normalized": [],
            "type": []
        },
        {
            "speaker": "患者",
            "sentence": "",
            "label": "",
            "normalized": [],
            "type": []
        },
        {
            "speaker": "医生",
            "sentence": "看到了，有点黄绿色的稀便，量不多。大便次数有没有在好转",
            "label": "OOOOOOBIIOBIOOOOOOOOOOOOOOO",
            "normalized": [
                "绿便",
                "稀便"
            ],
            "type": [
                "1",
                "1"
            ]
        },
        {
            "speaker": "患者",
            "sentence": "在医院拉的也不厉害",
            "label": "OOOOOOOOO",
            "normalized": [],
            "type": []
        },
        {
            "speaker": "患者",
            "sentence": "一直是一天五六次",
            "label": "OOOOOOOO",
            "normalized": [],
            "type": []
        },
        {
            "speaker": "患者",
            "sentence": "现在也是",
            "label": "OOOO",
            "normalized": [],
            "type": []
        },
        {
            "speaker": "患者",
            "sentence": "生病之前一天一次到两次",
            "label": "OOOOOOOOOOO",
            "normalized": [],
            "type": []
        },
        {
            "speaker": "医生",
            "sentence": "王？",
            "label": "OO",
            "normalized": [],
            "type": []
        },
        {
            "speaker": "医生",
            "sentence": "在医院化验大便了吗，怎么呀",
            "label": "OOOOOOOOOOOOO",
            "normalized": [],
            "type": []
        },
        {
            "speaker": "医生",
            "sentence": "样？",
            "label": "OO",
            "normalized": [],
            "type": []
        },
        {
            "speaker": "患者",
            "sentence": "化验了，大便没有问题",
            "label": "OOOOOOOOOO",
            "normalized": [],
            "type": []
        },
        {
            "speaker": "医生",
            "sentence": "小宝宝一岁以内的胃肠道没有发育完全，可能是会出现腹泻的，特别是受凉或更换奶粉等受刺激的时候。",
            "label": "OOOOOOOOOOOOOOOOOOOOOOOOBIOOOOOOOOOOOOOOOOOOOO",
            "normalized": [
                "腹泻"
            ],
            "type": [
                "3"
            ]
        },
        {
            "speaker": "患者",
            "sentence": "那我继续吃妈咪爱还是需要换药呢",
            "label": "OOOOOOOOOOOOOOO",
            "normalized": [],
            "type": []
        },
        {
            "speaker": "医生",
            "sentence": "可以继续用，然后加用小儿蒙脱石散。",
            "label": "OOOOOOOOOOOOOOOOO",
            "normalized": [],
            "type": []
        },
        {
            "speaker": "患者",
            "sentence": "蒙脱石散是治什么的",
            "label": "OOOOOOOOO",
            "normalized": [],
            "type": []
        },
        {
            "speaker": "医生",
            "sentence": "是对症止泻的。",
            "label": "OOOOOOO",
            "normalized": [],
            "type": []
        },
        {
            "speaker": "患者",
            "sentence": "嗯好的",
            "label": "OOO",
            "normalized": [],
            "type": []
        },
        {
            "speaker": "医生",
            "sentence": "好的",
            "label": "OO",
            "normalized": [],
            "type": []
        },
        {
            "speaker": "医生",
            "sentence": "宝宝也喂点水",
            "label": "OOOOOO",
            "normalized": [],
            "type": []
        }
    ]
}