{
    "data-split": "train",
    "example-id": "10651497",
    "dialogue-content": [
        {
            "speaker": "医生",
            "sentence": "你好",
            "label": "OO",
            "normalized": [],
            "type": []
        },
        {
            "speaker": "医生",
            "sentence": "目前一天大便几次？",
            "label": "OOOOOOOOO",
            "normalized": [],
            "type": []
        },
        {
            "speaker": "患者",
            "sentence": "每次拉一点，次数挺多，有时候拉点水",
            "label": "OOOOOOOOOOOOOOBII",
            "normalized": [
                "水样便"
            ],
            "type": [
                "1"
            ]
        },
        {
            "speaker": "医生",
            "sentence": "看过医生吗，化验过大便常规检查吗？",
            "label": "OOOOOOOOOOOOOOOOO",
            "normalized": [],
            "type": []
        },
        {
            "speaker": "患者",
            "sentence": "没去医院",
            "label": "OOOO",
            "normalized": [],
            "type": []
        },
        {
            "speaker": "患者",
            "sentence": "我前两天拉肚子，吃了一包思密达好了",
            "label": "OOOOOOOOOOOOOOOOO",
            "normalized": [],
            "type": []
        },
        {
            "speaker": "医生",
            "sentence": "目前看小孩大便图片，考虑还是有小儿消化不良的情况，一般主要和小婴儿肠道菌群没有完全建立好，消化能力弱。或者腹部着凉，还有妈妈饮食也可能有关系。",
            "label": "OOOOOOOOOOOOOOOBIIIIIOOOOOOOOOOOOOOOOOOOOOOOOOOOOOOOOOOOOOOOOOOOOOOOOOO",
            "normalized": [
                "消化不良"
            ],
            "type": [
                "3"
            ]
        },
        {
            "speaker": "患者",
            "sentence": "不像是感染对吧？",
            "label": "OOOOOOOO",
            "normalized": [],
            "type": []
        },
        {
            "speaker": "患者",
            "sentence": "我今天早上给她吃了一包益生菌和三分之一包思密达，目前看效果不太明显",
            "label": "OOOOOOOOOOOOOOOOOOOOOOOOOOOOOOOOO",
            "normalized": [],
            "type": []
        },
        {
            "speaker": "医生",
            "sentence": "是的，目前看到大便没有血，是没有脓液，并不像肠炎的情况。",
            "label": "OOOOOOOOOOOOOOOOOOOOOOBIOOOO",
            "normalized": [
                "肠炎"
            ],
            "type": [
                "2"
            ]
        },
        {
            "speaker": "医生",
            "sentence": "看到目前的服药治疗方法，还是很对症的，也是最常用的治疗消化不良的方法。",
            "label": "OOOOOOOOOOOOOOOOOOOOOOOOOOOBIIIOOOO",
            "normalized": [
                "消化不良"
            ],
            "type": [
                "3"
            ]
        },
        {
            "speaker": "患者",
            "sentence": "哦那就好，那还是继续吃思密达和益生菌吗",
            "label": "OOOOOOOOOOOOOOOOOOO",
            "normalized": [],
            "type": []
        },
        {
            "speaker": "医生",
            "sentence": "是的，我觉得这两个药物就很对症。目前治疗后有好转吗？",
            "label": "OOOOOOOOOOOOOOOOOOOOOOOOOO",
            "normalized": [],
            "type": []
        },
        {
            "speaker": "患者",
            "sentence": "早上喂过，效果不太明显啊",
            "label": "OOOOOOOOOOOO",
            "normalized": [],
            "type": []
        },
        {
            "speaker": "医生",
            "sentence": "一般来说，消化不良后伴随胃肠道功能紊乱，大约需要几天的过程。服药后，肠道自身也可以调理恢复，慢慢会好，治疗一天时间还比较短，需要继续服药。",
            "label": "OOOOOBIIIOOOOOOOOOOOOOOOOOOOOOOOOOOOOOOOOOOOOOOOOOOOOOOOOOOOOOOOOOOOO",
            "normalized": [
                "消化不良"
            ],
            "type": [
                "3"
            ]
        },
        {
            "speaker": "医生",
            "sentence": "同时注意保暖宝宝的腹部，妈妈的饮食，注意清淡，别吃油腻的，别吃凉的。",
            "label": "OOOOOOOOOOOOOOOOOOOOOOOOOOOOOOOOOO",
            "normalized": [],
            "type": []
        },
        {
            "speaker": "患者",
            "sentence": "她大便还有酸味不臭，是消化不良吧",
            "label": "OOOOOOOOOOOBIIIO",
            "normalized": [
                "消化不良"
            ],
            "type": [
                "3"
            ]
        },
        {
            "speaker": "医生",
            "sentence": "注意观察大便里有没有血丝，有没有脓液，如果出现上述情况，建议就医小儿科，进一步化验大便常规，明确情况。",
            "label": "OOOOOOOOOOOOOOOOOOOOOOOOOOOOOOOOOOOOOOOOOOOOOOOOOOO",
            "normalized": [],
            "type": []
        },
        {
            "speaker": "患者",
            "sentence": "好",
            "label": "O",
            "normalized": [],
            "type": []
        },
        {
            "speaker": "患者",
            "sentence": "谢谢",
            "label": "OO",
            "normalized": [],
            "type": []
        },
        {
            "speaker": "医生",
            "sentence": "目前看到的情况还是一个消化不良的情况，先按照消化不良治疗，如果大便出现异常情况，或者是按照消化不良治疗效果不好，再进一步化验大便看一下。",
            "label": "OOOOOOOOOOOBIIIOOOOOOOBIIIOOOOOOOOOOOOOOOOOOOBIIIOOOOOOOOOOOOOOOOOOO",
            "normalized": [
                "消化不良",
                "消化不良",
                "消化不良"
            ],
            "type": [
                "3",
                "3",
                "3"
            ]
        },
        {
            "speaker": "医生",
            "sentence": "好了，别客气，祝身体健康。",
            "label": "OOOOOOOOOOOOO",
            "normalized": [],
            "type": []
        }
    ]
}