{
    "data-split": "train",
    "example-id": "10056201",
    "dialogue-content": [
        {
            "speaker": "医生",
            "sentence": "您好",
            "label": "OO",
            "normalized": [],
            "type": []
        },
        {
            "speaker": "患者",
            "sentence": "你好",
            "label": "OO",
            "normalized": [],
            "type": []
        },
        {
            "speaker": "医生",
            "sentence": "宝贝现在脖子上的淋巴结摸着痛吗",
            "label": "OOOOOOOOOOOOOOO",
            "normalized": [],
            "type": []
        },
        {
            "speaker": "患者",
            "sentence": "我不痛",
            "label": "OOO",
            "normalized": [],
            "type": []
        },
        {
            "speaker": "医生",
            "sentence": "宝贝从8.1开始一直反复咳嗽吗",
            "label": "OOOOOOOOOOOOBIO",
            "normalized": [
                "咳嗽"
            ],
            "type": [
                "1"
            ]
        },
        {
            "speaker": "患者",
            "sentence": "发错了，我是说摸着不痛",
            "label": "OOOOOOOOOOO",
            "normalized": [],
            "type": []
        },
        {
            "speaker": "医生",
            "sentence": "一个月了吗",
            "label": "OOOOO",
            "normalized": [],
            "type": []
        },
        {
            "speaker": "患者",
            "sentence": "我表达错了是9月1号",
            "label": "OOOOOOOOOO",
            "normalized": [],
            "type": []
        },
        {
            "speaker": "医生",
            "sentence": "现在发烧不",
            "label": "OOBIO",
            "normalized": [
                "发热"
            ],
            "type": [
                "2"
            ]
        },
        {
            "speaker": "医生",
            "sentence": "流鼻涕不，拉肚子不",
            "label": "BIIOOBIIO",
            "normalized": [
                "鼻流涕",
                "腹泻"
            ],
            "type": [
                "1",
                "2"
            ]
        },
        {
            "speaker": "患者",
            "sentence": "8月30号去的医院做的检挂，现在不发烧有鼻涕不拉肚子",
            "label": "OOOOOOOOOOOOOOOOOBIBIIOBII",
            "normalized": [
                "发热",
                "鼻流涕",
                "腹泻"
            ],
            "type": [
                "2",
                "1",
                "2"
            ]
        },
        {
            "speaker": "医生",
            "sentence": "鼻涕多不，黄色的吗",
            "label": "BIOOOOOOO",
            "normalized": [
                "鼻流涕"
            ],
            "type": [
                "1"
            ]
        },
        {
            "speaker": "患者",
            "sentence": "不多，有时稍微有些黄",
            "label": "OOOOOOOOOO",
            "normalized": [],
            "type": []
        },
        {
            "speaker": "医生",
            "sentence": "晚上睡觉咳嗽不",
            "label": "OOOOBIO",
            "normalized": [
                "咳嗽"
            ],
            "type": [
                "1"
            ]
        },
        {
            "speaker": "医生",
            "sentence": "一阵一阵的吗",
            "label": "OOOOOO",
            "normalized": [],
            "type": []
        },
        {
            "speaker": "患者",
            "sentence": "咳，一，两次吧一般睡醒的时候总咳",
            "label": "BOOOOOOOOOOOOOOO",
            "normalized": [
                "咳嗽"
            ],
            "type": [
                "1"
            ]
        },
        {
            "speaker": "医生",
            "sentence": "鼻涕不多不用吃氨酚烷氨",
            "label": "BIOOOOOOOOO",
            "normalized": [
                "鼻流涕"
            ],
            "type": [
                "1"
            ]
        },
        {
            "speaker": "医生",
            "sentence": "可以吃抗病毒药和消炎药",
            "label": "OOOOOOOOOOO",
            "normalized": [],
            "type": []
        },
        {
            "speaker": "医生",
            "sentence": "以前用过头孢吗",
            "label": "OOOOOOO",
            "normalized": [],
            "type": []
        },
        {
            "speaker": "医生",
            "sentence": "脖子上的淋巴结肿大和宝贝反复上感有关系",
            "label": "OOOOOOOOOOOOOOOOOOO",
            "normalized": [],
            "type": []
        },
        {
            "speaker": "患者",
            "sentence": "是次数少，但咳的时候咳得眼泪都出来了，那咋办，",
            "label": "OOOOOOBOOOBIOOOOOOOOOOO",
            "normalized": [
                "咳嗽",
                "咳嗽"
            ],
            "type": [
                "1",
                "1"
            ]
        },
        {
            "speaker": "医生",
            "sentence": "可以吃易坦静口服液，配合抗病毒药和消炎药",
            "label": "OOOOOOOOOOOOOOOOOOOO",
            "normalized": [],
            "type": []
        },
        {
            "speaker": "医生",
            "sentence": "剧烈咳嗽，考虑有气管痉挛造成的",
            "label": "OOBIOOOOOOOOOOO",
            "normalized": [
                "咳嗽"
            ],
            "type": [
                "1"
            ]
        },
        {
            "speaker": "医生",
            "sentence": "做雾化效果好一些",
            "label": "OOOOOOOO",
            "normalized": [],
            "type": []
        },
        {
            "speaker": "患者",
            "sentence": "鼻涕不自己流下来，但他时不时的吹利来，那抗病毒的和消炎药吃啥牌子的",
            "label": "BIOOOOOOOOOOOOOOOOOOOOOOOOOOOOOOO",
            "normalized": [
                "鼻流涕"
            ],
            "type": [
                "1"
            ]
        },
        {
            "speaker": "医生",
            "sentence": "可以吃罗红霉素和蒲地蓝口服液就行",
            "label": "OOOOOOOOOOOOOOOO",
            "normalized": [],
            "type": []
        },
        {
            "speaker": "患者",
            "sentence": "服用后会完全消退吗？",
            "label": "OOOOOOOOOO",
            "normalized": [],
            "type": []
        },
        {
            "speaker": "医生",
            "sentence": "",
            "label": "",
            "normalized": [],
            "type": []
        },
        {
            "speaker": "医生",
            "sentence": "当然要以后能稍微小一些但是不能完全相信，",
            "label": "OOOOOOOOOOOOOOOOOOOO",
            "normalized": [],
            "type": []
        },
        {
            "speaker": "患者",
            "sentence": "是吗，这对健康有影响吗？",
            "label": "OOOOOOOOOOOO",
            "normalized": [],
            "type": []
        },
        {
            "speaker": "医生",
            "sentence": "没有影响",
            "label": "OOOO",
            "normalized": [],
            "type": []
        },
        {
            "speaker": "患者",
            "sentence": "以前用过头孢",
            "label": "OOOOOO",
            "normalized": [],
            "type": []
        },
        {
            "speaker": "医生",
            "sentence": "因为宝贝发烧后咳嗽剧烈，不排除支原体和衣原体感染，",
            "label": "OOOOBIOBIOOOOOOBIIOBIIIIO",
            "normalized": [
                "发热",
                "咳嗽",
                "支原体感染",
                "衣原体感染"
            ],
            "type": [
                "3",
                "1",
                "3",
                "3"
            ]
        },
        {
            "speaker": "医生",
            "sentence": "建议吃红霉素效果好一些",
            "label": "OOOOOOOOOOO",
            "normalized": [],
            "type": []
        },
        {
            "speaker": "患者",
            "sentence": "好，谢谢",
            "label": "OOOO",
            "normalized": [],
            "type": []
        },
        {
            "speaker": "医生",
            "sentence": "别客气随时咨询",
            "label": "OOOOOOO",
            "normalized": [],
            "type": []
        },
        {
            "speaker": "患者",
            "sentence": "嗯",
            "label": "O",
            "normalized": [],
            "type": []
        },
        {
            "speaker": "医生",
            "sentence": "再见",
            "label": "OO",
            "normalized": [],
            "type": []
        },
        {
            "speaker": "患者",
            "sentence": "再见",
            "label": "OO",
            "normalized": [],
            "type": []
        },
        {
            "speaker": "医生",
            "sentence": "宝宝现在怎么样了？",
            "label": "OOOOOOOOO",
            "normalized": [],
            "type": []
        }
    ]
}