{
    "data-split": "train",
    "example-id": "10853849",
    "dialogue-content": [
        {
            "speaker": "医生",
            "sentence": "孩子鼻涕几天了？",
            "label": "OOBIOOOO",
            "normalized": [
                "鼻流涕"
            ],
            "type": [
                "1"
            ]
        },
        {
            "speaker": "患者",
            "sentence": "两天了",
            "label": "OOO",
            "normalized": [],
            "type": []
        },
        {
            "speaker": "患者",
            "sentence": "前一段时间感冒发烧咳嗽，刚好了四天",
            "label": "OOOOOBIBIBIOOOOOO",
            "normalized": [
                "普通感冒",
                "发热",
                "咳嗽"
            ],
            "type": [
                "1",
                "1",
                "1"
            ]
        },
        {
            "speaker": "医生",
            "sentence": "孩子如果清水鼻涕主要是着凉的表现，注意保暖，别着凉症状就会好点",
            "label": "OOOOBIIIOOOOOOOOOOOOOOOOOOOOOOO",
            "normalized": [
                "鼻流涕"
            ],
            "type": [
                "1"
            ]
        },
        {
            "speaker": "医生",
            "sentence": "孩子这次咳嗽几天了呢",
            "label": "OOOOBIOOOO",
            "normalized": [
                "咳嗽"
            ],
            "type": [
                "1"
            ]
        },
        {
            "speaker": "患者",
            "sentence": "两天",
            "label": "OO",
            "normalized": [],
            "type": []
        },
        {
            "speaker": "医生",
            "sentence": "黄鼻涕的话主要是排出来的粘菌，排出去也是比较好的",
            "label": "BIIOOOOOOOOOOOOOOOOOOOOO",
            "normalized": [
                "鼻流涕"
            ],
            "type": [
                "1"
            ]
        },
        {
            "speaker": "医生",
            "sentence": "咳嗽勤吗？咳嗽有痰吗？",
            "label": "BIOOOBIBIOO",
            "normalized": [
                "咳嗽",
                "咳嗽",
                "痰"
            ],
            "type": [
                "1",
                "1",
                "2"
            ]
        },
        {
            "speaker": "患者",
            "sentence": "没有，挺勤，听着干咳嗽，",
            "label": "OOOOOOOOBIIO",
            "normalized": [
                "干咳"
            ],
            "type": [
                "1"
            ]
        },
        {
            "speaker": "医生",
            "sentence": "咳嗽早期炎症渗出比较少，痰开始形成，刺激孩子咳嗽症状可能比现在要明显",
            "label": "BIOOOOOOOOOOBOOOOOOOOOBIOOOOOOOOOO",
            "normalized": [
                "咳嗽",
                "痰",
                "咳嗽"
            ],
            "type": [
                "1",
                "1",
                "1"
            ]
        },
        {
            "speaker": "医生",
            "sentence": "孩子这次没有看过医生对吗",
            "label": "OOOOOOOOOOOO",
            "normalized": [],
            "type": []
        },
        {
            "speaker": "患者",
            "sentence": "没有，",
            "label": "OOO",
            "normalized": [],
            "type": []
        },
        {
            "speaker": "患者",
            "sentence": "上次，吃的药，还有，就吃这",
            "label": "OOOOOOOOOOOOO",
            "normalized": [],
            "type": []
        },
        {
            "speaker": "患者",
            "sentence": "小儿氨酚烷胺，",
            "label": "OOOOOOO",
            "normalized": [],
            "type": []
        },
        {
            "speaker": "患者",
            "sentence": "上次开的咳嗽的，消炎的没有了！！！",
            "label": "OOOOBIOOOOOOOOOOO",
            "normalized": [
                "咳嗽"
            ],
            "type": [
                "1"
            ]
        },
        {
            "speaker": "医生",
            "sentence": "孩子这个症状主要是考虑支气管炎的表现，一般由于感染引起来的，治疗控制感染止咳等对症治疗，一般疗程会有7到10天的疗程",
            "label": "OOOOOOOOOOOBIIIOOOOOOOOOOOOOOOOOOOOOOOOOOOOOOOOOOOOOOOOOOO",
            "normalized": [
                "支气管炎"
            ],
            "type": [
                "3"
            ]
        },
        {
            "speaker": "患者",
            "sentence": "",
            "label": "",
            "normalized": [],
            "type": []
        },
        {
            "speaker": "患者",
            "sentence": "这两种药",
            "label": "OOOO",
            "normalized": [],
            "type": []
        },
        {
            "speaker": "患者",
            "sentence": "吃可以吗？吃多少？一天几次？",
            "label": "OOOOOOOOOOOOOO",
            "normalized": [],
            "type": []
        },
        {
            "speaker": "医生",
            "sentence": "孩子这次咳嗽症状不是太明显这次可能处于炎症感染的早期，注意保暖。孩子现在最好带着孩子去儿内科就诊，听诊一下看一下需不需要做血常规胸片，看一下具体感染程度明确一下诊断",
            "label": "OOOOBIOOOOOOOOOOOOOOOOOOOOOOOOOOOOOOOOOOOOOOOOOOOOOOOOOOOOOOOOOOOOOOOOOOOOOOOOOOOO",
            "normalized": [
                "咳嗽"
            ],
            "type": [
                "1"
            ]
        },
        {
            "speaker": "患者",
            "sentence": "哦，好的",
            "label": "OOOO",
            "normalized": [],
            "type": []
        },
        {
            "speaker": "医生",
            "sentence": "这样做个检查明确一下诊断，根据结果对症治疗",
            "label": "OOOOOOOOOOOOOOOOOOOOO",
            "normalized": [],
            "type": []
        },
        {
            "speaker": "医生",
            "sentence": "孩子多喝点温水。别着凉",
            "label": "OOOOOOOOOOO",
            "normalized": [],
            "type": []
        },
        {
            "speaker": "患者",
            "sentence": "好的，谢谢",
            "label": "OOOOO",
            "normalized": [],
            "type": []
        },
        {
            "speaker": "患者",
            "sentence": "我先带着去检查去",
            "label": "OOOOOOOO",
            "normalized": [],
            "type": []
        },
        {
            "speaker": "医生",
            "sentence": "孩子吃饭别吃凉的，油腻的东西，多给孩子拍背！",
            "label": "OOOOOOOOOOOOOOOOOOOOOO",
            "normalized": [],
            "type": []
        },
        {
            "speaker": "医生",
            "sentence": "胃肠功能会影响所以别强喂！",
            "label": "OOOOOOOOOOOOO",
            "normalized": [],
            "type": []
        }
    ]
}