{
    "data-split": "train",
    "example-id": "10653868",
    "dialogue-content": [
        {
            "speaker": "医生",
            "sentence": "你好我是您的接诊医生",
            "label": "OOOOOOOOOO",
            "normalized": [],
            "type": []
        },
        {
            "speaker": "医生",
            "sentence": "宝贝主要是纯母乳喂养吗？",
            "label": "OOOOOOOOOOOO",
            "normalized": [],
            "type": []
        },
        {
            "speaker": "患者",
            "sentence": "嗯嗯，母乳喂养",
            "label": "OOOOOOO",
            "normalized": [],
            "type": []
        },
        {
            "speaker": "医生",
            "sentence": "宝妈最近有没有吃辛辣刺激食物，容易上火的食物吗？",
            "label": "OOOOOOOOOOOOOOOOOOOOOOOO",
            "normalized": [],
            "type": []
        },
        {
            "speaker": "患者",
            "sentence": "最近牙疼都不怎么吃",
            "label": "OOOOOOOOO",
            "normalized": [],
            "type": []
        },
        {
            "speaker": "医生",
            "sentence": "宝贝吃奶量下降了吗？",
            "label": "OOOOOOOOOO",
            "normalized": [],
            "type": []
        },
        {
            "speaker": "医生",
            "sentence": "最近肚子有没有着凉呢？",
            "label": "OOOOOOOOOOO",
            "normalized": [],
            "type": []
        },
        {
            "speaker": "患者",
            "sentence": "嗯嗯，就是这两天不怎么吃奶，到点儿喂奶都是吃两口就不吃了",
            "label": "OOOOOOOOOOOOOOOOOOOOOOOOOOOO",
            "normalized": [],
            "type": []
        },
        {
            "speaker": "医生",
            "sentence": "嗯啊，宝贝有没有呕吐呢？",
            "label": "OOOOOOOOBIOO",
            "normalized": [
                "呕吐"
            ],
            "type": [
                "1"
            ]
        },
        {
            "speaker": "患者",
            "sentence": "有时候会吐点奶",
            "label": "OOOOOOO",
            "normalized": [],
            "type": []
        },
        {
            "speaker": "医生",
            "sentence": "宝贝大便的话平常的话什么规律呢？",
            "label": "OOOOOOOOOOOOOOOO",
            "normalized": [],
            "type": []
        },
        {
            "speaker": "患者",
            "sentence": "都是孩子用力在床上爬，才会吐奶",
            "label": "OOOOOOOOOOOOOBI",
            "normalized": [
                "呕吐"
            ],
            "type": [
                "1"
            ]
        },
        {
            "speaker": "医生",
            "sentence": "吐奶的话倒是问题不大的奥！这个别呛到就可以的奥",
            "label": "BIOOOOOOOOOOOOOOOOOOOOO",
            "normalized": [
                "呕吐"
            ],
            "type": [
                "1"
            ]
        },
        {
            "speaker": "医生",
            "sentence": "使劲的话容易吐奶的奥！",
            "label": "OOOOOOBIOOO",
            "normalized": [
                "呕吐"
            ],
            "type": [
                "1"
            ]
        },
        {
            "speaker": "患者",
            "sentence": "都连续一星期每天一次粑粑，就最近2.3天没拉一次粑粑",
            "label": "OOOOOOOOOOOOOOOOOOOOOOOOOO",
            "normalized": [],
            "type": []
        },
        {
            "speaker": "医生",
            "sentence": "这两三天的话期间放屁来吗？",
            "label": "OOOOOOOOBIOOO",
            "normalized": [
                "屁"
            ],
            "type": [
                "1"
            ]
        },
        {
            "speaker": "患者",
            "sentence": "有放屁",
            "label": "OBI",
            "normalized": [
                "屁"
            ],
            "type": [
                "1"
            ]
        },
        {
            "speaker": "患者",
            "sentence": "昨天放屁还多，今天都没听到放屁",
            "label": "OOBIOOOOOOOOOBI",
            "normalized": [
                "屁",
                "屁"
            ],
            "type": [
                "1",
                "1"
            ]
        },
        {
            "speaker": "医生",
            "sentence": "放屁的话倒是问题不大的奥！",
            "label": "BIOOOOOOOOOOO",
            "normalized": [
                "屁"
            ],
            "type": [
                "1"
            ]
        },
        {
            "speaker": "医生",
            "sentence": "精神状态怎么样呢？",
            "label": "OOOOOOOOO",
            "normalized": [],
            "type": []
        },
        {
            "speaker": "医生",
            "sentence": "哭闹吗？",
            "label": "BIOO",
            "normalized": [
                "哭闹"
            ],
            "type": [
                "1"
            ]
        },
        {
            "speaker": "患者",
            "sentence": "精神跟往常一样，就是闹瞌睡",
            "label": "OOOOOOOOOOOOO",
            "normalized": [],
            "type": []
        },
        {
            "speaker": "医生",
            "sentence": "嗯啊，宝贝这几天的话不大便的话看过医生吗？",
            "label": "OOOOOOOOOOOOOOOOOOOOO",
            "normalized": [],
            "type": []
        },
        {
            "speaker": "患者",
            "sentence": "最近想睡觉前，必须哭～",
            "label": "OOOOOOOOOOO",
            "normalized": [],
            "type": []
        },
        {
            "speaker": "医生",
            "sentence": "宝贝目前的话吃奶下降，大便的情况要是一个消化不良的表现，消化不良的话可能受凉或者胃肠功能弱饮食都可能会引起来的奥，都可能引起来消化不良的，治疗的原则一般就是调节胃肠功能的治疗原则的奥",
            "label": "OOOOOOOOOOOOOOOOOOOOBIIIOOOOBIIIOOOOOOOOOOOOOOOOOOOOOOOOOOOOOOOBIIIOOOOOOOOOOOOOOOOOOOOOOOO",
            "normalized": [
                "消化不良",
                "消化不良",
                "消化不良"
            ],
            "type": [
                "3",
                "3",
                "3"
            ]
        },
        {
            "speaker": "医生",
            "sentence": "宝贝目前的话精神状态好，目前的话宝贝放屁，没有呕吐症状，目前的话病情还是比较稳定的奥，您可以给宝贝吃点益生菌调节一下胃肠功能的奥，多给宝贝揉揉肚子，顺时针揉揉肚子，别着凉肚子，多喝点温水的奥！",
            "label": "OOOOOOOOOOOOOOOOOOBIOOOBIOOOOOOOOOOOOOOOOOOOOOOOOOOOOOOOOOOOOOOOOOOOOOOOOOOOOOOOOOOOOOOOOOOOOOOO",
            "normalized": [
                "屁",
                "呕吐"
            ],
            "type": [
                "1",
                "2"
            ]
        },
        {
            "speaker": "患者",
            "sentence": "哦哦",
            "label": "OO",
            "normalized": [],
            "type": []
        },
        {
            "speaker": "医生",
            "sentence": "宝妈吃饭注意饮食，生冷辛辣刺激食物不能吃油腻食不能吃，多喝点温水，多给宝贝热敷一下肚子，清淡饮食为主，顺时针揉揉肚子，别着凉肚子，晚上睡觉盖好被子，别着凉，这个时候胃肠功能会影响所以能吃多少吃多少别强喂奥！",
            "label": "OOOOOOOOOOOOOOOOOOOOOOOOOOOOOOOOOOOOOOOOOOOOOOOOOOOOOOOOOOOOOOOOOOOOOOOOOOOOOOOOOOOOOOOOOOOOOOOOOOOOOOO",
            "normalized": [],
            "type": []
        },
        {
            "speaker": "医生",
            "sentence": "再给宝贝观察三天，如果不放屁或者一直不大便的话，就要及时带宝贝去儿内科就诊给宝贝查个腹部彩超，排除一下肠套叠，肠梗阻等外科疾病的奥，根据结果对症处理这样能够指导我们用药，对宝贝来说比较安全的奥",
            "label": "OOOOOOOOOOOOBIOOOOOOOOOOOOOOOOOOOOOOOOOOOOOOOOOOOOOBIIOBIIOOOOOOOOOOOOOOOOOOOOOOOOOOOOOOOOOOOOOO",
            "normalized": [
                "屁",
                "肠套叠",
                "肠梗阻"
            ],
            "type": [
                "1",
                "3",
                "3"
            ]
        },
        {
            "speaker": "患者",
            "sentence": "哦哦，谢谢",
            "label": "OOOOO",
            "normalized": [],
            "type": []
        },
        {
            "speaker": "医生",
            "sentence": "目前的话主要是消化不良的表现的奥，就是可以目前吃点益生菌观察一下，再注意以上注意事项奥，有问题及时就医就可以了",
            "label": "OOOOOOOBIIIOOOOOOOOOOOOOOOOOOOOOOOOOOOOOOOOOOOOOOOOOOOO",
            "normalized": [
                "消化不良"
            ],
            "type": [
                "3"
            ]
        },
        {
            "speaker": "患者",
            "sentence": "嗯嗯，谢谢医生",
            "label": "OOOOOOO",
            "normalized": [],
            "type": []
        },
        {
            "speaker": "患者",
            "sentence": "刚孩子在闹腾",
            "label": "OOOOOO",
            "normalized": [],
            "type": []
        },
        {
            "speaker": "医生",
            "sentence": "不客气的，祝宝贝健康，有问题欢迎咨询",
            "label": "OOOOOOOOOOOOOOOOOO",
            "normalized": [],
            "type": []
        }
    ]
}