{
    "data-split": "train",
    "example-id": "10474698",
    "dialogue-content": [
        {
            "speaker": "医生",
            "sentence": "你好",
            "label": "OO",
            "normalized": [],
            "type": []
        },
        {
            "speaker": "患者",
            "sentence": "你好，医生",
            "label": "OOOOO",
            "normalized": [],
            "type": []
        },
        {
            "speaker": "医生",
            "sentence": "看过医生吗，化验血常规了吗",
            "label": "OOOOOOOOOOOOO",
            "normalized": [],
            "type": []
        },
        {
            "speaker": "患者",
            "sentence": "那个布洛芬悬液可以和其他的药一起吃吗",
            "label": "OOOOOOOOOOOOOOOOOO",
            "normalized": [],
            "type": []
        },
        {
            "speaker": "患者",
            "sentence": "看过医生，看的急诊，没有化血",
            "label": "OOOOOOOOOOOOOO",
            "normalized": [],
            "type": []
        },
        {
            "speaker": "医生",
            "sentence": "你指的是布洛芬和哪个药一起吃",
            "label": "OOOOOOOOOOOOOO",
            "normalized": [],
            "type": []
        },
        {
            "speaker": "患者",
            "sentence": "医生说是因为感冒引起的，但是宝宝又没有感冒的症状，",
            "label": "OOOOOOBIOOOOOOOOOOOBIOOOO",
            "normalized": [
                "普通感冒",
                "普通感冒"
            ],
            "type": [
                "1",
                "1"
            ]
        },
        {
            "speaker": "医生",
            "sentence": "现在看过医生后，诊断的是小儿感冒吗",
            "label": "OOOOOOOOOOOOOOOOO",
            "normalized": [],
            "type": []
        },
        {
            "speaker": "患者",
            "sentence": "医生开了三个药，蒲地蓝消炎口服液，氨酚麻美干混悬剂，富马酸酮替芬片",
            "label": "OOOOOOOOOOOOOOOOOOOOOOOOOOOOOOOOO",
            "normalized": [],
            "type": []
        },
        {
            "speaker": "患者",
            "sentence": "诊断上写的，急性呼吸道感染",
            "label": "OOOOOOOOBIIII",
            "normalized": [
                "呼吸道感染"
            ],
            "type": [
                "1"
            ]
        },
        {
            "speaker": "医生",
            "sentence": "看目前医生开的中成药抗病毒药，缓解感冒症状药。对于上呼吸道感染治疗，还是很对症的。可以继续服用。",
            "label": "OOOOOOOOOOOOOOOOOBIOOOOOOBIIIIIOOOOOOOOOOOOOOOOO",
            "normalized": [
                "普通感冒",
                "上呼吸道感染"
            ],
            "type": [
                "1",
                "1"
            ]
        },
        {
            "speaker": "患者",
            "sentence": "今天感觉宝宝有拉肚子的现象",
            "label": "OOOOOOOBIIOOO",
            "normalized": [
                "腹泻"
            ],
            "type": [
                "1"
            ]
        },
        {
            "speaker": "医生",
            "sentence": "布洛芬和这些药物不重复，可以吃的。",
            "label": "OOOOOOOOOOOOOOOOO",
            "normalized": [],
            "type": []
        },
        {
            "speaker": "医生",
            "sentence": "大便一天几次，稀不稀",
            "label": "OOOOOOOBII",
            "normalized": [
                "稀便"
            ],
            "type": [
                "1"
            ]
        },
        {
            "speaker": "患者",
            "sentence": "那如果烧到38.5以上可以和布洛芬一起吃吗",
            "label": "OOOOOOOOOOOOOOOOOOOOO",
            "normalized": [],
            "type": []
        },
        {
            "speaker": "患者",
            "sentence": "今天大便5次，后两次比较稀，是那种像水一样的大便",
            "label": "OOOOOOOOOOOOBOOOOOOOOOOO",
            "normalized": [
                "稀便"
            ],
            "type": [
                "1"
            ]
        },
        {
            "speaker": "医生",
            "sentence": "可以一起吃的。同时发热注意多喝水。手脚冰凉，考虑喝水少，或者体温还在上升引起。注意保暖手脚，多喝水。",
            "label": "OOOOOOOOOBIOOOOOOBIIIOOOOOOOOOOOOOOOOOOOOOOOOOOOOO",
            "normalized": [
                "发热",
                "四肢厥冷"
            ],
            "type": [
                "3",
                "3"
            ]
        },
        {
            "speaker": "医生",
            "sentence": "目前大便情况，考虑发热引起的肠道反应，也可能和服药，刺激肠胃有关系",
            "label": "OOOOOOOOOBIOOOOOOOOOOOOOOOOOOOOOO",
            "normalized": [
                "发热"
            ],
            "type": [
                "3"
            ]
        },
        {
            "speaker": "医生",
            "sentence": "治疗方案的话，可以吃点益生菌，调理肠道菌群，辅助消化。",
            "label": "OOOOOOOOOOOOOOOOOOOOOOOOOOO",
            "normalized": [],
            "type": []
        },
        {
            "speaker": "医生",
            "sentence": "建议按照上述方案，服药治疗，多喝水，多观察。治疗2天后，如果还有发热，就医小儿科，让医生检查，化验血常规。复诊病情后治疗。",
            "label": "OOOOOOOOOOOOOOOOOOOOOOOOOOOOOOOOBIOOOOOOOOOOOOOOOOOOOOOOOOOOO",
            "normalized": [
                "发热"
            ],
            "type": [
                "3"
            ]
        },
        {
            "speaker": "患者",
            "sentence": "那医生，他这个降温的话，那个最有效",
            "label": "OOOOOOOOOOOOOOOOO",
            "normalized": [],
            "type": []
        },
        {
            "speaker": "患者",
            "sentence": "好的，谢谢医生",
            "label": "OOOOOOO",
            "normalized": [],
            "type": []
        },
        {
            "speaker": "医生",
            "sentence": "体温超过38.5度，口服布洛芬退热。如果不超过，物理降温，主要是温水擦拭全身，冷毛巾敷额头，贴退热贴。",
            "label": "OOOOOOOOOOOOOOOOOOOOOOOOOOOOOOOOOOOOOOOOOOOOOOOOOOO",
            "normalized": [],
            "type": []
        },
        {
            "speaker": "医生",
            "sentence": "别客气",
            "label": "OOO",
            "normalized": [],
            "type": []
        },
        {
            "speaker": "医生",
            "sentence": "还有别的可以帮你的吗",
            "label": "OOOOOOOOOO",
            "normalized": [],
            "type": []
        },
        {
            "speaker": "患者",
            "sentence": "医生，还有个问题，物理降温哪种最有效快捷呢？",
            "label": "OOOOOOOOOOOOOOOOOOOOOO",
            "normalized": [],
            "type": []
        },
        {
            "speaker": "医生",
            "sentence": "泡澡比较有效",
            "label": "OOOOOO",
            "normalized": [],
            "type": []
        },
        {
            "speaker": "医生",
            "sentence": "你好",
            "label": "OO",
            "normalized": [],
            "type": []
        },
        {
            "speaker": "患者",
            "sentence": "你好，医生",
            "label": "OOOOO",
            "normalized": [],
            "type": []
        },
        {
            "speaker": "患者",
            "sentence": "你看到图片了吗？",
            "label": "OOOOOOOO",
            "normalized": [],
            "type": []
        },
        {
            "speaker": "医生",
            "sentence": "现在还发热吗",
            "label": "OOOBIO",
            "normalized": [
                "发热"
            ],
            "type": [
                "2"
            ]
        },
        {
            "speaker": "患者",
            "sentence": "没有发热了，体温正常的",
            "label": "OOBIOOOOOOO",
            "normalized": [
                "发热"
            ],
            "type": [
                "2"
            ]
        },
        {
            "speaker": "患者",
            "sentence": "能够摸到小红点，",
            "label": "OOOOOOOO",
            "normalized": [],
            "type": []
        },
        {
            "speaker": "医生",
            "sentence": "看着痒不痒",
            "label": "OOOOO",
            "normalized": [],
            "type": []
        },
        {
            "speaker": "医生",
            "sentence": "出来皮疹后，孩子精神，吃奶怎样",
            "label": "OOBIOOOOOOOOOOO",
            "normalized": [
                "皮疹"
            ],
            "type": [
                "1"
            ]
        },
        {
            "speaker": "患者",
            "sentence": "我摸宝宝也没什么反应，他也不去挠",
            "label": "OOOOOOOOOOOOOOOO",
            "normalized": [],
            "type": []
        },
        {
            "speaker": "医生",
            "sentence": "是烧退后出的皮疹，还是发热同时出的。",
            "label": "OBOOOOBIOOOBIOOOOO",
            "normalized": [
                "退热",
                "皮疹",
                "发热"
            ],
            "type": [
                "1",
                "1",
                "2"
            ]
        },
        {
            "speaker": "患者",
            "sentence": "精神比较好，他才睡醒还没有吃奶",
            "label": "OOOOOOOOOOOOOOO",
            "normalized": [],
            "type": []
        },
        {
            "speaker": "医生",
            "sentence": "烧退后出的皮疹么，父母有对花生过敏吗",
            "label": "BOOOOBIOOOOOOOOOOO",
            "normalized": [
                "退热",
                "皮疹"
            ],
            "type": [
                "1",
                "1"
            ]
        },
        {
            "speaker": "患者",
            "sentence": "昨天就没有发烧了，疹子是昨天晚上出的，舔芒果之前就有点不是很多，舔了芒果之后就越发越多了",
            "label": "OOOOOBIOOBIOOOOOOOOOOOOOOOOOOOOOOOOOOOOOOOOO",
            "normalized": [
                "发热",
                "红疹"
            ],
            "type": [
                "2",
                "1"
            ]
        },
        {
            "speaker": "患者",
            "sentence": "没有",
            "label": "OO",
            "normalized": [],
            "type": []
        },
        {
            "speaker": "医生",
            "sentence": "分析病情，婴儿，目前热退后出现皮疹，不痒，父母没有过敏病史。考虑是幼儿急疹可能性较大。一般也是病毒感染后，出现的良性皮疹",
            "label": "OOOOOOOOOOOOOOOBIOOOOOOOOOOOOOOOOBIIIOOOOOOOOOOBIIIOOOOOOOBI",
            "normalized": [
                "皮疹",
                "幼儿急疹",
                "病毒感染",
                "皮疹"
            ],
            "type": [
                "1",
                "3",
                "3",
                "1"
            ]
        },
        {
            "speaker": "医生",
            "sentence": "目前怎么处理的",
            "label": "OOOOOOO",
            "normalized": [],
            "type": []
        },
        {
            "speaker": "患者",
            "sentence": "你讲花生，我才想起，昨天早上煮了花生稀饭吃，我喂宝宝吃了一点",
            "label": "OOOOOOOOOOOOOOOOOOOOOOOOOOOOOO",
            "normalized": [],
            "type": []
        },
        {
            "speaker": "患者",
            "sentence": "没有处理",
            "label": "OOOO",
            "normalized": [],
            "type": []
        },
        {
            "speaker": "患者",
            "sentence": "",
            "label": "",
            "normalized": [],
            "type": []
        },
        {
            "speaker": "医生",
            "sentence": "幼儿急疹处理方案，就是多喝水，清淡饮食，多观察即可。一般皮疹无需处理，2-3天后慢慢消退。注意皮肤清洁，保湿。",
            "label": "BIIIOOOOOOOOOOOOOOOOOOOOOOOOBIOOOOOOOOOOOOOOOOOOOOOOOOO",
            "normalized": [
                "幼儿急疹",
                "皮疹"
            ],
            "type": [
                "3",
                "1"
            ]
        },
        {
            "speaker": "患者",
            "sentence": "家里有上次他急性荨麻疹的药，可以涂抹吗？",
            "label": "OOOOOOOOBIIOOOOOOOOO",
            "normalized": [
                "荨麻疹"
            ],
            "type": [
                "3"
            ]
        },
        {
            "speaker": "医生",
            "sentence": "目前看到小儿皮肤不痒。没有感染，一般情况好，不需要外用药物。",
            "label": "OOOOOOOOOOOOOOOOOOOOOOOOOOOOOO",
            "normalized": [],
            "type": []
        },
        {
            "speaker": "医生",
            "sentence": "一般两三天，自己会退。",
            "label": "OOOOOOOOOOO",
            "normalized": [],
            "type": []
        },
        {
            "speaker": "医生",
            "sentence": "建议按照上述方案处理，多观察。3天后，如果皮疹没有消退，建议就医小儿科，让医生检查。明确病情后治疗。",
            "label": "OOOOOOOOOOOOOOOOOOOOOBIOOOOOOOOOOOOOOOOOOOOOOOOOOO",
            "normalized": [
                "皮疹"
            ],
            "type": [
                "1"
            ]
        },
        {
            "speaker": "患者",
            "sentence": "好的，谢谢医生，",
            "label": "OOOOOOOO",
            "normalized": [],
            "type": []
        },
        {
            "speaker": "医生",
            "sentence": "别客气",
            "label": "OOO",
            "normalized": [],
            "type": []
        },
        {
            "speaker": "患者",
            "sentence": "好",
            "label": "O",
            "normalized": [],
            "type": []
        }
    ]
}