{
    "data-split": "train",
    "example-id": "10468508",
    "dialogue-content": [
        {
            "speaker": "医生",
            "sentence": "你好",
            "label": "OO",
            "normalized": [],
            "type": []
        },
        {
            "speaker": "医生",
            "sentence": "你好",
            "label": "OO",
            "normalized": [],
            "type": []
        },
        {
            "speaker": "患者",
            "sentence": "宝宝痰黄，一个月前就这样反反复复的，好两天痰又来了了，该怎么办",
            "label": "OOBOOOOOOOOOOOOOOOOOOBOOOOOOOOO",
            "normalized": [
                "痰",
                "痰"
            ],
            "type": [
                "1",
                "1"
            ]
        },
        {
            "speaker": "医生",
            "sentence": "如果这个孩子有黄疸的情况，应该考虑细菌感染，需要给孩子用消炎药控制感染的",
            "label": "OOOOOOOBIOOOOOOOOBIIIOOOOOOOOOOOOOOO",
            "normalized": [
                "黄疸",
                "细菌感染"
            ],
            "type": [
                "3",
                "3"
            ]
        },
        {
            "speaker": "医生",
            "sentence": "也就是说这个孩子仅仅是嗓子眼有痰，并没有出现明显的咳嗽症状？",
            "label": "OOOOOOOOOOOOOOBIOOOOOOOOOBIOOO",
            "normalized": [
                "痰",
                "咳嗽"
            ],
            "type": [
                "1",
                "1"
            ]
        },
        {
            "speaker": "患者",
            "sentence": "上个月9号去医院，诊断为肺炎",
            "label": "OOOOOOOOOOOOBI",
            "normalized": [
                "肺炎"
            ],
            "type": [
                "1"
            ]
        },
        {
            "speaker": "医生",
            "sentence": "那这个孩子有没有进行痰培养啊？是什么病原体感染引起的",
            "label": "OOOOOOOOOOOOOOOOOOOOOOOOOO",
            "normalized": [],
            "type": []
        },
        {
            "speaker": "患者",
            "sentence": "没有哦",
            "label": "OOO",
            "normalized": [],
            "type": []
        },
        {
            "speaker": "医生",
            "sentence": "既然这个孩子有黄痰的情况，我认为应该进行病原学的检查，这样可以明确一下诊断",
            "label": "OOOOOOOBIOOOOOOOOOOOOOOOOOOOOOOOOOOOO",
            "normalized": [
                "痰"
            ],
            "type": [
                "1"
            ]
        },
        {
            "speaker": "医生",
            "sentence": "如果是金黄色葡萄球菌感染引起的肺炎疗程需要长啊，至少需要2到3个周",
            "label": "OOOOOOOOOOOOOOOBIOOOOOOOOOOOOOOOO",
            "normalized": [
                "肺炎"
            ],
            "type": [
                "1"
            ]
        },
        {
            "speaker": "患者",
            "sentence": "一般去医院应该怎样说才能让医生培养痰",
            "label": "OOOOOOOOOOOOOOOOOB",
            "normalized": [
                "痰"
            ],
            "type": [
                "1"
            ]
        },
        {
            "speaker": "医生",
            "sentence": "你可以跟医生说这个孩子反复的有黄痰，咳嗽的症状不是特别的重",
            "label": "OOOOOOOOOOOOOOOBIOBIOOOOOOOOO",
            "normalized": [
                "痰",
                "咳嗽"
            ],
            "type": [
                "1",
                "1"
            ]
        },
        {
            "speaker": "医生",
            "sentence": "既往有过肺炎的情况",
            "label": "OOOOBIOOO",
            "normalized": [
                "肺炎"
            ],
            "type": [
                "1"
            ]
        },
        {
            "speaker": "患者",
            "sentence": "去诊所看他说宝宝体质弱",
            "label": "OOOOOOOOOOO",
            "normalized": [],
            "type": []
        },
        {
            "speaker": "医生",
            "sentence": "体质比较弱的孩子就会出现反复的呼吸道感染，特别是发生肺炎",
            "label": "OOOOOOOOOOOOOOOBIIIIOOOOOOBI",
            "normalized": [
                "呼吸道感染",
                "肺炎"
            ],
            "type": [
                "3",
                "3"
            ]
        },
        {
            "speaker": "患者",
            "sentence": "这样加起来都有两个多月了",
            "label": "OOOOOOOOOOOO",
            "normalized": [],
            "type": []
        },
        {
            "speaker": "医生",
            "sentence": "就是因为这个孩子反复咳嗽的时间比较长了，每次都有黄痰的情况，需要考虑细菌感染，对于细菌感染的孩子，需要明确一下感染的病原体，将更有针对性的进行治疗",
            "label": "OOOOOOOOOOBIOOOOOOOOOOOOBIOOOOOOOOBIIIOOOBIIIOOOOOOOOOOOOOOOOOOOOOOOOOOOO",
            "normalized": [
                "咳嗽",
                "痰",
                "细菌感染",
                "细菌感染"
            ],
            "type": [
                "1",
                "1",
                "3",
                "3"
            ]
        },
        {
            "speaker": "患者",
            "sentence": "明天去医院检查一下吧",
            "label": "OOOOOOOOOO",
            "normalized": [],
            "type": []
        },
        {
            "speaker": "医生",
            "sentence": "当然需要到医院进行进一步的检查，需要进行血常规，胸片",
            "label": "OOOOOOOOOOOOOOOOOOOOOOOOOO",
            "normalized": [],
            "type": []
        },
        {
            "speaker": "医生",
            "sentence": "如果有可能的话，需要进行病原学的检查，进行痰培养",
            "label": "OOOOOOOOOOOOOOOOOOOOOOOO",
            "normalized": [],
            "type": []
        },
        {
            "speaker": "患者",
            "sentence": "妇幼保健都有吧",
            "label": "OOOOOOO",
            "normalized": [],
            "type": []
        },
        {
            "speaker": "医生",
            "sentence": "是的",
            "label": "OO",
            "normalized": [],
            "type": []
        },
        {
            "speaker": "医生",
            "sentence": "根据你所描述的情况，这个孩子需要高度怀疑气管炎的可能，需要排除肺炎的",
            "label": "OOOOOOOOOOOOOOOOOOOOBIIOOOOOOOOBIO",
            "normalized": [
                "气管炎",
                "肺炎"
            ],
            "type": [
                "3",
                "3"
            ]
        },
        {
            "speaker": "医生",
            "sentence": "这个孩子目前精神状态怎么样？吃奶正常吗",
            "label": "OOOOOOOOOOOOOOOOOOO",
            "normalized": [],
            "type": []
        },
        {
            "speaker": "患者",
            "sentence": "吃什么的都正常",
            "label": "OOOOOOO",
            "normalized": [],
            "type": []
        },
        {
            "speaker": "患者",
            "sentence": "精神也挺好的",
            "label": "OOOOOO",
            "normalized": [],
            "type": []
        },
        {
            "speaker": "医生",
            "sentence": "除了咳嗽，咳黄痰还有其他的症状吗",
            "label": "OOBIOBBIOOOOOOOO",
            "normalized": [
                "咳嗽",
                "咳嗽",
                "痰"
            ],
            "type": [
                "1",
                "1",
                "1"
            ]
        },
        {
            "speaker": "患者",
            "sentence": "没有其他的",
            "label": "OOOOO",
            "normalized": [],
            "type": []
        },
        {
            "speaker": "患者",
            "sentence": "就是痰黄，咳得出来但宝宝不懂吐",
            "label": "OOBOOBIOOOOOOOB",
            "normalized": [
                "痰",
                "咳嗽",
                "呕吐"
            ],
            "type": [
                "1",
                "1",
                "3"
            ]
        },
        {
            "speaker": "患者",
            "sentence": "咳嗽都不是严重",
            "label": "BIOOOOO",
            "normalized": [
                "咳嗽"
            ],
            "type": [
                "1"
            ]
        },
        {
            "speaker": "医生",
            "sentence": "这个孩子咳嗽症状不重，但是吐黄痰，这就是典型的细菌感染",
            "label": "OOOOBIOOOOOOOBBIOOOOOOOBIII",
            "normalized": [
                "咳嗽",
                "呕吐",
                "痰",
                "细菌感染"
            ],
            "type": [
                "1",
                "3",
                "1",
                "1"
            ]
        },
        {
            "speaker": "患者",
            "sentence": "那吃人奶我需要注意什么呢",
            "label": "OOOOOOOOOOOO",
            "normalized": [],
            "type": []
        },
        {
            "speaker": "医生",
            "sentence": "这个没有什么特别注意的事情，避免呛奶就可以了",
            "label": "OOOOOOOOOOOOOOOOOOOOOO",
            "normalized": [],
            "type": []
        },
        {
            "speaker": "医生",
            "sentence": "对于这样的孩子，需要高度怀疑有没有免疫功能低下的情况",
            "label": "OOOOOOOOOOOOOOOOOOOOOOOOOO",
            "normalized": [],
            "type": []
        },
        {
            "speaker": "医生",
            "sentence": "这个年龄段的孩子反复地出现细菌感染，需要注意体液免疫功能低下的可能，应该给孩子用丙种球蛋白的",
            "label": "OOOOOOOOOOOOOBIIIOOOOOOOOOOOOOOOOOOOOOOOOOOOOO",
            "normalized": [
                "细菌感染"
            ],
            "type": [
                "1"
            ]
        },
        {
            "speaker": "患者",
            "sentence": "那在哪里可以买到",
            "label": "OOOOOOOO",
            "normalized": [],
            "type": []
        },
        {
            "speaker": "医生",
            "sentence": "这个需要到医院输液治疗的",
            "label": "OOOOOOOOOOOO",
            "normalized": [],
            "type": []
        },
        {
            "speaker": "医生",
            "sentence": "可以给孩子口服匹多莫德或者脾氨肽，这也是调节免疫的药物",
            "label": "OOOOOOOOOOOOOOOOOOOOOOOOOOO",
            "normalized": [],
            "type": []
        },
        {
            "speaker": "患者",
            "sentence": "丙种球蛋白是输液的，是要治疗好了后才输液的吗",
            "label": "OOOOOOOOOOOOOOOOOOOOOO",
            "normalized": [],
            "type": []
        },
        {
            "speaker": "医生",
            "sentence": "可以在感染期间应用",
            "label": "OOOOOOOOO",
            "normalized": [],
            "type": []
        },
        {
            "speaker": "医生",
            "sentence": "这个不一定的，在感染期间也可以使用",
            "label": "OOOOOOOOOOOOOOOOO",
            "normalized": [],
            "type": []
        },
        {
            "speaker": "患者",
            "sentence": "一般医院都有吗",
            "label": "OOOOOOO",
            "normalized": [],
            "type": []
        },
        {
            "speaker": "医生",
            "sentence": "是的",
            "label": "OO",
            "normalized": [],
            "type": []
        },
        {
            "speaker": "医生",
            "sentence": "这个一般的医院都有的",
            "label": "OOOOOOOOOO",
            "normalized": [],
            "type": []
        },
        {
            "speaker": "患者",
            "sentence": "吃的那个药也是感染期间也可以吃",
            "label": "OOOOOOOOOOOOOOO",
            "normalized": [],
            "type": []
        },
        {
            "speaker": "患者",
            "sentence": "吗",
            "label": "O",
            "normalized": [],
            "type": []
        },
        {
            "speaker": "医生",
            "sentence": "因为这个孩子反复的细菌感染，需要考虑这个孩子免疫功能低下",
            "label": "OOOOOOOOOBIIIOOOOOOOOOOOOOOO",
            "normalized": [
                "细菌感染"
            ],
            "type": [
                "1"
            ]
        },
        {
            "speaker": "医生",
            "sentence": "感冒期间可以吃调节免疫的药物",
            "label": "BIOOOOOOOOOOOO",
            "normalized": [
                "普通感冒"
            ],
            "type": [
                "1"
            ]
        },
        {
            "speaker": "患者",
            "sentence": "好的",
            "label": "OO",
            "normalized": [],
            "type": []
        },
        {
            "speaker": "医生",
            "sentence": "出生以后六个月的孩子从母体带来的免疫球蛋白消失殆尽，自身产生的免疫球蛋白数量又很少，就会出现反复的呼吸道感染",
            "label": "OOOOOOOOOOOOOOOOOOOOOOOOOOOOOOOOOOOOOOOOOOOOOOOOOBIIII",
            "normalized": [
                "呼吸道感染"
            ],
            "type": [
                "3"
            ]
        },
        {
            "speaker": "医生",
            "sentence": "当然这个孩子反复的出现呼吸道感染，也需要注意有没有免疫缺陷病的可能，所以说建议进行免疫功能的检查",
            "label": "OOOOOOOOOOOBIIIIOOOOOOOOOOOOOOOOOOOOOOOOOOOOOOOO",
            "normalized": [
                "呼吸道感染"
            ],
            "type": [
                "3"
            ]
        },
        {
            "speaker": "患者",
            "sentence": "检查免疫功能是查什么",
            "label": "OOOOOOOOOO",
            "normalized": [],
            "type": []
        },
        {
            "speaker": "医生",
            "sentence": "给予这个孩子目前的这些症状，需要应用消炎药控制感染，需要用化痰止咳药物对症治疗，当然需要寻找这个孩子反复呼吸道感染的原因，这是最关键的",
            "label": "OOOOOOOOOOOOOOOOOOOOOOOOOOOOOOOOOOOOOOOOOOOOOOOOOOOOOOOOOOOOOOOOOOO",
            "normalized": [],
            "type": []
        },
        {
            "speaker": "医生",
            "sentence": "就是进行体液免疫功能的检查和细胞免疫功能的检查",
            "label": "OOOOOOOOOOOOOOOOOOOOOOO",
            "normalized": [],
            "type": []
        },
        {
            "speaker": "医生",
            "sentence": "另外这个孩子有必要进行血常规，胸片检查",
            "label": "OOOOOOOOOOOOOOOOOOO",
            "normalized": [],
            "type": []
        },
        {
            "speaker": "患者",
            "sentence": "哦！",
            "label": "OO",
            "normalized": [],
            "type": []
        },
        {
            "speaker": "医生",
            "sentence": "嗯",
            "label": "O",
            "normalized": [],
            "type": []
        },
        {
            "speaker": "患者",
            "sentence": "谢谢医生了",
            "label": "OOOOO",
            "normalized": [],
            "type": []
        },
        {
            "speaker": "医生",
            "sentence": "不客气",
            "label": "OOO",
            "normalized": [],
            "type": []
        }
    ]
}