{
    "data-split": "train",
    "example-id": "10326101",
    "dialogue-content": [
        {
            "speaker": "医生",
            "sentence": "您好，宝宝有发热吗？",
            "label": "OOOOOOBIOO",
            "normalized": [
                "发热"
            ],
            "type": [
                "2"
            ]
        },
        {
            "speaker": "患者",
            "sentence": "没有发热。",
            "label": "OOBIO",
            "normalized": [
                "发热"
            ],
            "type": [
                "2"
            ]
        },
        {
            "speaker": "医生",
            "sentence": "昨天开始吐泻的还是前天开始的",
            "label": "OOOOBIOOOOOOOO",
            "normalized": [
                "呕吐"
            ],
            "type": [
                "1"
            ]
        },
        {
            "speaker": "患者",
            "sentence": "昨天晚上。",
            "label": "OOOOO",
            "normalized": [],
            "type": []
        },
        {
            "speaker": "医生",
            "sentence": "有化验便常规及轮状病毒抗体吗？",
            "label": "OOOOOOOOOOOOOOO",
            "normalized": [],
            "type": []
        },
        {
            "speaker": "患者",
            "sentence": "没有。",
            "label": "OOO",
            "normalized": [],
            "type": []
        },
        {
            "speaker": "医生",
            "sentence": "方便的话最好做个常规及轮状病毒抗体需要除外病毒性肠炎",
            "label": "OOOOOOOOOOOOOOOOOOOOOOOOBI",
            "normalized": [
                "肠炎"
            ],
            "type": [
                "3"
            ]
        },
        {
            "speaker": "患者",
            "sentence": "好的。谢谢",
            "label": "OOOOO",
            "normalized": [],
            "type": []
        },
        {
            "speaker": "医生",
            "sentence": "宝宝进食就吐？",
            "label": "OOOOOBO",
            "normalized": [
                "呕吐"
            ],
            "type": [
                "1"
            ]
        },
        {
            "speaker": "患者",
            "sentence": "就是。吃点东西就吐。水都吐了",
            "label": "OOOOOOOOBOOOBO",
            "normalized": [
                "呕吐",
                "呕吐"
            ],
            "type": [
                "1",
                "1"
            ]
        },
        {
            "speaker": "医生",
            "sentence": "有腹痛吗？腹泻几次？",
            "label": "OBIOOBIOOO",
            "normalized": [
                "腹痛",
                "腹泻"
            ],
            "type": [
                "3",
                "1"
            ]
        },
        {
            "speaker": "患者",
            "sentence": "今天精神状态差。很多吃。今天有5到六次",
            "label": "OOBIIIIOOOOOOOOOOOO",
            "normalized": [
                "精神软"
            ],
            "type": [
                "1"
            ]
        },
        {
            "speaker": "患者",
            "sentence": "很多次",
            "label": "OOO",
            "normalized": [],
            "type": []
        },
        {
            "speaker": "医生",
            "sentence": "化验是为了明确诊断。准确治疗。目前尿量正常吗？需要注意脱水。",
            "label": "OOOOOOOOOOOOOOOOOOOOOOOOOOOBIO",
            "normalized": [
                "脱水"
            ],
            "type": [
                "3"
            ]
        },
        {
            "speaker": "患者",
            "sentence": "有什么办法预防脱水吗？",
            "label": "OOOOOOOBIOO",
            "normalized": [
                "脱水"
            ],
            "type": [
                "3"
            ]
        },
        {
            "speaker": "医生",
            "sentence": "如果尿量少，精神差，口唇干吗？",
            "label": "OOBIIOBIIOOOOOO",
            "normalized": [
                "尿量减少",
                "精神软"
            ],
            "type": [
                "3",
                "3"
            ]
        },
        {
            "speaker": "患者",
            "sentence": "口唇不干",
            "label": "OOOO",
            "normalized": [],
            "type": []
        },
        {
            "speaker": "医生",
            "sentence": "那需要少量多次喂水喂奶，每次3-5毫升的喂，要手勤，一会一会喂，一次不要太多，否则易呕吐。",
            "label": "OOOOOOOOOOOOOOOOOOOOOOOOOOOOOOOOOOOOOOOOOOBIO",
            "normalized": [
                "呕吐"
            ],
            "type": [
                "1"
            ]
        },
        {
            "speaker": "患者",
            "sentence": "精神状态还好。",
            "label": "OOOOOOO",
            "normalized": [],
            "type": []
        },
        {
            "speaker": "医生",
            "sentence": "喂米汤也可",
            "label": "OOOOO",
            "normalized": [],
            "type": []
        },
        {
            "speaker": "患者",
            "sentence": "好的。我怕她吃了吐没有喂奶",
            "label": "OOOOOOOOBOOOO",
            "normalized": [
                "呕吐"
            ],
            "type": [
                "1"
            ]
        },
        {
            "speaker": "医生",
            "sentence": "那说明目前还没有明显脱水",
            "label": "OOOOOOOOOOBI",
            "normalized": [
                "脱水"
            ],
            "type": [
                "2"
            ]
        },
        {
            "speaker": "医生",
            "sentence": "必须喂，否则腹泻不喂，易脱水",
            "label": "OOOOOOBIOOOOBI",
            "normalized": [
                "腹泻",
                "脱水"
            ],
            "type": [
                "1",
                "3"
            ]
        },
        {
            "speaker": "医生",
            "sentence": "其他食物咱不要喂了。",
            "label": "OOOOOOOOOO",
            "normalized": [],
            "type": []
        },
        {
            "speaker": "患者",
            "sentence": "好的。谢谢医生。",
            "label": "OOOOOOOO",
            "normalized": [],
            "type": []
        },
        {
            "speaker": "医生",
            "sentence": "不客气",
            "label": "OOO",
            "normalized": [],
            "type": []
        },
        {
            "speaker": "医生",
            "sentence": "还有问题吗？",
            "label": "OOOOOO",
            "normalized": [],
            "type": []
        }
    ]
}