{
    "data-split": "train",
    "example-id": "10265439",
    "dialogue-content": [
        {
            "speaker": "医生",
            "sentence": "你好",
            "label": "OO",
            "normalized": [],
            "type": []
        },
        {
            "speaker": "患者",
            "sentence": "你好，医生",
            "label": "OOOOO",
            "normalized": [],
            "type": []
        },
        {
            "speaker": "医生",
            "sentence": "如果有黄鼻涕，应该考虑细菌感染",
            "label": "OOOBIIOOOOOBIII",
            "normalized": [
                "鼻流涕",
                "细菌感染"
            ],
            "type": [
                "1",
                "3"
            ]
        },
        {
            "speaker": "患者",
            "sentence": "已经用药一周了",
            "label": "OOOOOOO",
            "normalized": [],
            "type": []
        },
        {
            "speaker": "医生",
            "sentence": "根据你所描述的情况，需要考虑鼻炎的可能",
            "label": "OOOOOOOOOOOOOOBIOOO",
            "normalized": [
                "鼻炎"
            ],
            "type": [
                "3"
            ]
        },
        {
            "speaker": "医生",
            "sentence": "那这个孩子除了鼻塞流鼻涕以外，还有其他的症状吗",
            "label": "OOOOOOOBIBIIOOOOOOOOOOO",
            "normalized": [
                "鼻塞",
                "鼻流涕"
            ],
            "type": [
                "1",
                "1"
            ]
        },
        {
            "speaker": "患者",
            "sentence": "咳嗽，喉咙有痰",
            "label": "BIOOOBI",
            "normalized": [
                "咳嗽",
                "痰"
            ],
            "type": [
                "1",
                "1"
            ]
        },
        {
            "speaker": "医生",
            "sentence": "咳嗽症状有缓解吗",
            "label": "BIOOOOOO",
            "normalized": [
                "咳嗽"
            ],
            "type": [
                "1"
            ]
        },
        {
            "speaker": "患者",
            "sentence": "上周六去医院检查，抽血和拍x光确诊为支气管炎，还有点支原体",
            "label": "OOOOOOOOOOOOOOOOOOBIIIOOOOBII",
            "normalized": [
                "支气管炎",
                "支原体感染"
            ],
            "type": [
                "1",
                "1"
            ]
        },
        {
            "speaker": "患者",
            "sentence": "他咳嗽一直都不是很严重，但就是不好",
            "label": "OBIOOOOOOOOOOOOOO",
            "normalized": [
                "咳嗽"
            ],
            "type": [
                "1"
            ]
        },
        {
            "speaker": "患者",
            "sentence": "昨天晚上发现痰变多，昨晚咳嗽像比以前严重了",
            "label": "OOOOOOBOOOOOBIOOOOOOO",
            "normalized": [
                "痰",
                "咳嗽"
            ],
            "type": [
                "1",
                "1"
            ]
        },
        {
            "speaker": "医生",
            "sentence": "那这个孩子有没有受凉的情况？家里的大人有没有呼吸道感染的情况",
            "label": "OOOOOOOOOOOOOOOOOOOOOOOOOOOOOO",
            "normalized": [],
            "type": []
        },
        {
            "speaker": "患者",
            "sentence": "但是不发烧，去诊所听，说是气管应该没什么事了，就是剩痰",
            "label": "OOOBIOOOOOOOOOOOOOOOOOOOOBI",
            "normalized": [
                "发热",
                "痰"
            ],
            "type": [
                "2",
                "1"
            ]
        },
        {
            "speaker": "患者",
            "sentence": "没有",
            "label": "OO",
            "normalized": [],
            "type": []
        },
        {
            "speaker": "患者",
            "sentence": "扁桃体发炎算是呼吸道感染么",
            "label": "BIIIIOOBIIIIO",
            "normalized": [
                "扁桃体炎",
                "呼吸道感染"
            ],
            "type": [
                "3",
                "3"
            ]
        },
        {
            "speaker": "医生",
            "sentence": "如果就是气管当中有分泌物痰液比较多，咳嗽的症状应该比较轻啊",
            "label": "OOOOOOOOOOOOBOOOOOBIOOOOOOOOO",
            "normalized": [
                "痰",
                "咳嗽"
            ],
            "type": [
                "1",
                "1"
            ]
        },
        {
            "speaker": "医生",
            "sentence": "如果咳嗽症状加重，肯定是有问题的",
            "label": "OOBIOOOOOOOOOOOO",
            "normalized": [
                "咳嗽"
            ],
            "type": [
                "1"
            ]
        },
        {
            "speaker": "医生",
            "sentence": "扁桃体炎也属于上呼吸道感染的范畴",
            "label": "BIIIOOOBIIIIIOOO",
            "normalized": [
                "扁桃体炎",
                "上呼吸道感染"
            ],
            "type": [
                "3",
                "3"
            ]
        },
        {
            "speaker": "医生",
            "sentence": "这孩子出现扁桃体炎了？",
            "label": "OOOOOBIIIOO",
            "normalized": [
                "扁桃体炎"
            ],
            "type": [
                "3"
            ]
        },
        {
            "speaker": "患者",
            "sentence": "那孩子爸爸扁桃体发炎了",
            "label": "OOOOOOOOOOO",
            "normalized": [],
            "type": []
        },
        {
            "speaker": "医生",
            "sentence": "那这个孩子咳嗽症状加重，应该与爸爸感冒有一定的关系",
            "label": "OOOOOBIOOOOOOOOOOOOOOOOOO",
            "normalized": [
                "咳嗽"
            ],
            "type": [
                "1"
            ]
        },
        {
            "speaker": "医生",
            "sentence": "这样就会导致孩子咳嗽症状加重的",
            "label": "OOOOOOOOBIOOOOO",
            "normalized": [
                "咳嗽"
            ],
            "type": [
                "1"
            ]
        },
        {
            "speaker": "医生",
            "sentence": "那就可以解释这个孩子为什么昨天晚上咳嗽症状加重，气管中的痰比较多",
            "label": "OOOOOOOOOOOOOOOOOBIOOOOOOOOOBOOO",
            "normalized": [
                "咳嗽",
                "痰"
            ],
            "type": [
                "1",
                "1"
            ]
        },
        {
            "speaker": "患者",
            "sentence": "扁桃体发炎也传染么",
            "label": "BIIIIOOOO",
            "normalized": [
                "扁桃体炎"
            ],
            "type": [
                "3"
            ]
        },
        {
            "speaker": "医生",
            "sentence": "当然",
            "label": "OO",
            "normalized": [],
            "type": []
        },
        {
            "speaker": "医生",
            "sentence": "这个也属于呼吸道感染的范畴",
            "label": "OOOOOBIIIIOOO",
            "normalized": [
                "呼吸道感染"
            ],
            "type": [
                "3"
            ]
        },
        {
            "speaker": "患者",
            "sentence": "那怎么办呢",
            "label": "OOOOO",
            "normalized": [],
            "type": []
        },
        {
            "speaker": "医生",
            "sentence": "那这个孩子现在精神状态怎么样",
            "label": "OOOOOOOOOOOOOO",
            "normalized": [],
            "type": []
        },
        {
            "speaker": "患者",
            "sentence": "我以为他流黄鼻涕是快好了TT",
            "label": "OOOOBIIIOOOOOO",
            "normalized": [
                "鼻流涕"
            ],
            "type": [
                "1"
            ]
        },
        {
            "speaker": "医生",
            "sentence": "但是这个孩子咳嗽症状加重了呀",
            "label": "OOOOOOBIOOOOOO",
            "normalized": [
                "咳嗽"
            ],
            "type": [
                "1"
            ]
        },
        {
            "speaker": "患者",
            "sentence": "他精神状态没受影响",
            "label": "OOOOOOOOO",
            "normalized": [],
            "type": []
        },
        {
            "speaker": "医生",
            "sentence": "如果就是单纯的流黄鼻涕应该问题不大，可以给孩子口服通窍类的药物，比如说通窍鼻炎颗粒或者香菊颗粒",
            "label": "OOOOOOOBIIIOOOOOOOOOOOOOOOOOOOOOOOOOOOOOOOOOOOO",
            "normalized": [
                "鼻流涕"
            ],
            "type": [
                "1"
            ]
        },
        {
            "speaker": "医生",
            "sentence": "但是如果孩子咳嗽症状加重，需要考虑重感的可能",
            "label": "OOOOOOBIOOOOOOOOOOOOOO",
            "normalized": [
                "咳嗽"
            ],
            "type": [
                "1"
            ]
        },
        {
            "speaker": "医生",
            "sentence": "建议到医院进行血常规的检查",
            "label": "OOOOOOOOOOOOO",
            "normalized": [],
            "type": []
        },
        {
            "speaker": "医生",
            "sentence": "这孩子咳嗽的时间，应该进行胸片的检查",
            "label": "OOOBIOOOOOOOOOOOOO",
            "normalized": [
                "咳嗽"
            ],
            "type": [
                "1"
            ]
        },
        {
            "speaker": "患者",
            "sentence": "好的谢谢你",
            "label": "OOOOO",
            "normalized": [],
            "type": []
        },
        {
            "speaker": "医生",
            "sentence": "不客气",
            "label": "OOO",
            "normalized": [],
            "type": []
        }
    ]
}