{
    "data-split": "train",
    "example-id": "10185051",
    "dialogue-content": [
        {
            "speaker": "医生",
            "sentence": "你好",
            "label": "OO",
            "normalized": [],
            "type": []
        },
        {
            "speaker": "医生",
            "sentence": "为了更好的提供服务，我需要询问您几个与病症相关的问题，感谢您配合。",
            "label": "OOOOOOOOOOOOOOOOOOOOOOOOOOOOOOOOO",
            "normalized": [],
            "type": []
        },
        {
            "speaker": "医生",
            "sentence": "在吗？",
            "label": "OOO",
            "normalized": [],
            "type": []
        },
        {
            "speaker": "患者",
            "sentence": "在",
            "label": "O",
            "normalized": [],
            "type": []
        },
        {
            "speaker": "医生",
            "sentence": "宝宝拉肚子几天了",
            "label": "OOBIIOOO",
            "normalized": [
                "腹泻"
            ],
            "type": [
                "1"
            ]
        },
        {
            "speaker": "患者",
            "sentence": "两天",
            "label": "OO",
            "normalized": [],
            "type": []
        },
        {
            "speaker": "医生",
            "sentence": "一天大便几次",
            "label": "OOOOOO",
            "normalized": [],
            "type": []
        },
        {
            "speaker": "患者",
            "sentence": "4次",
            "label": "OO",
            "normalized": [],
            "type": []
        },
        {
            "speaker": "医生",
            "sentence": "大便是什么形状的",
            "label": "OOOOOOOO",
            "normalized": [],
            "type": []
        },
        {
            "speaker": "医生",
            "sentence": "是水样便还是粥样便",
            "label": "OBIIOOBII",
            "normalized": [
                "水样便",
                "粥样便"
            ],
            "type": [
                "2",
                "2"
            ]
        },
        {
            "speaker": "患者",
            "sentence": "奶瓣",
            "label": "BI",
            "normalized": [
                "稀便"
            ],
            "type": [
                "1"
            ]
        },
        {
            "speaker": "医生",
            "sentence": "有没有脓血便",
            "label": "OOOBII",
            "normalized": [
                "脓血便"
            ],
            "type": [
                "2"
            ]
        },
        {
            "speaker": "患者",
            "sentence": "没",
            "label": "O",
            "normalized": [],
            "type": []
        },
        {
            "speaker": "医生",
            "sentence": "发热吗",
            "label": "BIO",
            "normalized": [
                "发热"
            ],
            "type": [
                "2"
            ]
        },
        {
            "speaker": "患者",
            "sentence": "没",
            "label": "O",
            "normalized": [],
            "type": []
        },
        {
            "speaker": "医生",
            "sentence": "有没有呕吐",
            "label": "OOOBI",
            "normalized": [
                "呕吐"
            ],
            "type": [
                "2"
            ]
        },
        {
            "speaker": "患者",
            "sentence": "没",
            "label": "O",
            "normalized": [],
            "type": []
        },
        {
            "speaker": "医生",
            "sentence": "宝宝吃奶好吗？",
            "label": "OOOOOOO",
            "normalized": [],
            "type": []
        },
        {
            "speaker": "医生",
            "sentence": "是纯母乳喂养吗",
            "label": "OOOOOOO",
            "normalized": [],
            "type": []
        },
        {
            "speaker": "患者",
            "sentence": "奶粉",
            "label": "OO",
            "normalized": [],
            "type": []
        },
        {
            "speaker": "医生",
            "sentence": "吃奶好吗？",
            "label": "OOOOO",
            "normalized": [],
            "type": []
        },
        {
            "speaker": "患者",
            "sentence": "这两天吃有点少",
            "label": "OOOOOOO",
            "normalized": [],
            "type": []
        },
        {
            "speaker": "医生",
            "sentence": "从描述症状考虑宝宝消化不良，",
            "label": "OOOOOOOOOBIIIO",
            "normalized": [
                "消化不良"
            ],
            "type": [
                "3"
            ]
        },
        {
            "speaker": "医生",
            "sentence": "小便量少吗",
            "label": "OOOOO",
            "normalized": [],
            "type": []
        },
        {
            "speaker": "患者",
            "sentence": "不酸少",
            "label": "OOO",
            "normalized": [],
            "type": []
        },
        {
            "speaker": "患者",
            "sentence": "消化不良咋办呀",
            "label": "BIIIOOO",
            "normalized": [
                "消化不良"
            ],
            "type": [
                "3"
            ]
        },
        {
            "speaker": "医生",
            "sentence": "建议给宝宝口服肠道微生态药物",
            "label": "OOOOOOOOOOOOOO",
            "normalized": [],
            "type": []
        },
        {
            "speaker": "患者",
            "sentence": "吃着药的",
            "label": "OOOO",
            "normalized": [],
            "type": []
        },
        {
            "speaker": "医生",
            "sentence": "最好化验一下大便常规，除外细菌感染",
            "label": "OOOOOOOOOOOOOBIII",
            "normalized": [
                "细菌感染"
            ],
            "type": [
                "3"
            ]
        },
        {
            "speaker": "医生",
            "sentence": "什么药物",
            "label": "OOOO",
            "normalized": [],
            "type": []
        },
        {
            "speaker": "患者",
            "sentence": "乳酸菌素",
            "label": "OOOO",
            "normalized": [],
            "type": []
        },
        {
            "speaker": "医生",
            "sentence": "那就给宝宝化验一下大便常规，除外肠炎",
            "label": "OOOOOOOOOOOOOOOOBI",
            "normalized": [
                "肠炎"
            ],
            "type": [
                "3"
            ]
        },
        {
            "speaker": "医生",
            "sentence": "如果化验大便正常，可以加用调理脾胃药物",
            "label": "OOOOOOOOOOOOOOOOOOO",
            "normalized": [],
            "type": []
        },
        {
            "speaker": "医生",
            "sentence": "如果有感染需要建议抗感染药物",
            "label": "OOOOOOOOOOOOOO",
            "normalized": [],
            "type": []
        },
        {
            "speaker": "患者",
            "sentence": "哦",
            "label": "O",
            "normalized": [],
            "type": []
        },
        {
            "speaker": "医生",
            "sentence": "祝宝宝健康成长",
            "label": "OOOOOOO",
            "normalized": [],
            "type": []
        },
        {
            "speaker": "医生",
            "sentence": "还有其他问题吗？",
            "label": "OOOOOOOO",
            "normalized": [],
            "type": []
        },
        {
            "speaker": "患者",
            "sentence": "没",
            "label": "O",
            "normalized": [],
            "type": []
        },
        {
            "speaker": "医生",
            "sentence": "您有任何问题可以随时和我联系或留言，我看到后会第一时间回复。",
            "label": "OOOOOOOOOOOOOOOOOOOOOOOOOOOOOO",
            "normalized": [],
            "type": []
        },
        {
            "speaker": "患者",
            "sentence": "谢谢",
            "label": "OO",
            "normalized": [],
            "type": []
        },
        {
            "speaker": "医生",
            "sentence": "如果没有其他问题，那就结束了，再见",
            "label": "OOOOOOOOOOOOOOOOO",
            "normalized": [],
            "type": []
        },
        {
            "speaker": "医生",
            "sentence": "不用客气",
            "label": "OOOO",
            "normalized": [],
            "type": []
        },
        {
            "speaker": "医生",
            "sentence": "祝宝宝健康成长",
            "label": "OOOOOOO",
            "normalized": [],
            "type": []
        }
    ]
}