{
    "data-split": "train",
    "example-id": "10883407",
    "dialogue-content": [
        {
            "speaker": "医生",
            "sentence": "孩子鼻塞几天了？",
            "label": "OOBIOOOO",
            "normalized": [
                "鼻塞"
            ],
            "type": [
                "1"
            ]
        },
        {
            "speaker": "医生",
            "sentence": "影响呼吸吗？",
            "label": "OOOOOO",
            "normalized": [],
            "type": []
        },
        {
            "speaker": "医生",
            "sentence": "孩子吃奶影响吗？",
            "label": "OOOOOOOO",
            "normalized": [],
            "type": []
        },
        {
            "speaker": "患者",
            "sentence": "有一个多礼拜了没有影响",
            "label": "OOOOOOOOOOO",
            "normalized": [],
            "type": []
        },
        {
            "speaker": "医生",
            "sentence": "孩子嘴里吐泡泡吗？",
            "label": "OOOOOOOOO",
            "normalized": [],
            "type": []
        },
        {
            "speaker": "患者",
            "sentence": "有的",
            "label": "OO",
            "normalized": [],
            "type": []
        },
        {
            "speaker": "医生",
            "sentence": "咳嗽吗？",
            "label": "BIOO",
            "normalized": [
                "咳嗽"
            ],
            "type": [
                "2"
            ]
        },
        {
            "speaker": "医生",
            "sentence": "吐泡泡大概多久了？",
            "label": "OOOOOOOOO",
            "normalized": [],
            "type": []
        },
        {
            "speaker": "患者",
            "sentence": "不咳",
            "label": "BI",
            "normalized": [
                "咳嗽"
            ],
            "type": [
                "2"
            ]
        },
        {
            "speaker": "患者",
            "sentence": "也就一个礼拜多",
            "label": "OOOOOOO",
            "normalized": [],
            "type": []
        },
        {
            "speaker": "医生",
            "sentence": "孩子小咳嗽的症状可能不那么明显，有的以吐泡泡症状为主要表现",
            "label": "OOOBIOOOOOOOOOOOOOOOOOOOOOOOO",
            "normalized": [
                "咳嗽"
            ],
            "type": [
                "2"
            ]
        },
        {
            "speaker": "医生",
            "sentence": "孩子状态怎么样呢？",
            "label": "OOOOOOOOO",
            "normalized": [],
            "type": []
        },
        {
            "speaker": "患者",
            "sentence": "状况好的",
            "label": "OOOO",
            "normalized": [],
            "type": []
        },
        {
            "speaker": "医生",
            "sentence": "期间看过医生吗？",
            "label": "OOOOOOOO",
            "normalized": [],
            "type": []
        },
        {
            "speaker": "患者",
            "sentence": "前几天看过，配了喷鼻子的海盐喷雾",
            "label": "OOOOOOOOOOOOOOOO",
            "normalized": [],
            "type": []
        },
        {
            "speaker": "医生",
            "sentence": "孩子那个呼噜声可能是渗出的痰",
            "label": "OOOOOOOOOOOOOB",
            "normalized": [
                "痰"
            ],
            "type": [
                "3"
            ]
        },
        {
            "speaker": "医生",
            "sentence": "医生给孩子诊断的什么？",
            "label": "OOOOOOOOOOO",
            "normalized": [],
            "type": []
        },
        {
            "speaker": "患者",
            "sentence": "也没什么就鼻子塞",
            "label": "OOOOOBII",
            "normalized": [
                "鼻塞"
            ],
            "type": [
                "1"
            ]
        },
        {
            "speaker": "医生",
            "sentence": "气管有炎症吗？",
            "label": "OOOOOOO",
            "normalized": [],
            "type": []
        },
        {
            "speaker": "患者",
            "sentence": "没有吧，有的话医生应该会说的",
            "label": "OOOOOOOOOOOOOO",
            "normalized": [],
            "type": []
        },
        {
            "speaker": "医生",
            "sentence": "用了那个喷雾几天了呢？症状缓解情况怎么样呢？",
            "label": "OOOOOOOOOOOOOOOOOOOOOO",
            "normalized": [],
            "type": []
        },
        {
            "speaker": "患者",
            "sentence": "就是老打喷嚏",
            "label": "OOOBII",
            "normalized": [
                "打喷嚏"
            ],
            "type": [
                "1"
            ]
        },
        {
            "speaker": "患者",
            "sentence": "用了3天了，没多大缓解",
            "label": "OOOOOOOOOOO",
            "normalized": [],
            "type": []
        },
        {
            "speaker": "医生",
            "sentence": "打喷嚏这个一般就是着凉的表现！着凉的话一般会比较明显",
            "label": "BIIOOOOOOOOOOOOOOOOOOOOOOO",
            "normalized": [
                "打喷嚏"
            ],
            "type": [
                "1"
            ]
        },
        {
            "speaker": "医生",
            "sentence": "孩子目前主要是急性上呼吸道感染的症状，一般由于着凉感染引起来的，治疗原则主要是控制感染，等对症治疗，一般会有3到5天的疗程",
            "label": "OOOOOOOOOBIIIIIOOOOOOOOOOOOOOOOOOOOOOOOOOOOOOOOOOOOOOOOOOOOOO",
            "normalized": [
                "上呼吸道感染"
            ],
            "type": [
                "1"
            ]
        },
        {
            "speaker": "患者",
            "sentence": "嗯，谢谢医生",
            "label": "OOOOOO",
            "normalized": [],
            "type": []
        },
        {
            "speaker": "医生",
            "sentence": "孩子现在打喷嚏，鼻塞等症状，着凉因素比较明显，孩子现在用着喷雾症状缓解不明显，感染可能没有及时控制，最好带着孩子去儿内科就诊给孩子查个血常规胸片排除一下支气管炎，看一下感染情况，根据结果对症处理，调整用药",
            "label": "OOOOBIIOBIOOOOOOOOOOOOOOOOOOOOOOOOOOOOOOOOOOOOOOOOOOOOOOOOOOOOOOOOOOOOOOOOOOBIIIOOOOOOOOOOOOOOOOOOOOOO",
            "normalized": [
                "打喷嚏",
                "鼻塞",
                "支气管炎"
            ],
            "type": [
                "1",
                "1",
                "3"
            ]
        }
    ]
}