{
    "data-split": "train",
    "example-id": "10869808",
    "dialogue-content": [
        {
            "speaker": "医生",
            "sentence": "你好，",
            "label": "OOO",
            "normalized": [],
            "type": []
        },
        {
            "speaker": "患者",
            "sentence": "宝宝感冒鼻涕",
            "label": "OOBIBI",
            "normalized": [
                "普通感冒",
                "鼻流涕"
            ],
            "type": [
                "1",
                "1"
            ]
        },
        {
            "speaker": "医生",
            "sentence": "请问宝宝有其他症状吗？比如咳嗽等",
            "label": "OOOOOOOOOOOOOBIO",
            "normalized": [
                "咳嗽"
            ],
            "type": [
                "1"
            ]
        },
        {
            "speaker": "患者",
            "sentence": "鼻塞",
            "label": "BI",
            "normalized": [
                "鼻塞"
            ],
            "type": [
                "1"
            ]
        },
        {
            "speaker": "患者",
            "sentence": "口气重",
            "label": "BII",
            "normalized": [
                "口臭"
            ],
            "type": [
                "1"
            ]
        },
        {
            "speaker": "医生",
            "sentence": "体温稳定吗？",
            "label": "OOOOOO",
            "normalized": [],
            "type": []
        },
        {
            "speaker": "患者",
            "sentence": "正常的",
            "label": "OOO",
            "normalized": [],
            "type": []
        },
        {
            "speaker": "医生",
            "sentence": "有没有流鼻涕呢？",
            "label": "OOOBIIOO",
            "normalized": [
                "鼻流涕"
            ],
            "type": [
                "1"
            ]
        },
        {
            "speaker": "患者",
            "sentence": "有的",
            "label": "OO",
            "normalized": [],
            "type": []
        },
        {
            "speaker": "患者",
            "sentence": "清鼻涕",
            "label": "BII",
            "normalized": [
                "鼻流涕"
            ],
            "type": [
                "1"
            ]
        },
        {
            "speaker": "患者",
            "sentence": "今天第3天了",
            "label": "OOOOOO",
            "normalized": [],
            "type": []
        },
        {
            "speaker": "医生",
            "sentence": "根据您说的宝宝这些临床表现，",
            "label": "OOOOOOOOOOOOOO",
            "normalized": [],
            "type": []
        },
        {
            "speaker": "医生",
            "sentence": "有可能是着凉感冒了",
            "label": "OOOOOOBIO",
            "normalized": [
                "普通感冒"
            ],
            "type": [
                "3"
            ]
        },
        {
            "speaker": "患者",
            "sentence": "喂了氨酚黄",
            "label": "OOOOO",
            "normalized": [],
            "type": []
        },
        {
            "speaker": "医生",
            "sentence": "根据经验，受凉就容易流清鼻涕，鼻塞等",
            "label": "OOOOOOOOOOBIIIOBIO",
            "normalized": [
                "鼻流涕",
                "鼻塞"
            ],
            "type": [
                "1",
                "1"
            ]
        },
        {
            "speaker": "医生",
            "sentence": "氨酚黄那敏吗",
            "label": "OOOOOO",
            "normalized": [],
            "type": []
        },
        {
            "speaker": "患者",
            "sentence": "是的",
            "label": "OO",
            "normalized": [],
            "type": []
        },
        {
            "speaker": "医生",
            "sentence": "感觉症状有好转吗",
            "label": "OOOOOOOO",
            "normalized": [],
            "type": []
        },
        {
            "speaker": "患者",
            "sentence": "不大",
            "label": "OO",
            "normalized": [],
            "type": []
        },
        {
            "speaker": "医生",
            "sentence": "一共吃了几天了？",
            "label": "OOOOOOOO",
            "normalized": [],
            "type": []
        },
        {
            "speaker": "患者",
            "sentence": "晚上哭闹",
            "label": "OOBI",
            "normalized": [
                "哭闹"
            ],
            "type": [
                "1"
            ]
        },
        {
            "speaker": "患者",
            "sentence": "2天",
            "label": "OO",
            "normalized": [],
            "type": []
        },
        {
            "speaker": "医生",
            "sentence": "嗯，鼻塞宝宝难受，肯定易哭闹",
            "label": "OOBIOOOOOOOOBI",
            "normalized": [
                "鼻塞",
                "哭闹"
            ],
            "type": [
                "1",
                "1"
            ]
        },
        {
            "speaker": "医生",
            "sentence": "两天时间太短，",
            "label": "OOOOOOO",
            "normalized": [],
            "type": []
        },
        {
            "speaker": "医生",
            "sentence": "一般口服药物也要七天才能见效果",
            "label": "OOOOOOOOOOOOOOO",
            "normalized": [],
            "type": []
        },
        {
            "speaker": "医生",
            "sentence": "孩子要多喂热水，注意保暖，",
            "label": "OOOOOOOOOOOOO",
            "normalized": [],
            "type": []
        },
        {
            "speaker": "医生",
            "sentence": "勤测体温，如果发现有发热的症状，或者症状加重，就必须去医院，进行血常规检测，看是病毒感染还是细菌感染，对症治疗",
            "label": "OOOOOOOOOOBIOOOOOOOOOOOOOOOOOOOOOOOOOOOOBIIIOOBIIIOOOOO",
            "normalized": [
                "发热",
                "病毒感染",
                "细菌感染"
            ],
            "type": [
                "1",
                "3",
                "3"
            ]
        },
        {
            "speaker": "医生",
            "sentence": "鼻塞可以喷点鼻朗一类的，有缓解作用，",
            "label": "BIOOOOOOOOOOOOOOOO",
            "normalized": [
                "鼻塞"
            ],
            "type": [
                "1"
            ]
        },
        {
            "speaker": "医生",
            "sentence": "家里晚上不要太干燥，可以用加湿器保持湿度，不然容易加重鼻塞",
            "label": "OOOOOOOOOOOOOOOOOOOOOOOOOOOBI",
            "normalized": [
                "鼻塞"
            ],
            "type": [
                "1"
            ]
        }
    ]
}