{
    "data-split": "train",
    "example-id": "10357997",
    "dialogue-content": [
        {
            "speaker": "医生",
            "sentence": "您好，我是您的辅诊医生，需要询问几个问题，才能更好的评估孩子情况，您还在吗？",
            "label": "OOOOOOOOOOOOOOOOOOOOOOOOOOOOOOOOOOOOOO",
            "normalized": [],
            "type": []
        },
        {
            "speaker": "医生",
            "sentence": "宝宝现在体温多少？",
            "label": "OOOOOOOOO",
            "normalized": [],
            "type": []
        },
        {
            "speaker": "医生",
            "sentence": "手脚凉吗",
            "label": "BIIO",
            "normalized": [
                "四肢厥冷"
            ],
            "type": [
                "2"
            ]
        },
        {
            "speaker": "医生",
            "sentence": "还在吗？",
            "label": "OOOO",
            "normalized": [],
            "type": []
        },
        {
            "speaker": "患者",
            "sentence": "38度左右",
            "label": "BIIOO",
            "normalized": [
                "中等度热"
            ],
            "type": [
                "1"
            ]
        },
        {
            "speaker": "医生",
            "sentence": "嗯嗯",
            "label": "OO",
            "normalized": [],
            "type": []
        },
        {
            "speaker": "医生",
            "sentence": "宝宝精神怎么样？",
            "label": "OOOOOOOO",
            "normalized": [],
            "type": []
        },
        {
            "speaker": "患者",
            "sentence": "手脚不凉",
            "label": "BIII",
            "normalized": [
                "四肢厥冷"
            ],
            "type": [
                "2"
            ]
        },
        {
            "speaker": "患者",
            "sentence": "不爱吃奶，辅食也不爱吃",
            "label": "BIIIOOOOOOO",
            "normalized": [
                "厌食"
            ],
            "type": [
                "1"
            ]
        },
        {
            "speaker": "医生",
            "sentence": "宝宝今天大便几次？",
            "label": "OOOOOOOOO",
            "normalized": [],
            "type": []
        },
        {
            "speaker": "医生",
            "sentence": "尿的黄吗",
            "label": "OOOO",
            "normalized": [],
            "type": []
        },
        {
            "speaker": "患者",
            "sentence": "四次，还有两次是放屁带的",
            "label": "OOOOOOOOBIOO",
            "normalized": [
                "屁"
            ],
            "type": [
                "1"
            ]
        },
        {
            "speaker": "医生",
            "sentence": "嗯嗯，宝宝喝水多吗？",
            "label": "OOOOOOOOOO",
            "normalized": [],
            "type": []
        },
        {
            "speaker": "患者",
            "sentence": "不多，今天不爱喝水",
            "label": "OOOOOOOOO",
            "normalized": [],
            "type": []
        },
        {
            "speaker": "医生",
            "sentence": "宝宝尿了几次",
            "label": "OOOOOO",
            "normalized": [],
            "type": []
        },
        {
            "speaker": "医生",
            "sentence": "有没有呕吐？",
            "label": "OOOBIO",
            "normalized": [
                "呕吐"
            ],
            "type": [
                "2"
            ]
        },
        {
            "speaker": "患者",
            "sentence": "今天没吐",
            "label": "OOBI",
            "normalized": [
                "呕吐"
            ],
            "type": [
                "2"
            ]
        },
        {
            "speaker": "医生",
            "sentence": "嗯嗯，宝宝吃奶怎么样",
            "label": "OOOOOOOOOO",
            "normalized": [],
            "type": []
        },
        {
            "speaker": "患者",
            "sentence": "她今天不爱喝奶也不爱吃辅食",
            "label": "OOOOOOOOOOOOO",
            "normalized": [],
            "type": []
        },
        {
            "speaker": "医生",
            "sentence": "哦哦",
            "label": "OO",
            "normalized": [],
            "type": []
        },
        {
            "speaker": "医生",
            "sentence": "不要强迫宝宝进食",
            "label": "OOOOOOOO",
            "normalized": [],
            "type": []
        },
        {
            "speaker": "医生",
            "sentence": "给宝贝检查大便了吗",
            "label": "OOOOOOOOO",
            "normalized": [],
            "type": []
        },
        {
            "speaker": "医生",
            "sentence": "宝宝每次大便量多吗",
            "label": "OOOOOOOOO",
            "normalized": [],
            "type": []
        },
        {
            "speaker": "医生",
            "sentence": "如果您超过五分钟不回复，系统会自动关闭对话，您还在吗？",
            "label": "OOOOOOOOOOOOOOOOOOOOOOOOOOO",
            "normalized": [],
            "type": []
        }
    ]
}