{
    "data-split": "train",
    "example-id": "10604062",
    "dialogue-content": [
        {
            "speaker": "医生",
            "sentence": "你好",
            "label": "OO",
            "normalized": [],
            "type": []
        },
        {
            "speaker": "患者",
            "sentence": "你好",
            "label": "OO",
            "normalized": [],
            "type": []
        },
        {
            "speaker": "医生",
            "sentence": "有没有进行大便常规的检查",
            "label": "OOOOOOOOOOOO",
            "normalized": [],
            "type": []
        },
        {
            "speaker": "患者",
            "sentence": "还没有呢",
            "label": "OOOO",
            "normalized": [],
            "type": []
        },
        {
            "speaker": "患者",
            "sentence": "今天早晨发现的",
            "label": "OOOOOOO",
            "normalized": [],
            "type": []
        },
        {
            "speaker": "医生",
            "sentence": "长时间的口服阿司匹林可能会导致这个孩子凝血功能发生异常，有可能会出现肠粘膜的损伤",
            "label": "OOOOOOOOOOOOOOOOOOOOOOOOOOOOOOOOOOOOOOOO",
            "normalized": [],
            "type": []
        },
        {
            "speaker": "医生",
            "sentence": "这个孩子以前大便正常吗？",
            "label": "OOOOOOOOOOOO",
            "normalized": [],
            "type": []
        },
        {
            "speaker": "医生",
            "sentence": "以前大便稀不稀啊？每天大便几次",
            "label": "OOOOBIIOOOOOOOO",
            "normalized": [
                "稀便"
            ],
            "type": [
                "1"
            ]
        },
        {
            "speaker": "患者",
            "sentence": "之前大便很正常，就是在我最近换了奶粉之后就出现大便比较稀的情况，而且次数也在5到6次",
            "label": "OOOOOOOOOOOOOOOOOOOOOOOOOOOBOOOOOOOOOOOOOO",
            "normalized": [
                "稀便"
            ],
            "type": [
                "1"
            ]
        },
        {
            "speaker": "医生",
            "sentence": "这个大便次数有点多呀！刚刚更换奶粉以后，孩子有可能对新奶粉不适应，会出现大便次数增多，大便次数的增多，有可能会出现肠粘膜的损伤，就会出现大便带血",
            "label": "OOOOOOOOOOOOOOOOOOOOOOOOOOOOOOOOOOOOOOOOOOOOOOOOOOOOOOOOOOOOOOOOOOOOBIII",
            "normalized": [
                "血便"
            ],
            "type": [
                "3"
            ]
        },
        {
            "speaker": "医生",
            "sentence": "我认为这个孩子首先应该到医院进行大便常规的检查，确定一下是不是血迹",
            "label": "OOOOOOOOOOOOOOOOOOOOOOOOOOOOOOOOO",
            "normalized": [],
            "type": []
        },
        {
            "speaker": "医生",
            "sentence": "即便是大便带血也为你提不大的，因为量比较少，可以暂时先观察与这个孩子撑起并口服阿司匹林关系不是特别的大。如果是阿司匹林所引起的凝血功能障碍，出血量是比较多的",
            "label": "OOOBIIIOOOOOOOOOOOOOOOOOOOOOOOOOOOOOOOOOOOOOOOOOOOOOOOOOOOOOOOOOOOOOOOOOOOOOOO",
            "normalized": [
                "稀便"
            ],
            "type": [
                "3"
            ]
        },
        {
            "speaker": "患者",
            "sentence": "这个照片是刚才照的，我感觉像是黏膜之类的东西",
            "label": "OOOOOOOOOOOOOOOOOOOOOO",
            "normalized": [],
            "type": []
        },
        {
            "speaker": "医生",
            "sentence": "这种情况需要高度怀疑肠黏膜损伤所引起的，大便当中有粘液就有可能带血丝",
            "label": "OOOOOOOOOOOOOOOOOOOOOOOOOOOOOOOOOO",
            "normalized": [],
            "type": []
        },
        {
            "speaker": "患者",
            "sentence": "嗯，就是这样的",
            "label": "OOOOOOO",
            "normalized": [],
            "type": []
        },
        {
            "speaker": "医生",
            "sentence": "这种情况需要高度怀疑肠黏膜损伤所引起的，如果大便当中有白细胞，那应该考虑炎症肠炎的可能性是非常大的",
            "label": "OOOOOOOOOOOOOOOOOOOOOOOOOOOOOOOOOOOOOOOOOOOOOOOOO",
            "normalized": [],
            "type": []
        },
        {
            "speaker": "医生",
            "sentence": "或者说这个孩子更换奶粉以后出现了不适应，出现了肠粘膜的损伤",
            "label": "OOOOOOOOOOOOOOOOOOOOOOOOOOOOO",
            "normalized": [],
            "type": []
        },
        {
            "speaker": "患者",
            "sentence": "那现在怎么办呢",
            "label": "OOOOOOO",
            "normalized": [],
            "type": []
        },
        {
            "speaker": "患者",
            "sentence": "我需要观察还是",
            "label": "OOOOOOO",
            "normalized": [],
            "type": []
        },
        {
            "speaker": "医生",
            "sentence": "这种情况我认为应该问题不大的，首先应该到医院进行大便常规的检查",
            "label": "OOOOOOOOOOOOOOOOOOOOOOOOOOOOOOO",
            "normalized": [],
            "type": []
        },
        {
            "speaker": "医生",
            "sentence": "可以先给孩子口服思密达保护胃肠黏膜",
            "label": "OOOOOOOOOOOOOOOOO",
            "normalized": [],
            "type": []
        },
        {
            "speaker": "医生",
            "sentence": "如果这个孩子再次大便，仍然有血迹，那就需要到医院就诊的",
            "label": "OOOOOOOOOOOOOOOOOOOOOOOOOOO",
            "normalized": [],
            "type": []
        },
        {
            "speaker": "患者",
            "sentence": "我中午的时候给了点妈咪爱",
            "label": "OOOOOOOOOOOO",
            "normalized": [],
            "type": []
        },
        {
            "speaker": "医生",
            "sentence": "可以的",
            "label": "OOO",
            "normalized": [],
            "type": []
        },
        {
            "speaker": "医生",
            "sentence": "那这个孩子精神状态怎么样？",
            "label": "OOOOOOOOOOOOO",
            "normalized": [],
            "type": []
        },
        {
            "speaker": "医生",
            "sentence": "从你发的图片上看，这个孩子大便当中的粘液还是比较多的，我这里需要考虑炎症肠炎的可能性是比较大的，应该与这个孩子肠粘膜的损伤有关",
            "label": "OOOOOOOOOOOOOOOOOOBIOOOOOOOOOOOOOOOOBIOOOOOOOOOOOOOOOOOOOOOOOOO",
            "normalized": [
                "大便粘液",
                "肠炎"
            ],
            "type": [
                "1",
                "3"
            ]
        },
        {
            "speaker": "患者",
            "sentence": "精神状态很好",
            "label": "OOOOOO",
            "normalized": [],
            "type": []
        },
        {
            "speaker": "医生",
            "sentence": "大便常规是必须要查的，如果大便中有白细胞有红细胞且血是阳性，那首先需要考虑炎症啊！",
            "label": "OOOOOOOOOOOOOOOOOOOOOOOOOOOOOOOOOOOOOOOOO",
            "normalized": [],
            "type": []
        },
        {
            "speaker": "医生",
            "sentence": "还有一种情况也是不能排除的，就是乳糖不耐受",
            "label": "OOOOOOOOOOOOOOOOOOOOO",
            "normalized": [],
            "type": []
        },
        {
            "speaker": "医生",
            "sentence": "这个孩子是不是过敏体质啊？有没有湿疹的情况",
            "label": "OOOOOOOBIOOOOOOOBIOOO",
            "normalized": [
                "过敏",
                "湿疹"
            ],
            "type": [
                "3",
                "1"
            ]
        },
        {
            "speaker": "患者",
            "sentence": "我也考虑过这个问题，那这样的话要换奶粉吗",
            "label": "OOOOOOOOOOOOOOOOOOOO",
            "normalized": [],
            "type": []
        },
        {
            "speaker": "患者",
            "sentence": "有的，有湿疹",
            "label": "OOOOBI",
            "normalized": [
                "湿疹"
            ],
            "type": [
                "1"
            ]
        },
        {
            "speaker": "医生",
            "sentence": "那你换的这种奶粉是什么奶粉呢",
            "label": "OOOOOOOOOOOOOO",
            "normalized": [],
            "type": []
        },
        {
            "speaker": "医生",
            "sentence": "这个年龄段的孩子如果大便当中有白细胞，除了考虑炎症以外，还需要考虑的就是乳糖不耐受！",
            "label": "OOOOOOOOOOOOOOOOOOOOOOOOOOOOOOOOOOOOOOOOOO",
            "normalized": [],
            "type": []
        },
        {
            "speaker": "患者",
            "sentence": "牛栏",
            "label": "OO",
            "normalized": [],
            "type": []
        },
        {
            "speaker": "患者",
            "sentence": "香港带的",
            "label": "OOOO",
            "normalized": [],
            "type": []
        },
        {
            "speaker": "医生",
            "sentence": "孩子的年龄比较小，肠道当中的细菌从何而来？如果这个孩子有湿疹的情况，不是过敏体质，出现这种情况最常见的就是食物不耐受，其中以乳糖不耐受的可能性最大",
            "label": "OOOOOOOOOOOOOOOOOOOOOOOOOOOOBIOOOOOOBIOOOOOOOOOOOOOOOOOOOOOOOOOOOOOOOOOOO",
            "normalized": [
                "湿疹",
                "过敏"
            ],
            "type": [
                "1",
                "3"
            ]
        },
        {
            "speaker": "医生",
            "sentence": "可以给孩子应用低乳糖的奶粉",
            "label": "OOOOOOOOOOOOO",
            "normalized": [],
            "type": []
        },
        {
            "speaker": "患者",
            "sentence": "那我需要在观察呢还是现在就带孩子去医院检查",
            "label": "OOOOOOOOOOOOOOOOOOOOO",
            "normalized": [],
            "type": []
        },
        {
            "speaker": "医生",
            "sentence": "孩子的一般情况比较好，我这边可以暂时先观察的，你首先需要做的就是进行大便常规的检查，可以带这个孩子的大便到医院进行化验，没有必要带孩子到医院去，毕竟不方便",
            "label": "OOOOOOOOOOOOOOOOOOOOOOOOOOOOOOOOOOOOOOOOOOOOOOOOOOOOOOOOOOOOOOOOOOOOOOOOOOOOO",
            "normalized": [],
            "type": []
        },
        {
            "speaker": "患者",
            "sentence": "还有就是医生，我现在要换奶粉的话要怎么换呢，直接换还是慢慢换",
            "label": "OOOOOOOOOOOOOOOOOOOOOOOOOOOOOO",
            "normalized": [],
            "type": []
        },
        {
            "speaker": "患者",
            "sentence": "还有就是医生，我现在要换奶粉的话要怎么换呢，直接换还是慢慢换",
            "label": "OOOOOOOOOOOOOOOOOOOOOOOOOOOOOO",
            "normalized": [],
            "type": []
        },
        {
            "speaker": "医生",
            "sentence": "如果换这种特殊的奶粉，可以直接更换",
            "label": "OOOOOOOOOOOOOOOOO",
            "normalized": [],
            "type": []
        },
        {
            "speaker": "患者",
            "sentence": "我在想问下医生，孩子要是乳糖不耐受的话也会大便带血吗",
            "label": "OOOOOOOOOOOOOOOOOOOOOBIIIO",
            "normalized": [
                "血便"
            ],
            "type": [
                "3"
            ]
        },
        {
            "speaker": "医生",
            "sentence": "如果是换普通的奶粉，需要逐渐的减少原有奶粉的量，增加新奶粉的量，这个过程至少需要一个周到十天的时间",
            "label": "OOOOOOOOOOOOOOOOOOOOOOOOOOOOOOOOOOOOOOOOOOOOOOOOO",
            "normalized": [],
            "type": []
        },
        {
            "speaker": "医生",
            "sentence": "乳糖不耐受的孩子，由于肠道当中缺乏乳糖酶，就会出现拉肚子，反复的拉肚子可能会导致肠粘膜的损伤，就会出现大便带血丝",
            "label": "OOOOOOOOOOOOOOOOOOOOOOOOOBIIOOOOBIIOOOOOOOOOOOOOOOOBIIII",
            "normalized": [
                "腹泻",
                "腹泻",
                "血便"
            ],
            "type": [
                "1",
                "1",
                "3"
            ]
        },
        {
            "speaker": "患者",
            "sentence": "那我现在换的话就直接换吗",
            "label": "OOOOOOOOOOOO",
            "normalized": [],
            "type": []
        },
        {
            "speaker": "医生",
            "sentence": "可以",
            "label": "OO",
            "normalized": [],
            "type": []
        },
        {
            "speaker": "患者",
            "sentence": "好的，知道了，非常感谢您",
            "label": "OOOOOOOOOOOO",
            "normalized": [],
            "type": []
        },
        {
            "speaker": "医生",
            "sentence": "不客气",
            "label": "OOO",
            "normalized": [],
            "type": []
        }
    ]
}