{
    "data-split": "train",
    "example-id": "10445997",
    "dialogue-content": [
        {
            "speaker": "医生",
            "sentence": "你好",
            "label": "OO",
            "normalized": [],
            "type": []
        },
        {
            "speaker": "医生",
            "sentence": "我是您的接诊医生",
            "label": "OOOOOOOO",
            "normalized": [],
            "type": []
        },
        {
            "speaker": "患者",
            "sentence": "您好",
            "label": "OO",
            "normalized": [],
            "type": []
        },
        {
            "speaker": "医生",
            "sentence": "宝贝主要是什么饮食呢",
            "label": "OOOOOOOOOO",
            "normalized": [],
            "type": []
        },
        {
            "speaker": "患者",
            "sentence": "母乳喂养",
            "label": "OOOO",
            "normalized": [],
            "type": []
        },
        {
            "speaker": "医生",
            "sentence": "最近吃奶量可以吗",
            "label": "OOOOOOOO",
            "normalized": [],
            "type": []
        },
        {
            "speaker": "患者",
            "sentence": "这几天没给喂米粉",
            "label": "OOOOOOOO",
            "normalized": [],
            "type": []
        },
        {
            "speaker": "患者",
            "sentence": "不是很多",
            "label": "OOOO",
            "normalized": [],
            "type": []
        },
        {
            "speaker": "医生",
            "sentence": "宝妈最近有没有吃生冷辛辣刺激食物油腻食物呢",
            "label": "OOOOOOOOOOOOOOOOOOOOO",
            "normalized": [],
            "type": []
        },
        {
            "speaker": "患者",
            "sentence": "嗯吃了，不过平时我都是吃一点的",
            "label": "OOOOOOOOOOOOOOO",
            "normalized": [],
            "type": []
        },
        {
            "speaker": "医生",
            "sentence": "嗯啊，宝妈饮食最近一定要注意的奥！",
            "label": "OOOOOOOOOOOOOOOOO",
            "normalized": [],
            "type": []
        },
        {
            "speaker": "医生",
            "sentence": "宝贝有没有呕吐症状呢",
            "label": "OOOOOBIOOO",
            "normalized": [
                "呕吐"
            ],
            "type": [
                "2"
            ]
        },
        {
            "speaker": "患者",
            "sentence": "好的，没有，有点流鼻涕",
            "label": "OOOOOOOOBII",
            "normalized": [
                "鼻流涕"
            ],
            "type": [
                "1"
            ]
        },
        {
            "speaker": "医生",
            "sentence": "宝贝鼻涕厉害吗",
            "label": "OOBIOOO",
            "normalized": [
                "鼻流涕"
            ],
            "type": [
                "1"
            ]
        },
        {
            "speaker": "患者",
            "sentence": "不厉害，但总是呼呼的声音",
            "label": "OOOOOOOOOOOO",
            "normalized": [],
            "type": []
        },
        {
            "speaker": "医生",
            "sentence": "宝贝大便一天几次呢",
            "label": "OOOOOOOOO",
            "normalized": [],
            "type": []
        },
        {
            "speaker": "医生",
            "sentence": "嗯啊，别着凉就可以",
            "label": "OOOOOOOOO",
            "normalized": [],
            "type": []
        },
        {
            "speaker": "患者",
            "sentence": "四五次",
            "label": "OOO",
            "normalized": [],
            "type": []
        },
        {
            "speaker": "医生",
            "sentence": "大便有没有未消化的奶瓣呢",
            "label": "OOOOOOOOOBIO",
            "normalized": [
                "稀便"
            ],
            "type": [
                "3"
            ]
        },
        {
            "speaker": "患者",
            "sentence": "有时就一点沫水",
            "label": "OOOOOBI",
            "normalized": [
                "水样便"
            ],
            "type": [
                "1"
            ]
        },
        {
            "speaker": "医生",
            "sentence": "宝贝精神状态好吗？",
            "label": "OOOOOOOOO",
            "normalized": [],
            "type": []
        },
        {
            "speaker": "患者",
            "sentence": "没有，是黄水状",
            "label": "OOOOBII",
            "normalized": [
                "水样便"
            ],
            "type": [
                "1"
            ]
        },
        {
            "speaker": "患者",
            "sentence": "带沫沫",
            "label": "OOO",
            "normalized": [],
            "type": []
        },
        {
            "speaker": "医生",
            "sentence": "尿量多吗",
            "label": "OOOO",
            "normalized": [],
            "type": []
        },
        {
            "speaker": "患者",
            "sentence": "精神好尿量不多",
            "label": "OOOOOOO",
            "normalized": [],
            "type": []
        },
        {
            "speaker": "医生",
            "sentence": "您的多给宝贝喝点温水的奥",
            "label": "OOOOOOOOOOOO",
            "normalized": [],
            "type": []
        },
        {
            "speaker": "医生",
            "sentence": "宝贝期间看过医生吗？亲",
            "label": "OOOOOOOOOOO",
            "normalized": [],
            "type": []
        },
        {
            "speaker": "患者",
            "sentence": "没有，就吃了家里常备的益生菌",
            "label": "OOOOOOOOOOOOOO",
            "normalized": [],
            "type": []
        },
        {
            "speaker": "医生",
            "sentence": "宝贝目前的话主要是一个消化不良的表现，消化不良的话可能受凉或者胃肠功能弱都可能引起来消化不良的，治疗的原则一般就是调节胃肠功能的，您给宝贝吃的那个就是益生菌类的奥！",
            "label": "OOOOOOOOOOOBIIIOOOOBIIIOOOOOOOOOOOOOOOOOOOBIIIOOOOOOOOOOOOOOOOOOOOOOOOOOOOOOOOOOOO",
            "normalized": [
                "消化不良",
                "消化不良",
                "消化不良"
            ],
            "type": [
                "3",
                "3",
                "3"
            ]
        },
        {
            "speaker": "医生",
            "sentence": "目前的话宝贝精神状态好，尿量还可以的话，大便次数还是可以的，所以目前病情比较稳定的，如果宝贝大便次数比较多的话如果不控制的话就容易脱水的，表现为宝贝尿量少，眼窝凹陷之类的，目前的宝贝情况可以观察一下，可以给宝贝喝点益生菌的奥！",
            "label": "OOOOOOOOOOOOOOOOOOOOOOOOOOOOOOOOOOOOOOOOOOOOOOOOOOOOOOOOOOOOOOOOOBIOOOOOOOBIIOOOOOOOOOOOOOOOOOOOOOOOOOOOOOOOOOOOO",
            "normalized": [
                "脱水",
                "尿量减少"
            ],
            "type": [
                "3",
                "3"
            ]
        },
        {
            "speaker": "患者",
            "sentence": "那我还继续给吃枯草杆菌活菌颗粒好吧",
            "label": "OOOOOOOOOOOOOOOOO",
            "normalized": [],
            "type": []
        },
        {
            "speaker": "医生",
            "sentence": "宝贝这个胃肠功能紊乱的话治疗疗程怎么也得5到7天的疗程的，目前的话胃肠功能恢复就像手破了修复是有一个过程的奥，所以益生菌应用胃肠功能好转，宝贝大便次数也就好转的奥！目前吃了两天了疗程还没有够的，可以继续巩固益生菌的奥",
            "label": "OOOOBIIIIIOOOOOOOOOOOOOOOOOOOOOOOOOOOOOOOOOOOOOOOOOOOOOOOOOOOOOOOOOOOOOOOOOOOOOOOOOOOOOOOOOOOOOOOOOOOOOOOOOO",
            "normalized": [
                "胃肠功能紊乱"
            ],
            "type": [
                "3"
            ]
        },
        {
            "speaker": "患者",
            "sentence": "还用吃点别的药吗医生",
            "label": "OOOOOOOOOO",
            "normalized": [],
            "type": []
        },
        {
            "speaker": "医生",
            "sentence": "药物起效也得一个过程的奥",
            "label": "OOOOOOOOOOOO",
            "normalized": [],
            "type": []
        },
        {
            "speaker": "医生",
            "sentence": "宝贝体内本身菌有10个，今天用药控制了5个，又产生3个，相当于去除了2个，第二天用药也是这个道理",
            "label": "OOOOOOOOOOOOOOOOOOOOOOOOOOOOOOOOOOOOOOOOOOOOOOOO",
            "normalized": [],
            "type": []
        },
        {
            "speaker": "医生",
            "sentence": "宝妈吃饭注意饮食，生冷辛辣刺激食物不能吃油腻食不能吃，多喝点温水，多给宝贝热敷一下肚子，顺时针揉揉肚子，别着凉肚子，晚上睡觉盖好被子，别着凉，这个时候胃肠功能会影响所以能吃多少吃多少别强喂奥！",
            "label": "OOOOOOOOOOOOOOOOOOOOOOOOOOOOOOOOOOOOOOOOOOOOOOOOOOOOOOOOOOOOOOOOOOOOOOOOOOOOOOOOOOOOOOOOOOOOOOOO",
            "normalized": [],
            "type": []
        },
        {
            "speaker": "医生",
            "sentence": "吃着益生菌观察三天，大便次数，大便性状不缓解或者加重及时带宝贝去儿内科就诊查个大便常规明确一下病因，根据结果对症处理，精神状态差，超过8小时没尿的话就可以及时带宝贝去儿内科就诊补液对症治疗了，防止宝贝脱水电解质紊乱的奥！",
            "label": "OOOOOOOOOOOOOOOOOOOOOOOOOOOOOOOOOOOOOOOOOOOOOOOOOOOOOOOOOOOBIIIIOOOOOOBIOOOOOOOOOOOOOOOOOOOOOOOOOOOOBIOOOOOOOO",
            "normalized": [
                "精神软",
                "尿量减少",
                "脱水"
            ],
            "type": [
                "3",
                "3",
                "3"
            ]
        },
        {
            "speaker": "患者",
            "sentence": "请问我还给加辅食吗！",
            "label": "OOOOOOOOOO",
            "normalized": [],
            "type": []
        },
        {
            "speaker": "医生",
            "sentence": "可以等宝贝消化好了之后再给宝贝添加辅食，辅食的话生冷辛辣刺激食物不能吃油腻食物不能吃的奥",
            "label": "OOOOOOOOOOOOOOOOOOOOOOOOOOOOOOOOOOOOOOOOOOOO",
            "normalized": [],
            "type": []
        },
        {
            "speaker": "医生",
            "sentence": "辅食好了之后也慢慢增加的奥",
            "label": "OOOOOOOOOOOOO",
            "normalized": [],
            "type": []
        },
        {
            "speaker": "医生",
            "sentence": "目前的话您需要注意的就是喝点益生菌观察三天，再注意以上注意事项奥就会恢复的快点，如果有问题及时带宝贝去儿内科就诊补液对症处理的奥",
            "label": "OOOOOOOOOOOOOOOOOOOOOOOOOOOOOOOOOOOOOOOOOOOOOOOOOOOOOOOOOOOOOOOO",
            "normalized": [],
            "type": []
        },
        {
            "speaker": "医生",
            "sentence": "祝宝贝健康",
            "label": "OOOOO",
            "normalized": [],
            "type": []
        },
        {
            "speaker": "患者",
            "sentence": "好的谢谢医生",
            "label": "OOOOOO",
            "normalized": [],
            "type": []
        }
    ]
}