{
    "data-split": "train",
    "example-id": "10751884",
    "dialogue-content": [
        {
            "speaker": "医生",
            "sentence": "你好我是您的接诊医生",
            "label": "OOOOOOOOOO",
            "normalized": [],
            "type": []
        },
        {
            "speaker": "医生",
            "sentence": "宝贝多大了呢？",
            "label": "OOOOOOO",
            "normalized": [],
            "type": []
        },
        {
            "speaker": "医生",
            "sentence": "宝贝最近家里有人感冒吗？",
            "label": "OOOOOOOOOOOO",
            "normalized": [],
            "type": []
        },
        {
            "speaker": "患者",
            "sentence": "27天",
            "label": "OOO",
            "normalized": [],
            "type": []
        },
        {
            "speaker": "医生",
            "sentence": "宝贝最近着凉来吗？",
            "label": "OOOOOOOOO",
            "normalized": [],
            "type": []
        },
        {
            "speaker": "患者",
            "sentence": "没有",
            "label": "OO",
            "normalized": [],
            "type": []
        },
        {
            "speaker": "医生",
            "sentence": "宝贝鼻塞几天了呢？",
            "label": "OOBIOOOOO",
            "normalized": [
                "鼻塞"
            ],
            "type": [
                "1"
            ]
        },
        {
            "speaker": "患者",
            "sentence": "嗯老打喷嚏，有点鼻塞",
            "label": "OOBIIOOOBI",
            "normalized": [
                "打喷嚏",
                "鼻塞"
            ],
            "type": [
                "1",
                "1"
            ]
        },
        {
            "speaker": "医生",
            "sentence": "鼻塞影响呼吸吗？",
            "label": "BIOOOOOO",
            "normalized": [
                "鼻塞"
            ],
            "type": [
                "1"
            ]
        },
        {
            "speaker": "患者",
            "sentence": "有半个月了鼻塞",
            "label": "OOOOOBI",
            "normalized": [
                "鼻塞"
            ],
            "type": [
                "1"
            ]
        },
        {
            "speaker": "医生",
            "sentence": "打喷嚏一天中什么时候比较明显呢？",
            "label": "BIIOOOOOOOOOOOOO",
            "normalized": [
                "打喷嚏"
            ],
            "type": [
                "1"
            ]
        },
        {
            "speaker": "患者",
            "sentence": "看他经常哼哼唧唧的，呼吸没有什么，都挺正常的",
            "label": "OOOOOOOOOOOOOOOOOOOOOO",
            "normalized": [],
            "type": []
        },
        {
            "speaker": "医生",
            "sentence": "打喷嚏，鼻塞主要是受凉的表现，这个一定要注意保暖，别着凉，特别早晨晚上空气太凉了，尽量别外出，多喝点温水，别着凉，打喷嚏，鼻塞症状就会好点的奥",
            "label": "BIIOBIOOOOOOOOOOOOOOOOOOOOOOOOOOOOOOOOOOOOOOOOOOOOOOOOOOOBIIOBIOOOOOOOO",
            "normalized": [
                "打喷嚏",
                "鼻塞",
                "打喷嚏",
                "鼻塞"
            ],
            "type": [
                "1",
                "1",
                "1",
                "1"
            ]
        },
        {
            "speaker": "医生",
            "sentence": "宝鼻塞不影响呼吸的话就问题不大的",
            "label": "OBIOOOOOOOOOOOOO",
            "normalized": [
                "鼻塞"
            ],
            "type": [
                "1"
            ]
        },
        {
            "speaker": "患者",
            "sentence": "洗澡完，或者睡觉醒来抱起来吃奶时",
            "label": "OOOOOOOOOOOOOOOO",
            "normalized": [],
            "type": []
        },
        {
            "speaker": "医生",
            "sentence": "您多用热毛巾熏一下鼻子",
            "label": "OOOOOOOOOOO",
            "normalized": [],
            "type": []
        },
        {
            "speaker": "患者",
            "sentence": "主要他老是哼哼唧唧的",
            "label": "OOOOOOOOOO",
            "normalized": [],
            "type": []
        },
        {
            "speaker": "医生",
            "sentence": "嗯嗯，洗完澡别着凉测",
            "label": "OOOOOOOOOO",
            "normalized": [],
            "type": []
        },
        {
            "speaker": "医生",
            "sentence": "宝贝咳嗽几天了呢",
            "label": "OOBIOOOO",
            "normalized": [
                "咳嗽"
            ],
            "type": [
                "1"
            ]
        },
        {
            "speaker": "医生",
            "sentence": "宝贝哼哼唧唧什么情况下比较明显呢",
            "label": "OOOOOOOOOOOOOOOO",
            "normalized": [],
            "type": []
        },
        {
            "speaker": "患者",
            "sentence": "我怕肺部有问题带到镇上医院他说气管有点，吃点化痰止咳口服液",
            "label": "OOOOOOOOOOOOOOOOOOOOOOOOOOOOO",
            "normalized": [],
            "type": []
        },
        {
            "speaker": "患者",
            "sentence": "他睡觉动他的时候",
            "label": "OOOOOOOO",
            "normalized": [],
            "type": []
        },
        {
            "speaker": "医生",
            "sentence": "宝贝这个目前面诊医生主要是考虑支气管炎，支气管炎的话这个可能由于受凉或者感染引起来的，这个治疗的原则的话主要是消炎止咳化痰治疗的奥！",
            "label": "OOOOOOOOOOOOOOOBIIIOBIIIOOOOOOOOOOOOOOOOOOOOOOOOOOOOOOOOOOOOOOOOOO",
            "normalized": [
                "支气管炎",
                "支气管炎"
            ],
            "type": [
                "3",
                "3"
            ]
        },
        {
            "speaker": "患者",
            "sentence": "咳嗽就这两天偶尔两声",
            "label": "BIOOOOOOOO",
            "normalized": [
                "咳嗽"
            ],
            "type": [
                "1"
            ]
        },
        {
            "speaker": "医生",
            "sentence": "睡觉别动他，让他自己睡就可以",
            "label": "OOOOOOOOOOOOOO",
            "normalized": [],
            "type": []
        },
        {
            "speaker": "医生",
            "sentence": "咳嗽痰多吗？",
            "label": "BIBIOO",
            "normalized": [
                "咳嗽",
                "痰"
            ],
            "type": [
                "1",
                "1"
            ]
        },
        {
            "speaker": "医生",
            "sentence": "咳嗽痰量比之前多了吗？",
            "label": "BIBIOOOOOOO",
            "normalized": [
                "咳嗽",
                "痰"
            ],
            "type": [
                "1",
                "1"
            ]
        },
        {
            "speaker": "患者",
            "sentence": "之前感觉多，咳嗽了以后感觉还少了",
            "label": "OOOOOOBIOOOOOOOO",
            "normalized": [
                "咳嗽"
            ],
            "type": [
                "1"
            ]
        },
        {
            "speaker": "患者",
            "sentence": "嘴巴边偶尔有点口水泡",
            "label": "OOOOOOOOOO",
            "normalized": [],
            "type": []
        },
        {
            "speaker": "患者",
            "sentence": "那可以吃小葵花咳喘口服液吗？这么小吃药有影响吗？",
            "label": "OOOOOOOOOOOOOOOOOOOOOOOO",
            "normalized": [],
            "type": []
        },
        {
            "speaker": "医生",
            "sentence": "这个随着炎症渗出，痰形成增多，刺激宝贝咳嗽症状比较明显，痰慢慢减少也是利于宝贝的恢复",
            "label": "OOOOOOOOOBOOOOOOOOOBIOOOOOOOBOOOOOOOOOOOOO",
            "normalized": [
                "痰",
                "咳嗽",
                "痰"
            ],
            "type": [
                "1",
                "1",
                "1"
            ]
        },
        {
            "speaker": "医生",
            "sentence": "吐泡泡的话也是支气管炎的一个表现的奥",
            "label": "OOOOOOOBIIIOOOOOOO",
            "normalized": [
                "支气管炎"
            ],
            "type": [
                "3"
            ]
        },
        {
            "speaker": "医生",
            "sentence": "宝贝什么时候看的医生呢？做过什么检查吗？",
            "label": "OOOOOOOOOOOOOOOOOOOO",
            "normalized": [],
            "type": []
        },
        {
            "speaker": "患者",
            "sentence": "昨天",
            "label": "OO",
            "normalized": [],
            "type": []
        },
        {
            "speaker": "医生",
            "sentence": "我了解一下情况给您建议口服液的问题",
            "label": "OOOOOOOOOOOOOOOOO",
            "normalized": [],
            "type": []
        },
        {
            "speaker": "患者",
            "sentence": "没有做检查他直接听的",
            "label": "OOOOOOOOOO",
            "normalized": [],
            "type": []
        },
        {
            "speaker": "医生",
            "sentence": "昨天面诊医生给宝贝开了几种药呢",
            "label": "OOOOOOOOOOOOOOO",
            "normalized": [],
            "type": []
        },
        {
            "speaker": "患者",
            "sentence": "只有一种止咳化痰口服液",
            "label": "OOOOOOOOOOO",
            "normalized": [],
            "type": []
        },
        {
            "speaker": "患者",
            "sentence": "之前嘴巴口水经常有，最近就偶尔有点",
            "label": "OOOOOOOOOOOOOOOOO",
            "normalized": [],
            "type": []
        },
        {
            "speaker": "医生",
            "sentence": "嗯嗯，宝贝目前咳嗽症状不是太厉害，痰量也是减少，体温正常，鼻塞打喷嚏症状还是比较稳定，精神状态好，目前的病情也是比较稳定的奥",
            "label": "OOOOOOOBIOOOOOOOOBIOOOOOOOOOOBIBIIOOOOOOOOOOOOOOOOOOOOOOOOOOOO",
            "normalized": [
                "咳嗽",
                "痰",
                "鼻塞",
                "打喷嚏"
            ],
            "type": [
                "1",
                "1",
                "1",
                "1"
            ]
        },
        {
            "speaker": "患者",
            "sentence": "嗯，精神什么都比较好，就是怕严重下去",
            "label": "OOOOOOOOOOOOOOOOOO",
            "normalized": [],
            "type": []
        },
        {
            "speaker": "医生",
            "sentence": "面诊医生根据听诊结果和情况给宝贝开了咳喘口服液，这个止咳化痰治疗，对宝贝来说符合治疗原则的，对宝贝来说也是比较安全的，利于宝贝的恢复，您可以积极配合医生的治疗，不积极治疗的话得不到控制，不利于宝贝的恢复",
            "label": "OOOOOOOOOOOOOOOOOOOOOOOOOOOOOOOOOOOOOOOOOOOOOOOOOOOOOOOOOOOOOOOOOOOOOOOOOOOOOOOOOOOOOOOOOOOOOOOOOOOOO",
            "normalized": [],
            "type": []
        },
        {
            "speaker": "患者",
            "sentence": "有时候动他经常是涨红脸的",
            "label": "OOOOOOOOOOOO",
            "normalized": [],
            "type": []
        },
        {
            "speaker": "医生",
            "sentence": "宝贝现在的话病情比较稳定，痰少了，嘴里泡泡比之前少了，目前病情比较温度，您可以给宝贝按时按量服用医生的药物观察一下",
            "label": "OOOOOOOOOOOOOBIOOOOOOOOOOOOOOOOOOOOOOOOOOOOOOOOOOOOOOOOOO",
            "normalized": [
                "痰"
            ],
            "type": [
                "1"
            ]
        },
        {
            "speaker": "患者",
            "sentence": "宝贝喘的话表现是怎样呢",
            "label": "OOBOOOOOOOO",
            "normalized": [
                "喘息"
            ],
            "type": [
                "1"
            ]
        },
        {
            "speaker": "医生",
            "sentence": "宝贝动的话痰堵的宝贝的话肯恩会憋的脸红",
            "label": "OOOOOBIOOOOOOOOOOOO",
            "normalized": [
                "痰"
            ],
            "type": [
                "1"
            ]
        },
        {
            "speaker": "患者",
            "sentence": "那就给他吃止咳化痰口服液比较安全对吧",
            "label": "OOOOOOOOOOOOOOOOOO",
            "normalized": [],
            "type": []
        },
        {
            "speaker": "医生",
            "sentence": "喘的厉害的话可能三凹征阳性，鼻翼煽动，呼吸困难都是有可能的奥！目前没有这种症状",
            "label": "BOOOOOOOOOOOOOOOOOOBIIIOOOOOOOOOOOOOOOO",
            "normalized": [
                "喘息",
                "呼吸困难"
            ],
            "type": [
                "1",
                "3"
            ]
        },
        {
            "speaker": "患者",
            "sentence": "主要就是鼻塞的感觉",
            "label": "OOOOBIOOO",
            "normalized": [
                "鼻塞"
            ],
            "type": [
                "1"
            ]
        },
        {
            "speaker": "医生",
            "sentence": "嗯嗯目前可以用着药观察五天，如果宝贝咳痰症状，鼻塞情况不缓解或者加重及时带宝贝去儿内科就诊，给宝贝查个血常规胸片，看一下恢复情况，根据结果对症处理，需不需要调整用药，呼吸困难精神状态差也要及时带宝贝去儿内科就诊",
            "label": "OOOOOOOOOOOOOOOOOOBIOOOBIOOOOOOOOOOOOOOOOOOOOOOOOOOOOOOOOOOOOOOOOOOOOOOOOOOOOOOOOOOBIIIBIIIIOOOOOOOOOOOOO",
            "normalized": [
                "咳嗽",
                "鼻塞",
                "呼吸困难",
                "精神软"
            ],
            "type": [
                "1",
                "1",
                "3",
                "3"
            ]
        },
        {
            "speaker": "患者",
            "sentence": "现在只要他醒就多给他喂水",
            "label": "OOOOOOOOOOOO",
            "normalized": [],
            "type": []
        },
        {
            "speaker": "医生",
            "sentence": "鼻塞的话那个多喝点温水，您可以用热毛巾热气多熏一下鼻子！",
            "label": "BIOOOOOOOOOOOOOOOOOOOOOOOOOO",
            "normalized": [
                "鼻塞"
            ],
            "type": [
                "1"
            ]
        },
        {
            "speaker": "医生",
            "sentence": "宝贝吃母乳吗？",
            "label": "OOOOOOO",
            "normalized": [],
            "type": []
        },
        {
            "speaker": "患者",
            "sentence": "是的",
            "label": "OO",
            "normalized": [],
            "type": []
        },
        {
            "speaker": "医生",
            "sentence": "宝妈吃饭注意饮食，生冷辛辣刺激食物不能吃油腻食物不能吃，清淡饮食为主，特别油腻食物容易生痰的奥，多喝点温水，注意休息，别活动太厉害了奥，多给宝贝拍背，这个时候吃奶会有影响可能，能吃多少吃多少别强喂奥",
            "label": "OOOOOOOOOOOOOOOOOOOOOOOOOOOOOOOOOOOOOOOOOOOBIOOOOOOOOOOOOOOOOOOOOOOOOOOOOOOOOOOOOOOOOOOOOOOOOOOOOOO",
            "normalized": [
                "痰"
            ],
            "type": [
                "3"
            ]
        },
        {
            "speaker": "患者",
            "sentence": "嗯经常给他按摩，跟拍背的",
            "label": "OOOOOOOOOOOO",
            "normalized": [],
            "type": []
        },
        {
            "speaker": "患者",
            "sentence": "气管炎的话只吃止咳化痰口服液有用吗？",
            "label": "BIIOOOOOOOOOOOOOOO",
            "normalized": [
                "支气管炎"
            ],
            "type": [
                "3"
            ]
        },
        {
            "speaker": "医生",
            "sentence": "宝贝这个的痰的目前拍上来的话就好了，这个病程总共大概需要7到10天时间，这个越小的宝贝恢复起来越慢宝贝排痰比较慢，面诊医生的用药吸收也是一个过程的奥，所以这个症状缓解会有一个过程的，不可能立马症状就消失的奥！",
            "label": "OOOOOBOOOOOOOOOOOOOOOOOOOOOOOOOOOOOOOOOOOOOOOOOOOOOBIOOOOOOOOOOOOOOOOOOOOOOOOOOOOOOOOOOOOOOOOOOOOOOOOOOO",
            "normalized": [
                "痰",
                "痰"
            ],
            "type": [
                "3",
                "1"
            ]
        },
        {
            "speaker": "患者",
            "sentence": "一次半只，一天三次吗？",
            "label": "OOOOOOOOOOO",
            "normalized": [],
            "type": []
        },
        {
            "speaker": "医生",
            "sentence": "宝贝目前的话炎症渗出来了，主要是排痰的一个过程的奥，可以先喝着面诊医生的用药，按时按量服用就可以，观察一下咳嗽症状缓解情况",
            "label": "OOOOOOOOOOOOOOOOOBOOOOOOOOOOOOOOOOOOOOOOOOOOOOOOOOOOOBIOOOOOO",
            "normalized": [
                "痰",
                "咳嗽"
            ],
            "type": [
                "3",
                "1"
            ]
        },
        {
            "speaker": "患者",
            "sentence": "嗯好的谢谢",
            "label": "OOOOO",
            "normalized": [],
            "type": []
        },
        {
            "speaker": "医生",
            "sentence": "嗯嗯这个药得根据宝贝具体情况和体重，按时医生的医嘱积极配合医生的治疗的奥！多喝点温水多给宝贝拍背",
            "label": "OOOOOOOOOOOOOOOOOOOOOOOOOOOOOOOOOOOOOOOOOOOOOOOO",
            "normalized": [],
            "type": []
        },
        {
            "speaker": "患者",
            "sentence": "想问问，宝宝平时尿也挺多，对感冒也有好处的吧",
            "label": "OOOOOOOOOOOOOOOOOOOOOO",
            "normalized": [],
            "type": []
        },
        {
            "speaker": "医生",
            "sentence": "嗯嗯，多给宝贝喝点温水！正常尿量就可以的",
            "label": "OOOOOOOOOOOOOOOOOOOO",
            "normalized": [],
            "type": []
        },
        {
            "speaker": "患者",
            "sentence": "好的",
            "label": "OO",
            "normalized": [],
            "type": []
        },
        {
            "speaker": "医生",
            "sentence": "目前的话病情比较稳定，您可以给宝贝按时服用医生的药物，一定注意以上注意事项奥，有问题及时就医就可以了",
            "label": "OOOOOOOOOOOOOOOOOOOOOOOOOOOOOOOOOOOOOOOOOOOOOOOOOO",
            "normalized": [],
            "type": []
        }
    ]
}