{
    "data-split": "train",
    "example-id": "10125221",
    "dialogue-content": [
        {
            "speaker": "医生",
            "sentence": "你好，小孩大便怎么样？",
            "label": "OOOOOOOOOOO",
            "normalized": [],
            "type": []
        },
        {
            "speaker": "医生",
            "sentence": "这几天有感冒吗？",
            "label": "OOOOBIOO",
            "normalized": [
                "普通感冒"
            ],
            "type": [
                "1"
            ]
        },
        {
            "speaker": "患者",
            "sentence": "大便没有以前量多，有一点点流鼻涕",
            "label": "OOOOOOOOOOOOOBII",
            "normalized": [
                "鼻流涕"
            ],
            "type": [
                "1"
            ]
        },
        {
            "speaker": "医生",
            "sentence": "大便干不干？",
            "label": "OOOOOO",
            "normalized": [],
            "type": []
        },
        {
            "speaker": "患者",
            "sentence": "不干",
            "label": "OO",
            "normalized": [],
            "type": []
        },
        {
            "speaker": "患者",
            "sentence": "就是老是说撑，口臭",
            "label": "OOOOOOOBI",
            "normalized": [
                "口臭"
            ],
            "type": [
                "1"
            ]
        },
        {
            "speaker": "医生",
            "sentence": "现在可以有消化不良，积食。",
            "label": "OOOOOBIIIOBIO",
            "normalized": [
                "消化不良",
                "积食"
            ],
            "type": [
                "3",
                "3"
            ]
        },
        {
            "speaker": "医生",
            "sentence": "喉咙红不红？",
            "label": "BIIIIO",
            "normalized": [
                "咽喉炎"
            ],
            "type": [
                "3"
            ]
        },
        {
            "speaker": "患者",
            "sentence": "那应该怎么办",
            "label": "OOOOOO",
            "normalized": [],
            "type": []
        },
        {
            "speaker": "医生",
            "sentence": "可以吃点益生菌和健脾的药。",
            "label": "OOOOOOOOOOOOO",
            "normalized": [],
            "type": []
        },
        {
            "speaker": "患者",
            "sentence": "她一般喉咙发炎会干呕，或者吐，现在没有这些症状",
            "label": "OOOBIIIOBIOOOBOOOOOOOOO",
            "normalized": [
                "咽喉炎",
                "干呕",
                "呕吐"
            ],
            "type": [
                "3",
                "2",
                "2"
            ]
        },
        {
            "speaker": "医生",
            "sentence": "有时候是早期，还没表现出来，最好喉咙看看红不红",
            "label": "OOOOOOOOOOOOOOOOOOOOOOO",
            "normalized": [],
            "type": []
        },
        {
            "speaker": "患者",
            "sentence": "那是不是要去医院看看",
            "label": "OOOOOOOOOO",
            "normalized": [],
            "type": []
        },
        {
            "speaker": "医生",
            "sentence": "你能看到喉咙吗？",
            "label": "OOOOOOOO",
            "normalized": [],
            "type": []
        },
        {
            "speaker": "患者",
            "sentence": "看着也不红呀",
            "label": "OOOOOO",
            "normalized": [],
            "type": []
        },
        {
            "speaker": "医生",
            "sentence": "那么现在就吃点益生菌和健脾的药。",
            "label": "OOOOOOOOOOOOOOOO",
            "normalized": [],
            "type": []
        },
        {
            "speaker": "医生",
            "sentence": "如果喉咙红，就要吃点消炎药。",
            "label": "OOBIIOOOOOOOOO",
            "normalized": [
                "咽喉炎"
            ],
            "type": [
                "3"
            ]
        },
        {
            "speaker": "患者",
            "sentence": "什么名字的药，去药店应该怎么说呢",
            "label": "OOOOOOOOOOOOOOOO",
            "normalized": [],
            "type": []
        },
        {
            "speaker": "患者",
            "sentence": "我感觉应该是积食了",
            "label": "OOOOOOBIO",
            "normalized": [
                "积食"
            ],
            "type": [
                "3"
            ]
        },
        {
            "speaker": "医生",
            "sentence": "培菲康，小儿消食颗粒",
            "label": "OOOOOOOOOO",
            "normalized": [],
            "type": []
        },
        {
            "speaker": "患者",
            "sentence": "好的，谢谢",
            "label": "OOOOO",
            "normalized": [],
            "type": []
        },
        {
            "speaker": "医生",
            "sentence": "不客气。",
            "label": "OOOO",
            "normalized": [],
            "type": []
        },
        {
            "speaker": "医生",
            "sentence": "还有其他问题吗？",
            "label": "OOOOOOOO",
            "normalized": [],
            "type": []
        },
        {
            "speaker": "患者",
            "sentence": "没有了，谢谢",
            "label": "OOOOOO",
            "normalized": [],
            "type": []
        },
        {
            "speaker": "医生",
            "sentence": "很高兴为您提供咨询服务，祝宝宝快乐健康成长！",
            "label": "OOOOOOOOOOOOOOOOOOOOOO",
            "normalized": [],
            "type": []
        },
        {
            "speaker": "医生",
            "sentence": "如果后续有问题可以留言，我看到了，就会回答你。",
            "label": "OOOOOOOOOOOOOOOOOOOOOOO",
            "normalized": [],
            "type": []
        },
        {
            "speaker": "患者",
            "sentence": "好的，谢谢",
            "label": "OOOOO",
            "normalized": [],
            "type": []
        },
        {
            "speaker": "医生",
            "sentence": "你好，现在小孩情况怎么样了？",
            "label": "OOOOOOOOOOOOOO",
            "normalized": [],
            "type": []
        },
        {
            "speaker": "医生",
            "sentence": "肚子胀好点了吗？",
            "label": "BIIOOOOO",
            "normalized": [
                "腹胀"
            ],
            "type": [
                "1"
            ]
        },
        {
            "speaker": "医生",
            "sentence": "不客气，好了就好。",
            "label": "OOOOOOOOO",
            "normalized": [],
            "type": []
        }
    ]
}