{
    "data-split": "train",
    "example-id": "10854229",
    "dialogue-content": [
        {
            "speaker": "医生",
            "sentence": "你好",
            "label": "OO",
            "normalized": [],
            "type": []
        },
        {
            "speaker": "患者",
            "sentence": "你好医生",
            "label": "OOOO",
            "normalized": [],
            "type": []
        },
        {
            "speaker": "医生",
            "sentence": "感冒都是由于病毒感染引起的",
            "label": "BIOOOOBIIIOOO",
            "normalized": [
                "普通感冒",
                "病毒感染"
            ],
            "type": [
                "1",
                "3"
            ]
        },
        {
            "speaker": "患者",
            "sentence": "四岁多儿童感冒喝哪种消炎药比较好一点",
            "label": "OOOOOBIOOOOOOOOOOO",
            "normalized": [
                "普通感冒"
            ],
            "type": [
                "1"
            ]
        },
        {
            "speaker": "医生",
            "sentence": "病毒感染是没有必要吃消炎药的",
            "label": "BIIIOOOOOOOOOO",
            "normalized": [
                "病毒感染"
            ],
            "type": [
                "3"
            ]
        },
        {
            "speaker": "医生",
            "sentence": "如果是细菌感染引起的，需要口服消炎药控制感染，你有没有查血常规啊",
            "label": "OOOBIIIOOOOOOOOOOOOOOOOOOOOOOOOO",
            "normalized": [
                "细菌感染"
            ],
            "type": [
                "3"
            ]
        },
        {
            "speaker": "患者",
            "sentence": "昨晚发烧今早喝了药烧退了",
            "label": "OOBIOOOOOOBO",
            "normalized": [
                "发热",
                "退热"
            ],
            "type": [
                "1",
                "1"
            ]
        },
        {
            "speaker": "医生",
            "sentence": "那这个孩子除了发热还有其他的症状吗",
            "label": "OOOOOOOBIOOOOOOOO",
            "normalized": [
                "发热"
            ],
            "type": [
                "1"
            ]
        },
        {
            "speaker": "患者",
            "sentence": "前两天有一点咳嗽",
            "label": "OOOOOOBI",
            "normalized": [
                "咳嗽"
            ],
            "type": [
                "1"
            ]
        },
        {
            "speaker": "医生",
            "sentence": "现在还有咳嗽的情况吗",
            "label": "OOOOBIOOOO",
            "normalized": [
                "咳嗽"
            ],
            "type": [
                "1"
            ]
        },
        {
            "speaker": "患者",
            "sentence": "今天不咳嗽了",
            "label": "OOOBIO",
            "normalized": [
                "咳嗽"
            ],
            "type": [
                "2"
            ]
        },
        {
            "speaker": "医生",
            "sentence": "有没有流黄鼻涕或者黄痰",
            "label": "OOOBIIIOOBI",
            "normalized": [
                "鼻流涕",
                "痰"
            ],
            "type": [
                "1",
                "1"
            ]
        },
        {
            "speaker": "医生",
            "sentence": "哦，有没有查血常规",
            "label": "OOOOOOOOO",
            "normalized": [],
            "type": []
        },
        {
            "speaker": "患者",
            "sentence": "没有",
            "label": "OO",
            "normalized": [],
            "type": []
        },
        {
            "speaker": "患者",
            "sentence": "秒查",
            "label": "OO",
            "normalized": [],
            "type": []
        },
        {
            "speaker": "医生",
            "sentence": "那孩子的精神状态怎么样",
            "label": "OOOOOOOOOOO",
            "normalized": [],
            "type": []
        },
        {
            "speaker": "患者",
            "sentence": "挺好",
            "label": "OO",
            "normalized": [],
            "type": []
        },
        {
            "speaker": "医生",
            "sentence": "那就应该问题不大的",
            "label": "OOOOOOOOO",
            "normalized": [],
            "type": []
        },
        {
            "speaker": "医生",
            "sentence": "感冒都是由于病毒感染引起的，细菌感染的可能性不是特别的大",
            "label": "BIOOOOBIIIOOOOBIIIOOOOOOOOOO",
            "normalized": [
                "普通感冒",
                "病毒感染",
                "细菌感染"
            ],
            "type": [
                "1",
                "3",
                "3"
            ]
        },
        {
            "speaker": "医生",
            "sentence": "那这个孩子既往体质怎么样？有没有出现反复的呼吸道感染",
            "label": "OOOOOOOOOOOOOOOOOOOOOBIIII",
            "normalized": [
                "呼吸道感染"
            ],
            "type": [
                "1"
            ]
        },
        {
            "speaker": "患者",
            "sentence": "嗯所以想先在家喝点药看看",
            "label": "OOOOOOOOOOOO",
            "normalized": [],
            "type": []
        },
        {
            "speaker": "患者",
            "sentence": "有过反复",
            "label": "OOOO",
            "normalized": [],
            "type": []
        },
        {
            "speaker": "医生",
            "sentence": "可以先给孩子口服药物试试看的",
            "label": "OOOOOOOOOOOOOO",
            "normalized": [],
            "type": []
        },
        {
            "speaker": "医生",
            "sentence": "如果这个孩子反复的出现呼吸道感染，可以口服消炎药预防感染",
            "label": "OOOOOOOOOOOBIIIIOOOOOOOOOOOO",
            "normalized": [
                "呼吸道感染"
            ],
            "type": [
                "1"
            ]
        },
        {
            "speaker": "医生",
            "sentence": "可以选择阿莫西林",
            "label": "OOOOOOOO",
            "normalized": [],
            "type": []
        },
        {
            "speaker": "医生",
            "sentence": "或者是头孢",
            "label": "OOOOO",
            "normalized": [],
            "type": []
        },
        {
            "speaker": "患者",
            "sentence": "家里没消炎药了只有头孢辛酯",
            "label": "OOOOOOOOOOOOO",
            "normalized": [],
            "type": []
        },
        {
            "speaker": "医生",
            "sentence": "头孢呋辛酯也是可以的",
            "label": "OOOOOOOOOO",
            "normalized": [],
            "type": []
        },
        {
            "speaker": "患者",
            "sentence": "早上喝的罗红莓素和小儿氨酚黄那敏颗粒",
            "label": "OOOOOOOOOOOOOOOOOO",
            "normalized": [],
            "type": []
        },
        {
            "speaker": "患者",
            "sentence": "头孢呋辛酯片一次喝多少比较好呢",
            "label": "OOOOOOOOOOOOOOO",
            "normalized": [],
            "type": []
        },
        {
            "speaker": "医生",
            "sentence": "消炎药选择一种就可以了，罗红霉素和头孢呋辛酯都是可以",
            "label": "OOOOOOOOOOOOOOOOOOOOOOOOOO",
            "normalized": [],
            "type": []
        },
        {
            "speaker": "医生",
            "sentence": "头孢呋辛酯是处方药，这个平台不允许我们指导处方用药的剂量，你可以按照说明书口服，实在不好意思",
            "label": "OOOOOOOOOOOOOOOOOOOOOOOOOOOOOOOOOOOOOOOOOOOOOO",
            "normalized": [],
            "type": []
        },
        {
            "speaker": "医生",
            "sentence": "另外还需要给孩子应用清热解毒的药物",
            "label": "OOOOOOOOOOOOOOOOO",
            "normalized": [],
            "type": []
        },
        {
            "speaker": "医生",
            "sentence": "非选择小儿柴桂退热颗粒，小儿双金口服液",
            "label": "OOOOOOOOOOOOOOOOOOO",
            "normalized": [],
            "type": []
        },
        {
            "speaker": "患者",
            "sentence": "好的谢谢医生",
            "label": "OOOOOO",
            "normalized": [],
            "type": []
        },
        {
            "speaker": "医生",
            "sentence": "不客气",
            "label": "OOO",
            "normalized": [],
            "type": []
        },
        {
            "speaker": "医生",
            "sentence": "反复的出现发热，应该到医院进行血常规的检查，明确一下感染的病原体",
            "label": "OOOOOBIOOOOOOOOOOOOOOOOOOOOOOOOO",
            "normalized": [
                "发热"
            ],
            "type": [
                "1"
            ]
        },
        {
            "speaker": "医生",
            "sentence": "这样更有针对性的选择药物进行治疗",
            "label": "OOOOOOOOOOOOOOOO",
            "normalized": [],
            "type": []
        },
        {
            "speaker": "患者",
            "sentence": "嗯好的",
            "label": "OOO",
            "normalized": [],
            "type": []
        },
        {
            "speaker": "医生",
            "sentence": "嗯",
            "label": "O",
            "normalized": [],
            "type": []
        },
        {
            "speaker": "医生",
            "sentence": "呼吸道感染一般有3到4天的高峰期，在这个期间孩子会出现反复的发热，过了高峰期以后症状会逐渐的缓解。",
            "label": "BIIIIOOOOOOOOOOOOOOOOOOOOOOBIIIIOOOOOOOOOOOOOOOOO",
            "normalized": [
                "呼吸道感染",
                "发热"
            ],
            "type": [
                "3",
                "3"
            ]
        },
        {
            "speaker": "医生",
            "sentence": "疾病的治疗总有个过程，不可能一蹴而就的",
            "label": "OOOOOOOOOOOOOOOOOOO",
            "normalized": [],
            "type": []
        },
        {
            "speaker": "患者",
            "sentence": "嗯是的",
            "label": "OOO",
            "normalized": [],
            "type": []
        },
        {
            "speaker": "医生",
            "sentence": "我们用药物只是将高峰期缩短，并不能使高峰期消失",
            "label": "OOOOOOOOOOOOOOOOOOOOOOO",
            "normalized": [],
            "type": []
        },
        {
            "speaker": "患者",
            "sentence": "前两天咳嗽买过一次药喝了好了昨晚上就发热",
            "label": "OOOBIOOOOOOOOOOOOOBI",
            "normalized": [
                "咳嗽",
                "发热"
            ],
            "type": [
                "1",
                "1"
            ]
        },
        {
            "speaker": "医生",
            "sentence": "还是应该考虑呼吸道感染引起的，炎症的刺激，有可能会出现发热，有的孩子还会出现咳嗽",
            "label": "OOOOOOBIIIIOOOOOOOOOOOOOOOOBIOOOOOOOOOBI",
            "normalized": [
                "呼吸道感染",
                "发热",
                "咳嗽"
            ],
            "type": [
                "3",
                "1",
                "1"
            ]
        },
        {
            "speaker": "医生",
            "sentence": "既然这个孩子之前有咳嗽的情况，那就是呼吸道感染的一个表现，现在出现发热应该与炎症刺激有关系",
            "label": "OOOOOOOOOBIOOOOOOOBIIIIOOOOOOOOOOBIOOOOOOOOOO",
            "normalized": [
                "咳嗽",
                "呼吸道感染",
                "发热"
            ],
            "type": [
                "1",
                "3",
                "1"
            ]
        },
        {
            "speaker": "患者",
            "sentence": "嗯是是炎症没完全好",
            "label": "OOOOOOOOO",
            "normalized": [],
            "type": []
        },
        {
            "speaker": "医生",
            "sentence": "是的",
            "label": "OO",
            "normalized": [],
            "type": []
        },
        {
            "speaker": "患者",
            "sentence": "那麻烦医生给讲一下买什么药比较合适",
            "label": "OOOOOOOOOOOOOOOOO",
            "normalized": [],
            "type": []
        },
        {
            "speaker": "患者",
            "sentence": "我想去先买点明天看孩子情况如果不发热就先不去医院看",
            "label": "OOOOOOOOOOOOOOOOBIOOOOOOO",
            "normalized": [
                "发热"
            ],
            "type": [
                "3"
            ]
        },
        {
            "speaker": "医生",
            "sentence": "需要给孩子口服清热解毒的药物，可以选择小儿双金口服液，小儿柴桂退热口服液",
            "label": "OOOOOOOOOOOOOOOOOOOOOOOOOOOOOOOOOOOO",
            "normalized": [],
            "type": []
        },
        {
            "speaker": "医生",
            "sentence": "如果这个孩子仍然有咳嗽，你可以选择小儿清热止咳口服液或者金振口服液，这两种药物除了具有止咳的作用以外，还具有清热解毒的作用",
            "label": "OOOOOOOOOBIOOOOOOOOOOOOOOOOOOOOOOOOOOOOOOOOOOOOOOOOOOOOOOOOOO",
            "normalized": [
                "咳嗽"
            ],
            "type": [
                "1"
            ]
        },
        {
            "speaker": "医生",
            "sentence": "可以起到一举双得的作用",
            "label": "OOOOOOOOOOO",
            "normalized": [],
            "type": []
        },
        {
            "speaker": "患者",
            "sentence": "那消炎药买什么更合适呢",
            "label": "OOOOOOOOOOO",
            "normalized": [],
            "type": []
        },
        {
            "speaker": "医生",
            "sentence": "消炎药选择头孢呋辛酯吧，这个药物就可以了",
            "label": "OOOOOOOOOOOOOOOOOOOO",
            "normalized": [],
            "type": []
        },
        {
            "speaker": "医生",
            "sentence": "只是头孢丙烯，头孢克洛都是可以的",
            "label": "OOOOOOOOOOOOOOOO",
            "normalized": [],
            "type": []
        },
        {
            "speaker": "患者",
            "sentence": "要配点小儿氨酚黄那敏颗粒一起喝吗",
            "label": "OOOOOOOOOOOOOOOO",
            "normalized": [],
            "type": []
        },
        {
            "speaker": "医生",
            "sentence": "嗯，需要给孩子口服氨酚黄那敏颗粒的",
            "label": "OOOOOOOOOOOOOOOOO",
            "normalized": [],
            "type": []
        },
        {
            "speaker": "患者",
            "sentence": "好的谢谢您！",
            "label": "OOOOOO",
            "normalized": [],
            "type": []
        },
        {
            "speaker": "医生",
            "sentence": "不客气",
            "label": "OOO",
            "normalized": [],
            "type": []
        }
    ]
}