{
    "data-split": "train",
    "example-id": "10713643",
    "dialogue-content": [
        {
            "speaker": "医生",
            "sentence": "你好",
            "label": "OO",
            "normalized": [],
            "type": []
        },
        {
            "speaker": "患者",
            "sentence": "你好",
            "label": "OO",
            "normalized": [],
            "type": []
        },
        {
            "speaker": "医生",
            "sentence": "宝宝发热几天了",
            "label": "OOBIOOO",
            "normalized": [
                "发热"
            ],
            "type": [
                "1"
            ]
        },
        {
            "speaker": "患者",
            "sentence": "今天3天开始",
            "label": "OOOOOO",
            "normalized": [],
            "type": []
        },
        {
            "speaker": "患者",
            "sentence": "已经两天了",
            "label": "OOOOO",
            "normalized": [],
            "type": []
        },
        {
            "speaker": "医生",
            "sentence": "宝宝除了发热还有什么症状？",
            "label": "OOOOBIOOOOOOO",
            "normalized": [
                "发热"
            ],
            "type": [
                "1"
            ]
        },
        {
            "speaker": "患者",
            "sentence": "大便比之前次数多",
            "label": "OOOOOOOO",
            "normalized": [],
            "type": []
        },
        {
            "speaker": "医生",
            "sentence": "有没有流鼻涕，打喷嚏咳嗽鼻塞等症状",
            "label": "OOOBIIOBIIBIBIOOO",
            "normalized": [
                "鼻流涕",
                "打喷嚏",
                "咳嗽",
                "鼻塞"
            ],
            "type": [
                "3",
                "3",
                "3",
                "3"
            ]
        },
        {
            "speaker": "患者",
            "sentence": "没有感冒之类的，家里也没有人感冒",
            "label": "OOBIOOOOOOOOOOOO",
            "normalized": [
                "普通感冒"
            ],
            "type": [
                "2"
            ]
        },
        {
            "speaker": "患者",
            "sentence": "没有",
            "label": "OO",
            "normalized": [],
            "type": []
        },
        {
            "speaker": "患者",
            "sentence": "",
            "label": "",
            "normalized": [],
            "type": []
        },
        {
            "speaker": "患者",
            "sentence": "这是化验血结果",
            "label": "OOOOOOO",
            "normalized": [],
            "type": []
        },
        {
            "speaker": "医生",
            "sentence": "在当地医院检查宝宝咽喉部有没有红肿？",
            "label": "OOOOOOOOOBIIIIIIIO",
            "normalized": [
                "咽喉炎"
            ],
            "type": [
                "3"
            ]
        },
        {
            "speaker": "患者",
            "sentence": "医生没看",
            "label": "OOOO",
            "normalized": [],
            "type": []
        },
        {
            "speaker": "患者",
            "sentence": "可能是看了看舌苔",
            "label": "OOOOOOOO",
            "normalized": [],
            "type": []
        },
        {
            "speaker": "患者",
            "sentence": "医生说病毒性",
            "label": "OOOBII",
            "normalized": [
                "病毒感染"
            ],
            "type": [
                "3"
            ]
        },
        {
            "speaker": "医生",
            "sentence": "当地医生考虑是什么情况？应用的什么药物？",
            "label": "OOOOOOOOOOOOOOOOOOOO",
            "normalized": [],
            "type": []
        },
        {
            "speaker": "患者",
            "sentence": "雾化，吃的药",
            "label": "OOOOOO",
            "normalized": [],
            "type": []
        },
        {
            "speaker": "医生",
            "sentence": "可以发一下药物的名称吗？",
            "label": "OOOOOOOOOOOO",
            "normalized": [],
            "type": []
        },
        {
            "speaker": "患者",
            "sentence": "阿霉奇素，和退烧",
            "label": "OOOOOOBI",
            "normalized": [
                "退热"
            ],
            "type": [
                "3"
            ]
        },
        {
            "speaker": "患者",
            "sentence": "复方锌布颗粒剂",
            "label": "OOOOOOO",
            "normalized": [],
            "type": []
        },
        {
            "speaker": "医生",
            "sentence": "从化验单分析，宝宝的白细胞正常，考虑病毒感染。",
            "label": "OOOOOOOOOOOOOOOOOOBIIIO",
            "normalized": [
                "病毒感染"
            ],
            "type": [
                "3"
            ]
        },
        {
            "speaker": "患者",
            "sentence": "小儿氨酚黄那敏颗粒",
            "label": "OOOOOOOOO",
            "normalized": [],
            "type": []
        },
        {
            "speaker": "患者",
            "sentence": "就这三种",
            "label": "OOOO",
            "normalized": [],
            "type": []
        },
        {
            "speaker": "患者",
            "sentence": "那这样用药几天能有效",
            "label": "OOOOOOOOOO",
            "normalized": [],
            "type": []
        },
        {
            "speaker": "医生",
            "sentence": "首先我给你解释一下这个发热，发热一般是由于病毒，细菌侵犯机体后，机体的免疫系统进行排斥，从而产生了发热的症状。",
            "label": "OOOOOOOOOOOBIOBIOOOOOOOOOOOOOOOOOOOOOOOOOOOOOOOOOBIOOOO",
            "normalized": [
                "发热",
                "发热",
                "发热"
            ],
            "type": [
                "1",
                "1",
                "1"
            ]
        },
        {
            "speaker": "患者",
            "sentence": "刚喂了药，还没退呢，眉头还热",
            "label": "OOOOOOBIOOOOOO",
            "normalized": [
                "退热"
            ],
            "type": [
                "1"
            ]
        },
        {
            "speaker": "患者",
            "sentence": "我们该怎么治疗",
            "label": "OOOOOOO",
            "normalized": [],
            "type": []
        },
        {
            "speaker": "医生",
            "sentence": "发热是一种保护性症状，当体温在38度5以内，可以温水物理降温，超过38.5度，需要应用退热药物。",
            "label": "BIOOOOOOOOOOOOOOOOOOOOOOOOOOOOOOOOOOOOOOOOOOOOOO",
            "normalized": [
                "发热"
            ],
            "type": [
                "1"
            ]
        },
        {
            "speaker": "患者",
            "sentence": "今天是38.5给吃了药",
            "label": "OOOOOOOOOOO",
            "normalized": [],
            "type": []
        },
        {
            "speaker": "患者",
            "sentence": "目前今天是最高的温度",
            "label": "OOOOOOOOOO",
            "normalized": [],
            "type": []
        },
        {
            "speaker": "医生",
            "sentence": "一般退热药物的起效，在半小时到一小时之间",
            "label": "OOOOOOOOOOOOOOOOOOOO",
            "normalized": [],
            "type": []
        },
        {
            "speaker": "医生",
            "sentence": "服用退热药后，需要多喝水，因为退热药物，可以，导致多汗现象，需要及时的补充水分。",
            "label": "OOOOOOOOOOOOOOOOOOOOOOOOOBIOOOOOOOOOOOOO",
            "normalized": [
                "出汗"
            ],
            "type": [
                "3"
            ]
        },
        {
            "speaker": "患者",
            "sentence": "每天晚上不烧，每天早上醒来了就会发热",
            "label": "OOOOBIOOOOOOOOOOBI",
            "normalized": [
                "发热",
                "发热"
            ],
            "type": [
                "2",
                "1"
            ]
        },
        {
            "speaker": "患者",
            "sentence": "她吃母乳，也得多喝水是吧",
            "label": "OOOOOOOOOOOO",
            "normalized": [],
            "type": []
        },
        {
            "speaker": "医生",
            "sentence": "是的。",
            "label": "OOO",
            "normalized": [],
            "type": []
        },
        {
            "speaker": "患者",
            "sentence": "好的",
            "label": "OO",
            "normalized": [],
            "type": []
        },
        {
            "speaker": "患者",
            "sentence": "我们吃这个药可以吗",
            "label": "OOOOOOOOO",
            "normalized": [],
            "type": []
        },
        {
            "speaker": "患者",
            "sentence": "这三种",
            "label": "OOO",
            "normalized": [],
            "type": []
        },
        {
            "speaker": "患者",
            "sentence": "复方锌布颗粒剂，小儿氨酚黄那敏颗粒，阿霉奇素",
            "label": "OOOOOOOOOOOOOOOOOOOOOO",
            "normalized": [],
            "type": []
        },
        {
            "speaker": "医生",
            "sentence": "可以的，这三种药物应用的很合理。阿奇霉素预防感染，小儿黄那敏颗粒，对症治疗上呼吸道感染症状，锌布颗粒有退热作用。",
            "label": "OOOOOOOOOOOOOOOOOOOOOOOOOOOOOOOOOOOOOBIIIIIOOOOOOOOOOOOO",
            "normalized": [
                "上呼吸道感染"
            ],
            "type": [
                "3"
            ]
        },
        {
            "speaker": "患者",
            "sentence": "那我们接着吃吧",
            "label": "OOOOOOO",
            "normalized": [],
            "type": []
        },
        {
            "speaker": "患者",
            "sentence": "一般这个症状几天会好",
            "label": "OOOOOOOOOO",
            "normalized": [],
            "type": []
        },
        {
            "speaker": "医生",
            "sentence": "一般病程在一周左右，发热，反复在3-5天。",
            "label": "OOOOOOOOOOBIOOOOOOOOO",
            "normalized": [
                "发热"
            ],
            "type": [
                "1"
            ]
        },
        {
            "speaker": "医生",
            "sentence": "个人建议加用清热解毒药物，比如小儿清热宁。",
            "label": "OOOOOOOOOOOOOOOOOOOOO",
            "normalized": [],
            "type": []
        },
        {
            "speaker": "患者",
            "sentence": "好的，我去了问问医生那有没有",
            "label": "OOOOOOOOOOOOOO",
            "normalized": [],
            "type": []
        },
        {
            "speaker": "医生",
            "sentence": "好的",
            "label": "OO",
            "normalized": [],
            "type": []
        },
        {
            "speaker": "患者",
            "sentence": "谢谢你的服务",
            "label": "OOOOOO",
            "normalized": [],
            "type": []
        },
        {
            "speaker": "医生",
            "sentence": "不用客气。病毒感染引起的发烧是很常见的，不要过于担心。注意多喝水，注意预防着凉，以免加重病情。",
            "label": "OOOOOBIIIOOOBIOOOOOOOOOOOOOOOOOOOOOOOOOOOOOOOOO",
            "normalized": [
                "病毒感染",
                "发热"
            ],
            "type": [
                "3",
                "1"
            ]
        },
        {
            "speaker": "患者",
            "sentence": "开空调没事吧",
            "label": "OOOOOO",
            "normalized": [],
            "type": []
        },
        {
            "speaker": "患者",
            "sentence": "最近温度比较高",
            "label": "OOOOOOO",
            "normalized": [],
            "type": []
        },
        {
            "speaker": "医生",
            "sentence": "再就是，注意观察宝宝的精神状况，如果宝宝精神差，或者吃饮食不好，需要及时的到公立医院儿科复查。",
            "label": "OOOOOOOOOOOOOOOOOOOOBIIOOOOOOOOOOOOOOOOOOOOOOOO",
            "normalized": [
                "精神软"
            ],
            "type": [
                "3"
            ]
        },
        {
            "speaker": "患者",
            "sentence": "28度29度",
            "label": "OOOOOO",
            "normalized": [],
            "type": []
        },
        {
            "speaker": "患者",
            "sentence": "好的",
            "label": "OO",
            "normalized": [],
            "type": []
        },
        {
            "speaker": "医生",
            "sentence": "因为病毒感染引起的上呼吸道感染，有合并支气管炎，心肌炎可能。",
            "label": "OOBIIIOOOBIIIIIOOOOBIIIOOOOOOO",
            "normalized": [
                "病毒感染",
                "上呼吸道感染",
                "支气管炎"
            ],
            "type": [
                "3",
                "3",
                "3"
            ]
        },
        {
            "speaker": "医生",
            "sentence": "可以开空调，温度不要调得太低。不要直吹宝宝。",
            "label": "OOOOOOOOOOOOOOOOOOOOOO",
            "normalized": [],
            "type": []
        },
        {
            "speaker": "患者",
            "sentence": "恩",
            "label": "O",
            "normalized": [],
            "type": []
        },
        {
            "speaker": "患者",
            "sentence": "我就是担心，不放心",
            "label": "OOOOOOOOO",
            "normalized": [],
            "type": []
        },
        {
            "speaker": "患者",
            "sentence": "谢谢",
            "label": "OO",
            "normalized": [],
            "type": []
        },
        {
            "speaker": "医生",
            "sentence": "这就是温水物理降温时，擦拭宝宝的额头，颈部，四肢。",
            "label": "OOOOOOOOOOOOOOOOOOOOOOOOO",
            "normalized": [],
            "type": []
        },
        {
            "speaker": "医生",
            "sentence": "不用客气，祝宝宝早日康复，健康成长。",
            "label": "OOOOOOOOOOOOOOOOOO",
            "normalized": [],
            "type": []
        },
        {
            "speaker": "患者",
            "sentence": "谢谢",
            "label": "OO",
            "normalized": [],
            "type": []
        },
        {
            "speaker": "医生",
            "sentence": "您再有任何问题可以随时和我联系或留言，我看到后会第一时间回复。",
            "label": "OOOOOOOOOOOOOOOOOOOOOOOOOOOOOOO",
            "normalized": [],
            "type": []
        },
        {
            "speaker": "医生",
            "sentence": "再次找之前医生复诊方法：【点击“首页”-“康复记录”-找到医生，进去后点击“再次咨询“并留言】",
            "label": "OOOOOOOOOOOOOOOOOOOOOOOOOOOOOOOOOOOOOOOOOOOOOOO",
            "normalized": [],
            "type": []
        },
        {
            "speaker": "患者",
            "sentence": "好的",
            "label": "OO",
            "normalized": [],
            "type": []
        },
        {
            "speaker": "医生",
            "sentence": "有事随时联系，再见。",
            "label": "OOOOOOOOOO",
            "normalized": [],
            "type": []
        },
        {
            "speaker": "患者",
            "sentence": "再见",
            "label": "OO",
            "normalized": [],
            "type": []
        }
    ]
}