{
    "data-split": "train",
    "example-id": "10772095",
    "dialogue-content": [
        {
            "speaker": "医生",
            "sentence": "您好，宝宝目前体温多少？",
            "label": "OOOOOOOOOOOO",
            "normalized": [],
            "type": []
        },
        {
            "speaker": "患者",
            "sentence": "37.8",
            "label": "BIII",
            "normalized": [
                "低热"
            ],
            "type": [
                "1"
            ]
        },
        {
            "speaker": "医生",
            "sentence": "体温在38.5℃以下可以适当喂水，温水擦浴物理降温就可",
            "label": "OOOOOOOOOOOOOOOOOOOOOOOOOOO",
            "normalized": [],
            "type": []
        },
        {
            "speaker": "医生",
            "sentence": "目前身上有汗吗？",
            "label": "OOOOBIOO",
            "normalized": [
                "出汗"
            ],
            "type": [
                "2"
            ]
        },
        {
            "speaker": "医生",
            "sentence": "发热处理选择，38.5℃以上可以口服退烧药，38.5℃以下温水擦浴物理降温。如果发热不退退烧药物服用需要间隔开4-6小时",
            "label": "BIOOOOOOOOOOOOOOOOOOOOOOOOOOOOOOOOOOOOOOBIOOOOOOOOOOOOOOOOOO",
            "normalized": [
                "发热",
                "发热"
            ],
            "type": [
                "1",
                "1"
            ]
        },
        {
            "speaker": "患者",
            "sentence": "是的，昨晚去医院检查，化验了小血，今晚一直没有退烧明天还要去化验吗",
            "label": "OOOOOOOOOOOOOOOOOOOOOOOOOOOOOOOOO",
            "normalized": [],
            "type": []
        },
        {
            "speaker": "患者",
            "sentence": "没有汗",
            "label": "OOB",
            "normalized": [
                "出汗"
            ],
            "type": [
                "2"
            ]
        },
        {
            "speaker": "患者",
            "sentence": "",
            "label": "",
            "normalized": [],
            "type": []
        },
        {
            "speaker": "医生",
            "sentence": "刚化验血常规不需频繁化验。",
            "label": "OOOOOOOOOOOOO",
            "normalized": [],
            "type": []
        },
        {
            "speaker": "医生",
            "sentence": "查体有问题吗？又嗓子发红吗？",
            "label": "OOOOOOOOBIIIOO",
            "normalized": [
                "咽喉炎"
            ],
            "type": [
                "3"
            ]
        },
        {
            "speaker": "医生",
            "sentence": "宝宝除了发热还有其他不适症状吗？",
            "label": "OOOOBIOOOOOOOOOO",
            "normalized": [
                "发热"
            ],
            "type": [
                "1"
            ]
        },
        {
            "speaker": "患者",
            "sentence": "好的，谢谢，就是没有38.5以上一直不退烧也可以吃药是吗",
            "label": "OOOOOOOOOOOOOOOOOOOBIOOOOOOO",
            "normalized": [
                "退热"
            ],
            "type": [
                "3"
            ]
        },
        {
            "speaker": "患者",
            "sentence": "没有其他症状",
            "label": "OOOOOO",
            "normalized": [],
            "type": []
        },
        {
            "speaker": "医生",
            "sentence": "不超过38.5℃不需要口服退烧药物",
            "label": "OOOOOOOOOOOOOOOOO",
            "normalized": [],
            "type": []
        },
        {
            "speaker": "患者",
            "sentence": "嗓子红",
            "label": "BII",
            "normalized": [
                "咽喉炎"
            ],
            "type": [
                "1"
            ]
        },
        {
            "speaker": "医生",
            "sentence": "目前除了退烧药有服用什么药物？",
            "label": "OOOOOOOOOOOOOOO",
            "normalized": [],
            "type": []
        },
        {
            "speaker": "患者",
            "sentence": "他现在一直处在37.8-38的体温，一直不退",
            "label": "OOOOOOOBIIIIIIOOOOOOOO",
            "normalized": [
                "低热"
            ],
            "type": [
                "1"
            ]
        },
        {
            "speaker": "患者",
            "sentence": "清热解毒颗粒",
            "label": "OOOOOO",
            "normalized": [],
            "type": []
        },
        {
            "speaker": "患者",
            "sentence": "还有服用清热解毒颗粒",
            "label": "OOOOOOOOOO",
            "normalized": [],
            "type": []
        },
        {
            "speaker": "医生",
            "sentence": "血常规白细胞正常，c反应蛋白增高提示混合感染可能。结合查体嗓子红，多是上呼吸道感染引起",
            "label": "OOOOOOOOOOOOOOOOOOOOOOOOOOOOOBIIOOOBIIIIIOO",
            "normalized": [
                "咽喉炎",
                "上呼吸道感染"
            ],
            "type": [
                "1",
                "3"
            ]
        },
        {
            "speaker": "医生",
            "sentence": "可以给予清热利咽治疗，注意适当勤喂水，清淡易消化饮食",
            "label": "OOOOOOOOOOOOOOOOOOOOOOOOOO",
            "normalized": [],
            "type": []
        },
        {
            "speaker": "患者",
            "sentence": "哦，谢谢，他小时候得过2-3次支气管肺炎",
            "label": "OOOOOOOOOOOOOOOBIIII",
            "normalized": [
                "支气管肺炎"
            ],
            "type": [
                "1"
            ]
        },
        {
            "speaker": "患者",
            "sentence": "好的，谢谢医生",
            "label": "OOOOOOO",
            "normalized": [],
            "type": []
        },
        {
            "speaker": "医生",
            "sentence": "一般发热2-3天，感染控制后体温会逐渐恢复",
            "label": "OOBIOOOOOOOOOOOOOOOOO",
            "normalized": [
                "发热"
            ],
            "type": [
                "1"
            ]
        },
        {
            "speaker": "患者",
            "sentence": "好的，什么情况下我需要去就医呢",
            "label": "OOOOOOOOOOOOOOO",
            "normalized": [],
            "type": []
        },
        {
            "speaker": "医生",
            "sentence": "恩，孩子小，上呼吸道感染控制不好确实会感染下行引起支气管炎或肺炎，所以注意宝宝体温正常时如果精神不好，3-4天后任何反复发热",
            "label": "OOOOOOBIIIIIOOOOOOOOOOOOOBIIIOBIOOOOOOOOOOOOOOBIIIOOOOOOOOOOBI",
            "normalized": [
                "上呼吸道感染",
                "支气管炎",
                "肺炎",
                "精神软",
                "发热"
            ],
            "type": [
                "3",
                "3",
                "3",
                "3",
                "1"
            ]
        },
        {
            "speaker": "患者",
            "sentence": "昨天本来要挂水的，血管一直找不到，小孩子哭到不行，后来就放弃了，配了药回来吃的",
            "label": "OOOOOOOOOOOOOOOOOOOOOOOOOOOOOOOOOOOOOOO",
            "normalized": [],
            "type": []
        },
        {
            "speaker": "患者",
            "sentence": "医生还开了口服抗生素",
            "label": "OOOOOOOOOO",
            "normalized": [],
            "type": []
        },
        {
            "speaker": "医生",
            "sentence": "咳嗽等现象需要及时就诊",
            "label": "BIOOOOOOOOO",
            "normalized": [
                "咳嗽"
            ],
            "type": [
                "3"
            ]
        },
        {
            "speaker": "患者",
            "sentence": "昨晚没吃，这个在什么情况下需要吃呢",
            "label": "OOOOOOOOOOOOOOOOO",
            "normalized": [],
            "type": []
        },
        {
            "speaker": "医生",
            "sentence": "恩，c反应蛋白增高提示混合喂养就是说病毒感染合并细菌感染可能，所以大夫开的药物可以安顿口服",
            "label": "OOOOOOOOOOOOOOOOOOBIIIOOOOOOOOOOOOOOOOOOOOOOO",
            "normalized": [
                "病毒感染"
            ],
            "type": [
                "3"
            ]
        },
        {
            "speaker": "医生",
            "sentence": "只是退烧药发热时，体温大于38.5℃时再服用",
            "label": "OOOOOOOOOOOOOOOOOOOOOO",
            "normalized": [],
            "type": []
        },
        {
            "speaker": "患者",
            "sentence": "哦，好的，抗生素也要吃是吧",
            "label": "OOOOOOOOOOOOO",
            "normalized": [],
            "type": []
        },
        {
            "speaker": "患者",
            "sentence": "谢谢",
            "label": "OO",
            "normalized": [],
            "type": []
        },
        {
            "speaker": "医生",
            "sentence": "恩，不客气",
            "label": "OOOOO",
            "normalized": [],
            "type": []
        },
        {
            "speaker": "患者",
            "sentence": "这么晚打扰您，非常感谢",
            "label": "OOOOOOOOOOO",
            "normalized": [],
            "type": []
        },
        {
            "speaker": "医生",
            "sentence": "注意近日适当喂水促进代谢，清淡易消化饮食。不客气。",
            "label": "OOOOOOOOOOOOOOOOOOOOOOOOO",
            "normalized": [],
            "type": []
        },
        {
            "speaker": "医生",
            "sentence": "祝宝宝早日康复",
            "label": "OOOOOOO",
            "normalized": [],
            "type": []
        },
        {
            "speaker": "医生",
            "sentence": "还有问题吗？",
            "label": "OOOOOO",
            "normalized": [],
            "type": []
        },
        {
            "speaker": "患者",
            "sentence": "没有了，谢谢",
            "label": "OOOOOO",
            "normalized": [],
            "type": []
        }
    ]
}