{
    "data-split": "train",
    "example-id": "10506667",
    "dialogue-content": [
        {
            "speaker": "医生",
            "sentence": "为了更好的提供服务，我需要询问您几个与病症相关的问题，感谢您配合。",
            "label": "OOOOOOOOOOOOOOOOOOOOOOOOOOOOOOOOO",
            "normalized": [],
            "type": []
        },
        {
            "speaker": "医生",
            "sentence": "你好，宝宝精神食欲怎么样，大便次数多吗，大便形状如何",
            "label": "OOOOOOOOOOOOOOOOOOOOOOOOOO",
            "normalized": [],
            "type": []
        },
        {
            "speaker": "患者",
            "sentence": "一般都吃完就睡，大便形状也还行，金黄色的",
            "label": "OOOOOOOOOOOOOOOOOOOO",
            "normalized": [],
            "type": []
        },
        {
            "speaker": "医生",
            "sentence": "宝妈妈有没有吃的比较油腻",
            "label": "OOOOOOOOOOOO",
            "normalized": [],
            "type": []
        },
        {
            "speaker": "患者",
            "sentence": "稍微有点，而且今天宝宝大便还没拉",
            "label": "OOOOOOOOOOOOOOOO",
            "normalized": [],
            "type": []
        },
        {
            "speaker": "医生",
            "sentence": "考虑宝宝有点消化不良，宝妈妈暂时不要吃过多的油腻食物，宝宝精神食欲都没问题，考虑问题不大，暂时可以给宝宝吃点妈咪爱调节下胃肠道功能，一次半包，一天2次，一般2-3天就会缓解的",
            "label": "OOOOOOBIIIOOOOOOOOOOOOOOOOOOOOOOOOOOOOOOOOOOOOOOOOOOOOOOOOOOOOOOOOOOOOOOOOOOOOOOOOOOOOO",
            "normalized": [
                "消化不良"
            ],
            "type": [
                "3"
            ]
        },
        {
            "speaker": "医生",
            "sentence": "宝宝今天还没拉，考虑是囤便了，可以给予腹部顺时针按摩促进宝宝胃肠蠕动，从而排便，围绕脐周顺时针按摩，一次50-00下，一天2次",
            "label": "OOOOOOOOOOOOOOOOOOOOOOOOOOOOOOOOOOOOOOOOOOOOOOOOOOOOOOOOOOOOOOO",
            "normalized": [],
            "type": []
        },
        {
            "speaker": "医生",
            "sentence": "如果出现呕吐，腹胀明显，或者异常哭闹，需及时到二甲以上医院儿科就诊查明原因",
            "label": "OOOOBIOBIOOOOOOOBIOOOOOOOOOOOOOOOOOOO",
            "normalized": [
                "呕吐",
                "腹胀",
                "哭闹"
            ],
            "type": [
                "3",
                "3",
                "3"
            ]
        },
        {
            "speaker": "医生",
            "sentence": "还有其他需要帮助的嘛",
            "label": "OOOOOOOOOO",
            "normalized": [],
            "type": []
        },
        {
            "speaker": "患者",
            "sentence": "我想问下宝宝吐奶和打嗝是什么原因",
            "label": "OOOOOOBIOBIOOOOO",
            "normalized": [
                "呕吐",
                "呃逆"
            ],
            "type": [
                "1",
                "1"
            ]
        },
        {
            "speaker": "患者",
            "sentence": "妈咪爱跟鱼甘油能一起吃么？",
            "label": "OOOOOOOOOOOOO",
            "normalized": [],
            "type": []
        },
        {
            "speaker": "医生",
            "sentence": "宝宝吐奶频繁吗，是喷射性呕吐吗，一般吃完奶多长时间吐奶",
            "label": "OOBIOOOOOOOOBIOOOOOOOOOOOBI",
            "normalized": [
                "呕吐",
                "呕吐",
                "呕吐"
            ],
            "type": [
                "1",
                "1",
                "1"
            ]
        },
        {
            "speaker": "医生",
            "sentence": "鱼肝油属于油性制剂，在喂完奶后立即吃效果比较好。",
            "label": "OOOOOOOOOOOOOOOOOOOOOOOO",
            "normalized": [],
            "type": []
        },
        {
            "speaker": "医生",
            "sentence": "妈咪爱一般在两餐之间吃效果比较好",
            "label": "OOOOOOOOOOOOOOOO",
            "normalized": [],
            "type": []
        },
        {
            "speaker": "患者",
            "sentence": "就喝完奶那会儿吐一点",
            "label": "OOOOOOOBOO",
            "normalized": [
                "呕吐"
            ],
            "type": [
                "1"
            ]
        },
        {
            "speaker": "医生",
            "sentence": "这两种药会隔开一段时间的",
            "label": "OOOOOOOOOOOO",
            "normalized": [],
            "type": []
        },
        {
            "speaker": "医生",
            "sentence": "那问题不大，宝宝吐奶为轻度，与宝宝年龄太小有关，宝宝是水平胃，再加上白班胃食管功能发育不完善，吃完后奶容易从胃食管倒流有关，这属于正常的生理性吐奶。",
            "label": "OOOOOOOOBIOOOOOOOOOOOOOOOOOOOOOOOOOOOOOOOOOOOOOOOOOOOOOOOOOOOOOOOOOOOOOBIO",
            "normalized": [
                "呕吐",
                "呕吐"
            ],
            "type": [
                "1",
                "1"
            ]
        },
        {
            "speaker": "患者",
            "sentence": "好的，谢谢",
            "label": "OOOOO",
            "normalized": [],
            "type": []
        },
        {
            "speaker": "医生",
            "sentence": "缓解办法:宝宝吃奶时注意别吃进气去，吃完后上身稍倾斜30°抱20-30分钟，拍拍后背打个嗝就会缓解的",
            "label": "OOOOOOOOOOOOOOOOOOOOOOOOOOOOOOOOOOOOOOOOOOOOOOOOOO",
            "normalized": [],
            "type": []
        },
        {
            "speaker": "医生",
            "sentence": "如果宝宝发生吐奶，一定不要慌张，立即将宝宝头侧到一边，把口中和鼻腔里的奶清理出来，避免奶误吸入气管和肺里，导致窒息",
            "label": "OOOOOOBIOOOOOOOOOOOOOOOOOOOOOOOOOOOOOOOOOOOOOOOOOOOOOOOOO",
            "normalized": [
                "呕吐"
            ],
            "type": [
                "1"
            ]
        },
        {
            "speaker": "医生",
            "sentence": "如果出现吐奶频繁或者喷射性呕吐，考虑宝宝有胃食管疾病的可能，需要及时到二甲以上医院儿科就诊。",
            "label": "OOOOBIOOOOOOOBIOOOOOOOOOOOOOOOOOOOOOOOOOOOOOOO",
            "normalized": [
                "呕吐",
                "呕吐"
            ],
            "type": [
                "1",
                "1"
            ]
        },
        {
            "speaker": "医生",
            "sentence": "不客气，祝宝宝健康成长，祝您天天有个好心情，问题结束后，请根据系统提示，给予评价，谢谢",
            "label": "OOOOOOOOOOOOOOOOOOOOOOOOOOOOOOOOOOOOOOOOOOO",
            "normalized": [],
            "type": []
        }
    ]
}