{
    "data-split": "train",
    "example-id": "10534184",
    "dialogue-content": [
        {
            "speaker": "医生",
            "sentence": "你好",
            "label": "OO",
            "normalized": [],
            "type": []
        },
        {
            "speaker": "医生",
            "sentence": "在吗",
            "label": "OO",
            "normalized": [],
            "type": []
        },
        {
            "speaker": "患者",
            "sentence": "在",
            "label": "O",
            "normalized": [],
            "type": []
        },
        {
            "speaker": "患者",
            "sentence": "您好",
            "label": "OO",
            "normalized": [],
            "type": []
        },
        {
            "speaker": "医生",
            "sentence": "这个孩子在发热之前有没有受凉的情况？家里的大人有没有呼吸道感染的情况",
            "label": "OOOOOBIOOOOOOOOOOOOOOOOOOOOOOOOOOO",
            "normalized": [
                "发热"
            ],
            "type": [
                "1"
            ]
        },
        {
            "speaker": "医生",
            "sentence": "如果血常规的检查结果是正常的，那需要考虑病毒感染的可能",
            "label": "OOOOOOOOOOOOOOOOOOOOBIIIOOO",
            "normalized": [
                "病毒感染"
            ],
            "type": [
                "3"
            ]
        },
        {
            "speaker": "患者",
            "sentence": "之前有感冒",
            "label": "OOOBI",
            "normalized": [
                "普通感冒"
            ],
            "type": [
                "1"
            ]
        },
        {
            "speaker": "医生",
            "sentence": "如果这个孩子有感冒的情况，可能会出现发热的",
            "label": "OOOOOOOBIOOOOOOOOOBIO",
            "normalized": [
                "普通感冒",
                "发热"
            ],
            "type": [
                "1",
                "1"
            ]
        },
        {
            "speaker": "患者",
            "sentence": "流鼻涕有十来天",
            "label": "BIIOOOO",
            "normalized": [
                "鼻流涕"
            ],
            "type": [
                "1"
            ]
        },
        {
            "speaker": "患者",
            "sentence": "那怎么办",
            "label": "OOOO",
            "normalized": [],
            "type": []
        },
        {
            "speaker": "医生",
            "sentence": "那这个孩子的发热应该考虑呼吸道感染",
            "label": "OOOOOOBIOOOOBIIII",
            "normalized": [
                "发热",
                "呼吸道感染"
            ],
            "type": [
                "1",
                "3"
            ]
        },
        {
            "speaker": "医生",
            "sentence": "呼吸道感染一般有3到4天的高峰期，在这个期间孩子会出现反复的发热，过了高峰期以后症状会逐渐的缓解。",
            "label": "BIIIIOOOOOOOOOOOOOOOOOOOOOOOOOBIOOOOOOOOOOOOOOOOO",
            "normalized": [
                "呼吸道感染",
                "发热"
            ],
            "type": [
                "3",
                "1"
            ]
        },
        {
            "speaker": "医生",
            "sentence": "应该给孩子口服清热解毒的药物，适当的让孩子多喝水，超过38.5度需要给孩子口服退热药物的",
            "label": "OOOOOOOOOOOOOOOOOOOOOOOOOOOOOOOOOOOOOOOOOOOO",
            "normalized": [],
            "type": []
        },
        {
            "speaker": "医生",
            "sentence": "如果说这个孩子精神状态比较好，可以先口服药物观察",
            "label": "OOOOOOOOOOOOOOOOOOOOOOOO",
            "normalized": [],
            "type": []
        },
        {
            "speaker": "患者",
            "sentence": "晚上给他吃小儿柴桂退热颗粒与磷酸奥司他韦颗粒",
            "label": "OOOOOOOOOOOOOOOOOOOOOO",
            "normalized": [],
            "type": []
        },
        {
            "speaker": "医生",
            "sentence": "可以的",
            "label": "OOO",
            "normalized": [],
            "type": []
        },
        {
            "speaker": "医生",
            "sentence": "那这个孩子除了发热以外，还有其他的症状吗",
            "label": "OOOOOOOBIOOOOOOOOOOO",
            "normalized": [
                "发热"
            ],
            "type": [
                "1"
            ]
        },
        {
            "speaker": "患者",
            "sentence": "医生说咽红",
            "label": "OOOBI",
            "normalized": [
                "咽喉炎"
            ],
            "type": [
                "1"
            ]
        },
        {
            "speaker": "医生",
            "sentence": "如果咽部有充血的情况，那就应该考虑呼吸道感染，也就是咱们常说的感冒了。呼吸道感染多是由于病毒或者细菌感染引起的，如果血常规的检查结果是正常的，那就应该考虑病毒感染",
            "label": "OOOOOOOOOOOOOOOOOBIIIIOOOOOOOOOBIOOBIIIIOOOOBIOOBIIIOOOOOOOOOOOOOOOOOOOOOOOOOBIII",
            "normalized": [
                "呼吸道感染",
                "普通感冒",
                "呼吸道感染",
                "病毒感染",
                "细菌感染",
                "病毒感染"
            ],
            "type": [
                "3",
                "3",
                "3",
                "3",
                "3",
                "3"
            ]
        },
        {
            "speaker": "医生",
            "sentence": "需要给孩子口服感冒颗粒和清热解毒的药物",
            "label": "OOOOOOOOOOOOOOOOOOO",
            "normalized": [],
            "type": []
        },
        {
            "speaker": "患者",
            "sentence": "可以吃小儿氨酚黄那敏颗粒吗？",
            "label": "OOOOOOOOOOOOOO",
            "normalized": [],
            "type": []
        },
        {
            "speaker": "医生",
            "sentence": "可以的",
            "label": "OOO",
            "normalized": [],
            "type": []
        },
        {
            "speaker": "患者",
            "sentence": "体温没高可以吃吗？",
            "label": "OOOOOOOOO",
            "normalized": [],
            "type": []
        },
        {
            "speaker": "医生",
            "sentence": "这个孩子现在有没有流鼻涕打喷嚏的情况，如果有上述症状，就可以给孩子口服小儿氨酚黄纳米颗粒",
            "label": "OOOOOOOOOBIIBIIOOOOOOOOOOOOOOOOOOOOOOOOOOOOO",
            "normalized": [
                "鼻流涕",
                "打喷嚏"
            ],
            "type": [
                "2",
                "2"
            ]
        },
        {
            "speaker": "患者",
            "sentence": "没有其它症状。",
            "label": "OOOOOOO",
            "normalized": [],
            "type": []
        },
        {
            "speaker": "患者",
            "sentence": "体温没高也要吃吗？",
            "label": "OOOOOOOOO",
            "normalized": [],
            "type": []
        },
        {
            "speaker": "医生",
            "sentence": "更何况这个孩子现在咽部有充血的情况",
            "label": "OOOOOOOOOBIIIIOOO",
            "normalized": [
                "咽喉炎"
            ],
            "type": [
                "1"
            ]
        },
        {
            "speaker": "医生",
            "sentence": "不是说非的发热才可以口服这个药物",
            "label": "OOOOOBIOOOOOOOOO",
            "normalized": [
                "发热"
            ],
            "type": [
                "1"
            ]
        },
        {
            "speaker": "患者",
            "sentence": "也就是说，药要按时吃是吗？",
            "label": "OOOOOOOOOOOOO",
            "normalized": [],
            "type": []
        },
        {
            "speaker": "医生",
            "sentence": "是的，这个药物应该是每天口服三次",
            "label": "OOOOOOOOOOOOOOOO",
            "normalized": [],
            "type": []
        },
        {
            "speaker": "医生",
            "sentence": "可以吃3到4天，没有任何问题",
            "label": "OOOOOOOOOOOOOO",
            "normalized": [],
            "type": []
        },
        {
            "speaker": "患者",
            "sentence": "哦我们吃吃停停",
            "label": "OOOOOOO",
            "normalized": [],
            "type": []
        },
        {
            "speaker": "医生",
            "sentence": "会导致药物的效果差一些，治疗连续不起来呀",
            "label": "OOOOOOOOOOOOOOOOOOOO",
            "normalized": [],
            "type": []
        },
        {
            "speaker": "患者",
            "sentence": "嗯",
            "label": "O",
            "normalized": [],
            "type": []
        },
        {
            "speaker": "医生",
            "sentence": "即便这个孩子所有的症状都消失了，也需要正规地给孩子口服药物，巩固治疗2到3天",
            "label": "OOOOOOOOOOOOOOOOOOOOOOOOOOOOOOOOOOOOOO",
            "normalized": [],
            "type": []
        },
        {
            "speaker": "患者",
            "sentence": "我看他没有感冒症状，感冒药就没给吃了",
            "label": "OOOOOBIOOOOOOOOOOO",
            "normalized": [
                "普通感冒"
            ],
            "type": [
                "3"
            ]
        },
        {
            "speaker": "患者",
            "sentence": "哦哦还要巩固的啊",
            "label": "OOOOOOOO",
            "normalized": [],
            "type": []
        },
        {
            "speaker": "医生",
            "sentence": "这个年龄段的孩子，如果说出现了感冒的情况，往往就是全身的症状也就是发热，很少有局部的卡他症状，比如说流鼻涕打喷嚏",
            "label": "OOOOOOOOOOOOOOOBIOOOOOOOOOOOOOOOOBIOOOOOOOOOOOOOOOBIIBII",
            "normalized": [
                "普通感冒",
                "发热",
                "鼻流涕",
                "打喷嚏"
            ],
            "type": [
                "3",
                "1",
                "3",
                "3"
            ]
        },
        {
            "speaker": "医生",
            "sentence": "当然需要巩固治疗2到3天呀，不能说症状消失了，就立刻给孩子停药了。",
            "label": "OOOOOOOOOOOOOOOOOOOOOOOOOOOOOOOOO",
            "normalized": [],
            "type": []
        },
        {
            "speaker": "医生",
            "sentence": "症状消失了，说明这个孩子体内的炎症已经控制的差不多了，靠自身的免疫反应，能够清除这些病毒和细菌。但是如果能够继续巩固治疗，2到3天效果会更好",
            "label": "OOOOOOOOOOOOOOOOOOOOOOOOOOOOOOOOOOOOOOOOOOOOOOOOOOOOOOOOOOOOOOOOOOOOOO",
            "normalized": [],
            "type": []
        },
        {
            "speaker": "患者",
            "sentence": "唉我们不懂，再说医生也没告诉我们那么详细",
            "label": "OOOOOOOOOOOOOOOOOOOO",
            "normalized": [],
            "type": []
        },
        {
            "speaker": "医生",
            "sentence": "哦，不管什么药物都需要正规地给孩子口服，不能三天打鱼两天晒网",
            "label": "OOOOOOOOOOOOOOOOOOOOOOOOOOOOOO",
            "normalized": [],
            "type": []
        },
        {
            "speaker": "医生",
            "sentence": "如果是退热的药物，什么时候体温发热了，超过38.5度才能给孩子口服。这个药物是必要时口服，而不是常规口服",
            "label": "OOOOOOOOOOOOOOOBIOOOOOOOOOOOOOOOOOOOOOOOOOOOOOOOOOOO",
            "normalized": [
                "发热"
            ],
            "type": [
                "1"
            ]
        },
        {
            "speaker": "医生",
            "sentence": "其他的药物都需要常规地给孩子口服的",
            "label": "OOOOOOOOOOOOOOOOO",
            "normalized": [],
            "type": []
        },
        {
            "speaker": "患者",
            "sentence": "那我再给他接着吃应该会好吧",
            "label": "OOOOOOOOOOOOO",
            "normalized": [],
            "type": []
        },
        {
            "speaker": "患者",
            "sentence": "害了孩子受罪",
            "label": "OOOOOO",
            "normalized": [],
            "type": []
        },
        {
            "speaker": "医生",
            "sentence": "是的",
            "label": "OO",
            "normalized": [],
            "type": []
        },
        {
            "speaker": "医生",
            "sentence": "最主要的就是多给孩子喝水，这样有助于体温的下降，有利于病情的恢复",
            "label": "OOOOOOOOOOOOOOOOOOOOOOOOOOOOOOOO",
            "normalized": [],
            "type": []
        },
        {
            "speaker": "患者",
            "sentence": "谢谢你医生",
            "label": "OOOOO",
            "normalized": [],
            "type": []
        },
        {
            "speaker": "医生",
            "sentence": "不客气",
            "label": "OOO",
            "normalized": [],
            "type": []
        },
        {
            "speaker": "患者",
            "sentence": "要贴额头吗",
            "label": "OOOOO",
            "normalized": [],
            "type": []
        },
        {
            "speaker": "医生",
            "sentence": "超过37.8度，可以外用退热贴",
            "label": "OOOOOOOOOOOOOOO",
            "normalized": [],
            "type": []
        },
        {
            "speaker": "患者",
            "sentence": "好的，谢谢",
            "label": "OOOOO",
            "normalized": [],
            "type": []
        },
        {
            "speaker": "医生",
            "sentence": "不客气",
            "label": "OOO",
            "normalized": [],
            "type": []
        },
        {
            "speaker": "医生",
            "sentence": "如果这个孩子反复的发热，超过了四天，体温仍然超过38.5度，那需要到医院就诊的，需要复查血常规，有必要输液治疗",
            "label": "OOOOOOOOOBIOOOOOOOOOOOOOOOOOOOOOOOOOOOOOOOOOOOOOOOOOOOO",
            "normalized": [
                "发热"
            ],
            "type": [
                "1"
            ]
        },
        {
            "speaker": "医生",
            "sentence": "我说的温度应该是腋窝的温度，而不是肛温",
            "label": "OOOOOOOOOOOOOOOOOOO",
            "normalized": [],
            "type": []
        },
        {
            "speaker": "患者",
            "sentence": "他没有那么高，这几天最高是37.7或37.8度我是测肛门的",
            "label": "OOOOOOOOOOOOOBIIIOBIIIIOOOOOO",
            "normalized": [
                "低热",
                "低热"
            ],
            "type": [
                "1",
                "1"
            ]
        },
        {
            "speaker": "医生",
            "sentence": "嗯，这个体温偏高一点。体温在逐渐的下降，还是病情好转的表现",
            "label": "OOOOOOOOOOOOOOOOOOOOOOOOOOOOO",
            "normalized": [],
            "type": []
        },
        {
            "speaker": "医生",
            "sentence": "所以说应该继续口服药物巩固治疗",
            "label": "OOOOOOOOOOOOOOO",
            "normalized": [],
            "type": []
        },
        {
            "speaker": "患者",
            "sentence": "好暂时没有问题了，谢谢你医生",
            "label": "OOOOOOOOOOOOOO",
            "normalized": [],
            "type": []
        },
        {
            "speaker": "医生",
            "sentence": "不客气",
            "label": "OOO",
            "normalized": [],
            "type": []
        },
        {
            "speaker": "医生",
            "sentence": "那我结束了",
            "label": "OOOOO",
            "normalized": [],
            "type": []
        },
        {
            "speaker": "医生",
            "sentence": "再见",
            "label": "OO",
            "normalized": [],
            "type": []
        }
    ]
}