{
    "data-split": "train",
    "example-id": "10285461",
    "dialogue-content": [
        {
            "speaker": "医生",
            "sentence": "你好",
            "label": "OO",
            "normalized": [],
            "type": []
        },
        {
            "speaker": "患者",
            "sentence": "你好",
            "label": "OO",
            "normalized": [],
            "type": []
        },
        {
            "speaker": "医生",
            "sentence": "这孩子什么时候输液治疗的，上个周？",
            "label": "OOOOOOOOOOOOOOOOO",
            "normalized": [],
            "type": []
        },
        {
            "speaker": "患者",
            "sentence": "刚才给宝宝凉体温宝宝烧到三十九度九，上午刚输完液",
            "label": "OOOOOOOOOOBIIIIIIOOOOOOO",
            "normalized": [
                "高热"
            ],
            "type": [
                "1"
            ]
        },
        {
            "speaker": "患者",
            "sentence": "上周，今天是第七天",
            "label": "OOOOOOOOO",
            "normalized": [],
            "type": []
        },
        {
            "speaker": "医生",
            "sentence": "这个体温需要应用退热药物的过高的体温，可能会导致孩子出现抽搐",
            "label": "OOOOOOOOOOOOOOOOOOOOOOOOOOOOBI",
            "normalized": [
                "抽搐"
            ],
            "type": [
                "3"
            ]
        },
        {
            "speaker": "医生",
            "sentence": "那这个孩子刚开始输液的时候有没有发热的情况，仅仅是咳嗽吗",
            "label": "OOOOOOOOOOOOOOOOBIOOOOOOOBIO",
            "normalized": [
                "发热",
                "咳嗽"
            ],
            "type": [
                "3",
                "1"
            ]
        },
        {
            "speaker": "患者",
            "sentence": "输液时没有今天刚开始，大夫让吃布洛芬",
            "label": "OOOOOOOOOOOOOOOOOO",
            "normalized": [],
            "type": []
        },
        {
            "speaker": "医生",
            "sentence": "口服布洛芬，以后需要让孩子多喝水的，尽快的降低体温",
            "label": "OOOOOOOOOOOOOOOOOOOOOOOOO",
            "normalized": [],
            "type": []
        },
        {
            "speaker": "患者",
            "sentence": "刚开始是嗓子呼噜呼噜的不咳簌",
            "label": "OOOOBIIIIIOBII",
            "normalized": [
                "痰鸣音",
                "咳嗽"
            ],
            "type": [
                "3",
                "2"
            ]
        },
        {
            "speaker": "医生",
            "sentence": "那这个孩子出现发烧之前有没有受凉的情况？家里的大人有没有呼吸道感染的情况",
            "label": "OOOOOOOBIOOOOOOOOOOOOOOOOOOOOOOOOOOO",
            "normalized": [
                "发热"
            ],
            "type": [
                "1"
            ]
        },
        {
            "speaker": "患者",
            "sentence": "吃了半个小时了体温现在是三十九",
            "label": "OOOOOOOOOOOOBII",
            "normalized": [
                "高热"
            ],
            "type": [
                "1"
            ]
        },
        {
            "speaker": "医生",
            "sentence": "要一个小时左右体温才能够逐渐下降",
            "label": "OOOOOOOOOOOOOOOO",
            "normalized": [],
            "type": []
        },
        {
            "speaker": "患者",
            "sentence": "我们离医院远",
            "label": "OOOOOO",
            "normalized": [],
            "type": []
        },
        {
            "speaker": "医生",
            "sentence": "可以采用温水擦浴，额头敷冷毛巾，尽快地降低体温",
            "label": "OOOOOOOOOOOOOOOOOOOOOOO",
            "normalized": [],
            "type": []
        },
        {
            "speaker": "患者",
            "sentence": "嗯，那总是高烧怎么回事，化验血是白细胞高点",
            "label": "OOOOOBIOOOOOOOOOOOOOO",
            "normalized": [
                "高热"
            ],
            "type": [
                "1"
            ]
        },
        {
            "speaker": "医生",
            "sentence": "呼吸道感染的孩子一般有3到4天的高峰期，在这个期间孩子会出现反复的发热，过了高峰期以后症状会逐渐的。",
            "label": "BIIIIOOOOOOOOOOOOOOOOOOOOOOOOOOOOBIOOOOOOOOOOOOOOO",
            "normalized": [
                "呼吸道感染",
                "发热"
            ],
            "type": [
                "3",
                "1"
            ]
        },
        {
            "speaker": "患者",
            "sentence": "输的青霉素管事吗",
            "label": "OOOOOOOO",
            "normalized": [],
            "type": []
        },
        {
            "speaker": "医生",
            "sentence": "那这个孩子发热以后咳嗽症状加重了吗",
            "label": "OOOOOBIOOBIOOOOOO",
            "normalized": [
                "发热",
                "咳嗽"
            ],
            "type": [
                "1",
                "1"
            ]
        },
        {
            "speaker": "患者",
            "sentence": "加重了呼噜声也大了",
            "label": "OOOOOOOOO",
            "normalized": [],
            "type": []
        },
        {
            "speaker": "医生",
            "sentence": "呼吸道感染以后很容易导致病情加重",
            "label": "BIIIIOOOOOOOOOOO",
            "normalized": [
                "呼吸道感染"
            ],
            "type": [
                "3"
            ]
        },
        {
            "speaker": "医生",
            "sentence": "我认为这个孩子重感的可能性非常大",
            "label": "OOOOOOOOOOOOOOOO",
            "normalized": [],
            "type": []
        },
        {
            "speaker": "医生",
            "sentence": "如果这个孩子刚开始出现发热，现在仍然有发热的情况，应该考虑病情的反复",
            "label": "OOOOOOOOOOOBIOOOOOOBIOOOOOOOOOOOOO",
            "normalized": [
                "发热",
                "发热"
            ],
            "type": [
                "1",
                "1"
            ]
        },
        {
            "speaker": "患者",
            "sentence": "该怎么办",
            "label": "OOOO",
            "normalized": [],
            "type": []
        },
        {
            "speaker": "医生",
            "sentence": "而这个孩子刚开始并没有发热，现在出现发热，应该考虑受凉所导致的呼吸道感染",
            "label": "OOOOOOOOOOOBIOOOOOBIOOOOOOOOOOOBIIII",
            "normalized": [
                "发热",
                "发热",
                "呼吸道感染"
            ],
            "type": [
                "2",
                "1",
                "3"
            ]
        },
        {
            "speaker": "医生",
            "sentence": "继续给予输液治疗，口服感冒颗粒",
            "label": "OOOOOOOOOOOOOOO",
            "normalized": [],
            "type": []
        },
        {
            "speaker": "医生",
            "sentence": "这孩子有没有流鼻涕打喷嚏的情况",
            "label": "OOOOOOBIIBIIOOO",
            "normalized": [
                "鼻流涕",
                "打喷嚏"
            ],
            "type": [
                "3",
                "3"
            ]
        },
        {
            "speaker": "医生",
            "sentence": "超过38.5度给孩子口服退热药物",
            "label": "OOOOOOOOOOOOOOOO",
            "normalized": [],
            "type": []
        }
    ]
}