{
    "data-split": "train",
    "example-id": "10489208",
    "dialogue-content": [
        {
            "speaker": "医生",
            "sentence": "你好，很高兴为你解答。",
            "label": "OOOOOOOOOOO",
            "normalized": [],
            "type": []
        },
        {
            "speaker": "医生",
            "sentence": "咳嗽几天啦，阵发性咳嗽还是偶尔咳嗽一声？",
            "label": "BIOOOOBIIIIOOOOBIOOO",
            "normalized": [
                "咳嗽",
                "咳嗽",
                "咳嗽"
            ],
            "type": [
                "1",
                "1",
                "1"
            ]
        },
        {
            "speaker": "患者",
            "sentence": "不咳还好，一咳就比较厉害",
            "label": "BIOOOBIOOOOO",
            "normalized": [
                "咳嗽",
                "咳嗽"
            ],
            "type": [
                "1",
                "1"
            ]
        },
        {
            "speaker": "患者",
            "sentence": "有五天了",
            "label": "OOOO",
            "normalized": [],
            "type": []
        },
        {
            "speaker": "患者",
            "sentence": "早上起床就会特别咳的厉害",
            "label": "OOOOOOOOBOOO",
            "normalized": [
                "咳嗽"
            ],
            "type": [
                "1"
            ]
        },
        {
            "speaker": "医生",
            "sentence": "有没有谈？有没有发烧过？精神状态怎么样？食欲怎么样？",
            "label": "OOOOOOOOBIOOOOOOOOOOOOOOOO",
            "normalized": [
                "发热"
            ],
            "type": [
                "1"
            ]
        },
        {
            "speaker": "患者",
            "sentence": "有痰，有发烧过，但是退了",
            "label": "BIOOBIOOOOBO",
            "normalized": [
                "痰",
                "发热",
                "退热"
            ],
            "type": [
                "1",
                "1",
                "1"
            ]
        },
        {
            "speaker": "患者",
            "sentence": "发烧时精神就差一点，有到39°",
            "label": "BIIBIIIIIOOOBII",
            "normalized": [
                "发热",
                "精神软",
                "中等度热"
            ],
            "type": [
                "1",
                "1",
                "1"
            ]
        },
        {
            "speaker": "医生",
            "sentence": "发烧几天？要把所有的症状都要说全，这有利于病情的判断。",
            "label": "BIOOOOOOOOOOOOOOOOOOOOOOOOO",
            "normalized": [
                "发热"
            ],
            "type": [
                "1"
            ]
        },
        {
            "speaker": "患者",
            "sentence": "食欲一般",
            "label": "OOOO",
            "normalized": [],
            "type": []
        },
        {
            "speaker": "患者",
            "sentence": "发烧两天吃了两次美林退了",
            "label": "BIOOOOOOOOOO",
            "normalized": [
                "发热"
            ],
            "type": [
                "1"
            ]
        },
        {
            "speaker": "医生",
            "sentence": "不发烧有几天啦！",
            "label": "OBIOOOOO",
            "normalized": [
                "发热"
            ],
            "type": [
                "2"
            ]
        },
        {
            "speaker": "患者",
            "sentence": "现在没有发烧",
            "label": "OOOOBI",
            "normalized": [
                "发热"
            ],
            "type": [
                "2"
            ]
        },
        {
            "speaker": "患者",
            "sentence": "就是还咳嗽，有痰，有点流鼻涕",
            "label": "OOOBIOBIOOOBII",
            "normalized": [
                "咳嗽",
                "痰",
                "鼻流涕"
            ],
            "type": [
                "1",
                "1",
                "1"
            ]
        },
        {
            "speaker": "患者",
            "sentence": "三天了",
            "label": "OOO",
            "normalized": [],
            "type": []
        },
        {
            "speaker": "医生",
            "sentence": "去正规医院看过吗",
            "label": "OOOOOOOO",
            "normalized": [],
            "type": []
        },
        {
            "speaker": "患者",
            "sentence": "看过了",
            "label": "OOO",
            "normalized": [],
            "type": []
        },
        {
            "speaker": "医生",
            "sentence": "诊断什么啊？做过哪些检查",
            "label": "OOOOOOOOOOOO",
            "normalized": [],
            "type": []
        },
        {
            "speaker": "患者",
            "sentence": "为什么喝奶会吐？",
            "label": "OOOOOOBO",
            "normalized": [
                "呕吐"
            ],
            "type": [
                "1"
            ]
        },
        {
            "speaker": "患者",
            "sentence": "就拿听诊器听过肺部",
            "label": "OOOOOOOOO",
            "normalized": [],
            "type": []
        },
        {
            "speaker": "医生",
            "sentence": "没有明确诊断过吗？",
            "label": "OOOOOOOOO",
            "normalized": [],
            "type": []
        },
        {
            "speaker": "患者",
            "sentence": "他们也没说什么，就是说感冒",
            "label": "OOOOOOOOOOOBI",
            "normalized": [
                "普通感冒"
            ],
            "type": [
                "1"
            ]
        },
        {
            "speaker": "医生",
            "sentence": "咳嗽剧烈的时候会刺激咽部，孩子的胃比较浅平，胃上口也就是贲门比较松弛，食物就吐出来了",
            "label": "BIOOOOOOOOOOOOOOOOOOOOOOOOOOOOOOOOOOOOBIIO",
            "normalized": [
                "咳嗽",
                "呕吐"
            ],
            "type": [
                "1",
                "1"
            ]
        },
        {
            "speaker": "患者",
            "sentence": "但是吃粥咳嗽她没吐",
            "label": "OOOOBIOOB",
            "normalized": [
                "咳嗽",
                "呕吐"
            ],
            "type": [
                "1",
                "1"
            ]
        },
        {
            "speaker": "医生",
            "sentence": "粥比奶稠。",
            "label": "OOOOO",
            "normalized": [],
            "type": []
        },
        {
            "speaker": "患者",
            "sentence": "就是喝奶不行",
            "label": "OOOOOO",
            "normalized": [],
            "type": []
        },
        {
            "speaker": "医生",
            "sentence": "奶比较稀，像水一样，容易吐出来。",
            "label": "OOOOOOOOOOOOBIIO",
            "normalized": [
                "呕吐"
            ],
            "type": [
                "1"
            ]
        },
        {
            "speaker": "医生",
            "sentence": "看过医生几天啦，看过之后觉得咳嗽有加重吗？",
            "label": "OOOOOOOOOOOOOOBIOOOOO",
            "normalized": [
                "咳嗽"
            ],
            "type": [
                "1"
            ]
        },
        {
            "speaker": "患者",
            "sentence": "我想是不是因为药物跟奶发生了反应？",
            "label": "OOOOOOOOOOOOOOOOO",
            "normalized": [],
            "type": []
        },
        {
            "speaker": "医生",
            "sentence": "不是",
            "label": "OO",
            "normalized": [],
            "type": []
        },
        {
            "speaker": "患者",
            "sentence": "没有加重",
            "label": "OOOO",
            "normalized": [],
            "type": []
        },
        {
            "speaker": "医生",
            "sentence": "有减轻吗",
            "label": "OOOO",
            "normalized": [],
            "type": []
        },
        {
            "speaker": "医生",
            "sentence": "血常规检查了吗",
            "label": "OOOOOOO",
            "normalized": [],
            "type": []
        },
        {
            "speaker": "患者",
            "sentence": "没有检查过",
            "label": "OOOOO",
            "normalized": [],
            "type": []
        },
        {
            "speaker": "患者",
            "sentence": "好像有点减轻，",
            "label": "OOOOOOO",
            "normalized": [],
            "type": []
        },
        {
            "speaker": "医生",
            "sentence": "目前宝宝的主要症状就是咳嗽有痰，并且开始阶段哪有发烧过，有过鼻塞流鼻涕。考虑支气管炎。",
            "label": "OOOOOOOOOOOBIBIOOOOOOOOOBIOOOOBIBIIOOOBIIIO",
            "normalized": [
                "咳嗽",
                "痰",
                "发热",
                "鼻塞",
                "鼻流涕",
                "支气管炎"
            ],
            "type": [
                "1",
                "1",
                "1",
                "1",
                "1",
                "3"
            ]
        },
        {
            "speaker": "医生",
            "sentence": "支气管炎的表现呢，就是咳嗽有痰，而且目前宝宝是阵发性咳嗽。",
            "label": "BIIIOOOOOOOBIBIOOOOOOOOBIIIIO",
            "normalized": [
                "支气管炎",
                "咳嗽",
                "痰",
                "咳嗽"
            ],
            "type": [
                "3",
                "1",
                "1",
                "1"
            ]
        },
        {
            "speaker": "医生",
            "sentence": "建议二甲以上公立医院儿内科就诊，再次检查一下，检查血常规查看一下感染情况，拍个胸片查看呼吸道的炎症情况，还有就是看看嗓子听着一下呼吸道。",
            "label": "OOOOOOOOOOOOOOOOOOOOOOOOOOOOOOOOOOOOOOOOOOOOOOOOOOOOOOOOOOOOOOOOOOOO",
            "normalized": [],
            "type": []
        },
        {
            "speaker": "患者",
            "sentence": "上次去保健院开的就全是支气管炎药",
            "label": "OOOOOOOOOOOBIIIO",
            "normalized": [
                "支气管炎"
            ],
            "type": [
                "3"
            ]
        },
        {
            "speaker": "患者",
            "sentence": "九个月可以拍片吗？",
            "label": "OOOOOOOOO",
            "normalized": [],
            "type": []
        },
        {
            "speaker": "医生",
            "sentence": "可以拍片子的",
            "label": "OOOOOO",
            "normalized": [],
            "type": []
        },
        {
            "speaker": "患者",
            "sentence": "谢谢",
            "label": "OO",
            "normalized": [],
            "type": []
        },
        {
            "speaker": "医生",
            "sentence": "吃了有三天了吗？没有效果，需要再次就诊。",
            "label": "OOOOOOOOOOOOOOOOOOOO",
            "normalized": [],
            "type": []
        },
        {
            "speaker": "患者",
            "sentence": "已经吃两天了",
            "label": "OOOOOO",
            "normalized": [],
            "type": []
        },
        {
            "speaker": "医生",
            "sentence": "如果一点效果都没有，建议明天再去就诊一下吧！",
            "label": "OOOOOOOOOOOOOOOOOOOOOO",
            "normalized": [],
            "type": []
        },
        {
            "speaker": "医生",
            "sentence": "这次那检查明确一下。",
            "label": "OOOOOOOOOO",
            "normalized": [],
            "type": []
        },
        {
            "speaker": "医生",
            "sentence": "比如说检查血常规，可以提示病毒感染还是细菌感染以及感染的程度，这样子就方便指导用药。",
            "label": "OOOOOOOOOOOOOBIIIOOBIIIOOOOOOOOOOOOOOOOOOO",
            "normalized": [
                "病毒感染",
                "细菌感染"
            ],
            "type": [
                "3",
                "3"
            ]
        },
        {
            "speaker": "患者",
            "sentence": "好的",
            "label": "OO",
            "normalized": [],
            "type": []
        },
        {
            "speaker": "患者",
            "sentence": "谢谢",
            "label": "OO",
            "normalized": [],
            "type": []
        },
        {
            "speaker": "患者",
            "sentence": "咳嗽有食疗吗？",
            "label": "BIOOOOO",
            "normalized": [
                "咳嗽"
            ],
            "type": [
                "1"
            ]
        },
        {
            "speaker": "医生",
            "sentence": "总是不能对症下药的话。咳嗽时间延长，会成为肺炎，加重气道的高反应性，也有可能出现气喘，或影响肺功能。",
            "label": "OOOOOOOOOOOBIOOOOOOOOBIOOOOOOOOOOOOOOOOOBIOOOOOOOO",
            "normalized": [
                "咳嗽",
                "肺炎",
                "喘息"
            ],
            "type": [
                "1",
                "3",
                "3"
            ]
        },
        {
            "speaker": "医生",
            "sentence": "使用药物都没有达到效果，食疗的效果本身就没有药物好。",
            "label": "OOOOOOOOOOOOOOOOOOOOOOOOOO",
            "normalized": [],
            "type": []
        },
        {
            "speaker": "患者",
            "sentence": "就是害怕感染肺部",
            "label": "OOOOOOOO",
            "normalized": [],
            "type": []
        },
        {
            "speaker": "患者",
            "sentence": "作为辅助治疗",
            "label": "OOOOOO",
            "normalized": [],
            "type": []
        },
        {
            "speaker": "医生",
            "sentence": "可以在口服西药的基础上再服用一些，中成药。",
            "label": "OOOOOOOOOOOOOOOOOOOOO",
            "normalized": [],
            "type": []
        },
        {
            "speaker": "患者",
            "sentence": "例如？",
            "label": "OOO",
            "normalized": [],
            "type": []
        },
        {
            "speaker": "医生",
            "sentence": "止咳化痰的中成药特别特别多，不拘泥哪一种",
            "label": "OOOOOOOOOOOOOOOOOOOO",
            "normalized": [],
            "type": []
        },
        {
            "speaker": "医生",
            "sentence": "中成药一般都很好懂，药物的名称上面都写成。大多以功效命名。",
            "label": "OOOOOOOOOOOOOOOOOOOOOOOOOOOOO",
            "normalized": [],
            "type": []
        },
        {
            "speaker": "患者",
            "sentence": "是说口服液类吗",
            "label": "OOOOOOO",
            "normalized": [],
            "type": []
        },
        {
            "speaker": "医生",
            "sentence": "明天就诊之后再决定吧，你可以要求大夫给你开。",
            "label": "OOOOOOOOOOOOOOOOOOOOOO",
            "normalized": [],
            "type": []
        },
        {
            "speaker": "患者",
            "sentence": "好",
            "label": "O",
            "normalized": [],
            "type": []
        },
        {
            "speaker": "医生",
            "sentence": "大多的药物都是处方药，也必须要就医的时候，大夫给开的，还要说用量。",
            "label": "OOOOOOOOOOOOOOOOOOOOOOOOOOOOOOOOO",
            "normalized": [],
            "type": []
        }
    ]
}