{
    "data-split": "train",
    "example-id": "10356101",
    "dialogue-content": [
        {
            "speaker": "医生",
            "sentence": "您好，大便颜色变绿，不知大便次数及性状有变化吗？",
            "label": "OOOOOOOOOOOOOOOOOOOOOOOO",
            "normalized": [],
            "type": []
        },
        {
            "speaker": "患者",
            "sentence": "没变化，就是多了这些块状的东西",
            "label": "OOOOOOOOOOOOOOO",
            "normalized": [],
            "type": []
        },
        {
            "speaker": "患者",
            "sentence": "都是一天一次大便，之前是黄色的",
            "label": "OOOOOOOOOOOOOOO",
            "normalized": [],
            "type": []
        },
        {
            "speaker": "医生",
            "sentence": "宝宝精神反应好吗，有阵发性哭闹不乖吗？图片看，大便为消化不良引起",
            "label": "OOOOOOOOOOOOOOOOOOOOOOOOOOBIIIOO",
            "normalized": [
                "消化不良"
            ],
            "type": [
                "1"
            ]
        },
        {
            "speaker": "患者",
            "sentence": "反应挺好的，跟平时没什么区别",
            "label": "OOOOOOOOOOOOOO",
            "normalized": [],
            "type": []
        },
        {
            "speaker": "医生",
            "sentence": "另外腹部受凉也可以引起绿色不消化状便",
            "label": "OOOOOOOOOOOBIOOOOO",
            "normalized": [
                "绿便"
            ],
            "type": [
                "1"
            ]
        },
        {
            "speaker": "医生",
            "sentence": "那目前宝宝注意腹部保暖，辅食添加不要太多。",
            "label": "OOOOOOOOOOOOOOOOOOOOO",
            "normalized": [],
            "type": []
        },
        {
            "speaker": "医生",
            "sentence": "也可以加用益生菌调理观察",
            "label": "OOOOOOOOOOOO",
            "normalized": [],
            "type": []
        },
        {
            "speaker": "患者",
            "sentence": "应该不会着凉，我这两天喝了凉点的饮料。孩子吃母乳，会不会跟这个有关系？还是吃米粉的原因",
            "label": "OOOOOOOOOOOOOOOOOOOOOOOOOOOOOOOOOOOOOOOOOOO",
            "normalized": [],
            "type": []
        },
        {
            "speaker": "患者",
            "sentence": "米粉吃了一星期了，前几天大便没问题",
            "label": "OOOOOOOOOOOOOOOOO",
            "normalized": [],
            "type": []
        },
        {
            "speaker": "患者",
            "sentence": "米粉就晚上加一次，两小勺",
            "label": "OOOOOOOOOOOO",
            "normalized": [],
            "type": []
        },
        {
            "speaker": "医生",
            "sentence": "添加一周，如果没有明显增加量应该关系不大",
            "label": "OOOOOOOOOOOOOOOOOOOO",
            "normalized": [],
            "type": []
        },
        {
            "speaker": "医生",
            "sentence": "对不起，一会有个电话要接，不能及时回复，一会再给您解答。",
            "label": "OOOOOOOOOOOOOOOOOOOOOOOOOOOO",
            "normalized": [],
            "type": []
        },
        {
            "speaker": "患者",
            "sentence": "块状的东西，就是消化不良引起的吗？",
            "label": "OOOOOOOOBIIIOOOOO",
            "normalized": [
                "消化不良"
            ],
            "type": [
                "1"
            ]
        },
        {
            "speaker": "患者",
            "sentence": "好的",
            "label": "OO",
            "normalized": [],
            "type": []
        },
        {
            "speaker": "医生",
            "sentence": "消化不良，肠道感染，腹部受凉，饮食不当都可以引起，但宝宝没有其他不适，大便性状及次数正常，消化不良可能性大，不过昨天开始大便颜色改变，还需继续观察大便变化，所以可以先注意",
            "label": "BIIIOOOOOOOOOOOOOOOOOOOOOOOOOOOOOOOOOOOOOOOOOBIIIOOOOOOOOOOOOOOOOOOOOOOOOOOOOOOOOOOOO",
            "normalized": [
                "消化不良",
                "消化不良"
            ],
            "type": [
                "1",
                "1"
            ]
        },
        {
            "speaker": "医生",
            "sentence": "饮食，腹部保暖，给予益生菌观察大便颜色变化",
            "label": "OOOOOOOOOOOOOOOOOOOOO",
            "normalized": [],
            "type": []
        },
        {
            "speaker": "医生",
            "sentence": "如果大便性状，次数有变化建议化验便常规除外肠道感染",
            "label": "OOOOOOOOOOOOOOOOOOOOOOOOO",
            "normalized": [],
            "type": []
        },
        {
            "speaker": "患者",
            "sentence": "哦哦，好的，我先观察观察吧",
            "label": "OOOOOOOOOOOOO",
            "normalized": [],
            "type": []
        },
        {
            "speaker": "医生",
            "sentence": "恩，好的。",
            "label": "OOOOO",
            "normalized": [],
            "type": []
        },
        {
            "speaker": "医生",
            "sentence": "宝宝大便性状正常吗？",
            "label": "OOOOOOOOOO",
            "normalized": [],
            "type": []
        },
        {
            "speaker": "患者",
            "sentence": "正常",
            "label": "OO",
            "normalized": [],
            "type": []
        },
        {
            "speaker": "医生",
            "sentence": "哺乳好吗？是否有腹胀哭闹等不适现象？",
            "label": "OOOOOOOOBIBIOOOOOO",
            "normalized": [
                "腹胀",
                "哭闹"
            ],
            "type": [
                "3",
                "3"
            ]
        },
        {
            "speaker": "患者",
            "sentence": "以前一天拉一次，最近突然三天一次了，墨绿色特别臭",
            "label": "OOOOOOOOOOOOOOOOOOBIIOOO",
            "normalized": [
                "绿便"
            ],
            "type": [
                "1"
            ]
        },
        {
            "speaker": "患者",
            "sentence": "孩子精神挺好的",
            "label": "OOOOOOO",
            "normalized": [],
            "type": []
        },
        {
            "speaker": "患者",
            "sentence": "吃的和往常一样",
            "label": "OOOOOOO",
            "normalized": [],
            "type": []
        },
        {
            "speaker": "医生",
            "sentence": "排便时间长，粪便在肠道内发酵时间长，会导致大便臭，放屁多现象",
            "label": "OOOOOOOOOOOOOOOOOOOOOBIIOBIOOO",
            "normalized": [
                "大便酸臭",
                "屁"
            ],
            "type": [
                "1",
                "1"
            ]
        },
        {
            "speaker": "患者",
            "sentence": "以前是黄绿色，现在是墨绿",
            "label": "OOOBIIOOOOBI",
            "normalized": [
                "绿便",
                "绿便"
            ],
            "type": [
                "1",
                "1"
            ]
        },
        {
            "speaker": "医生",
            "sentence": "如果大便症状无改变，绿色便多是消化不良引起",
            "label": "OOOOOOOOOOBIIOOBIIIOO",
            "normalized": [
                "绿便",
                "消化不良"
            ],
            "type": [
                "1",
                "3"
            ]
        },
        {
            "speaker": "患者",
            "sentence": "网上查说宝宝吃不饱也会拉绿色的屎，我也弄不清是吃不饱还是消化不好了",
            "label": "OOOOOOOOOOOOBIIIOOOOOOOOOOOOOOOOO",
            "normalized": [
                "绿便"
            ],
            "type": [
                "1"
            ]
        },
        {
            "speaker": "患者",
            "sentence": "母乳不够吃只有晚上添加一顿米粉，米粉冲的比较稀",
            "label": "OOOOOOOOOOOOOOOOOOOOOOB",
            "normalized": [
                "稀便"
            ],
            "type": [
                "1"
            ]
        },
        {
            "speaker": "医生",
            "sentence": "恩，进食量不足，确实也会排便延迟。",
            "label": "OOOOOOOOOOOOOOOOO",
            "normalized": [],
            "type": []
        },
        {
            "speaker": "患者",
            "sentence": "如果是消化不良的话，有必要停了米粉吗",
            "label": "OOOBIIIOOOOOOOOOOO",
            "normalized": [
                "消化不良"
            ],
            "type": [
                "3"
            ]
        },
        {
            "speaker": "医生",
            "sentence": "宝宝随着年龄增大，食量会增加的，有喂奶粉吗？",
            "label": "OOOOOOOOOOOOOOOOOOOOOO",
            "normalized": [],
            "type": []
        },
        {
            "speaker": "患者",
            "sentence": "不吃奶粉，一点都不吃",
            "label": "OOOOOOOOOO",
            "normalized": [],
            "type": []
        },
        {
            "speaker": "医生",
            "sentence": "添加米粉后大便就是绿色还是添加一段时间后变为绿色的",
            "label": "OOOOOOOOOBIOOOOOOOOOOOBIO",
            "normalized": [
                "绿便",
                "绿便"
            ],
            "type": [
                "1",
                "1"
            ]
        },
        {
            "speaker": "患者",
            "sentence": "添加了三四天之后才变绿色的",
            "label": "OOOOOOOOOOOOO",
            "normalized": [],
            "type": []
        },
        {
            "speaker": "医生",
            "sentence": "宝宝太小，胃肠功能弱，如果母乳不足，又不吃奶粉确实不好添加。",
            "label": "OOOOOOOOOOOOOOOOOOOOOOOOOOOOOO",
            "normalized": [],
            "type": []
        },
        {
            "speaker": "医生",
            "sentence": "试过其他品牌奶粉吗？",
            "label": "OOOOOOOOOO",
            "normalized": [],
            "type": []
        },
        {
            "speaker": "患者",
            "sentence": "换过几个牌子",
            "label": "OOOOOO",
            "normalized": [],
            "type": []
        },
        {
            "speaker": "患者",
            "sentence": "都不太爱吃，宝宝比较倔，饿着我不吃奶粉",
            "label": "OOOOOOOOOOOOOOOOOOO",
            "normalized": [],
            "type": []
        },
        {
            "speaker": "医生",
            "sentence": "米粉吃的好吗？米粉喂了多长时间了？",
            "label": "OOOOOOOOOOOOOOOOO",
            "normalized": [],
            "type": []
        },
        {
            "speaker": "患者",
            "sentence": "一个多月了，米粉吃的挺好",
            "label": "OOOOOOOOOOOO",
            "normalized": [],
            "type": []
        },
        {
            "speaker": "医生",
            "sentence": "如果已经喂了一个月，没有腹泻，那可以按比例调配喂宝宝观察，注意适当喂水观察。",
            "label": "OOOOOOOOOOOOBIOOOOOOOOOOOOOOOOOOOOOOOO",
            "normalized": [
                "腹泻"
            ],
            "type": [
                "2"
            ]
        },
        {
            "speaker": "医生",
            "sentence": "单纯大便颜色改变不要紧，可以加服益生菌调理菌群观察",
            "label": "OOOOOOOOOOOOOOOOOOOOOOOOO",
            "normalized": [],
            "type": []
        },
        {
            "speaker": "患者",
            "sentence": "好的，吃妈咪爱可以吗",
            "label": "OOOOOOOOOO",
            "normalized": [],
            "type": []
        },
        {
            "speaker": "医生",
            "sentence": "可以的",
            "label": "OOO",
            "normalized": [],
            "type": []
        },
        {
            "speaker": "患者",
            "sentence": "嗯嗯，好的谢谢大夫",
            "label": "OOOOOOOOO",
            "normalized": [],
            "type": []
        },
        {
            "speaker": "医生",
            "sentence": "不客气",
            "label": "OOO",
            "normalized": [],
            "type": []
        }
    ]
}