{
    "data-split": "train",
    "example-id": "10803941",
    "dialogue-content": [
        {
            "speaker": "医生",
            "sentence": "孩子大便是什么样子的？",
            "label": "OOOOOOOOOOO",
            "normalized": [],
            "type": []
        },
        {
            "speaker": "患者",
            "sentence": "粘液",
            "label": "BI",
            "normalized": [
                "大便粘液"
            ],
            "type": [
                "1"
            ]
        },
        {
            "speaker": "医生",
            "sentence": "咳痰有放多了可能会有一定的影响",
            "label": "BIOOOOOOOOOOOOO",
            "normalized": [
                "咳痰"
            ],
            "type": [
                "1"
            ]
        },
        {
            "speaker": "医生",
            "sentence": "大便稀吗？颜色正常吗",
            "label": "BIIOOOOOOO",
            "normalized": [
                "稀便"
            ],
            "type": [
                "1"
            ]
        },
        {
            "speaker": "患者",
            "sentence": "颜色还好，大便稀得",
            "label": "OOOOOOOOO",
            "normalized": [],
            "type": []
        },
        {
            "speaker": "医生",
            "sentence": "发错了，核桃油放多了",
            "label": "OOOOOOOOOO",
            "normalized": [],
            "type": []
        },
        {
            "speaker": "医生",
            "sentence": "精神状态怎么样",
            "label": "OOOOOOO",
            "normalized": [],
            "type": []
        },
        {
            "speaker": "患者",
            "sentence": "现在宝宝好像没那么精神，刚刚拉好，睡了，母乳也不想吃",
            "label": "OOOOOOBIIIIOOOOOOOOOOOOBII",
            "normalized": [
                "精神软",
                "厌食"
            ],
            "type": [
                "1",
                "1"
            ]
        },
        {
            "speaker": "医生",
            "sentence": "孩子现在的话可能饮食引起来的，不排除是由于受凉等因素引起来的消化不良的表现，一般会有3到5天的疗程，治疗的话就是调节胃肠功能！",
            "label": "OOOOOOOOOOOOOOOOOOOOOOOOOOOOOOBIIIOOOOOOOOOOOOOOOOOOOOOOOOOOOOO",
            "normalized": [
                "消化不良"
            ],
            "type": [
                "3"
            ]
        },
        {
            "speaker": "医生",
            "sentence": "尿量可以吗？",
            "label": "OOOOOO",
            "normalized": [],
            "type": []
        },
        {
            "speaker": "医生",
            "sentence": "孩子这个时候胃肠功能会有影响所以母乳不想吃就别强喂",
            "label": "OOOOOOOOOOOOOOOOOOOOOOOOO",
            "normalized": [],
            "type": []
        },
        {
            "speaker": "医生",
            "sentence": "孩子现在的情况可以给喝点益生菌调节一下胃肠功能，看一下大便缓解情况！",
            "label": "OOOOOOOOOOOOOOOOOOOOOOOOOOOOOOOOOO",
            "normalized": [],
            "type": []
        },
        {
            "speaker": "患者",
            "sentence": "尿，下午可以的，最近2个多小时好像没",
            "label": "OOOOOOOOOOOOOOOOOO",
            "normalized": [],
            "type": []
        },
        {
            "speaker": "医生",
            "sentence": "除了用益生菌调节之外还需要注意孩子妈妈和孩子别吃凉的，别吃太油腻的，孩子肚子别着凉，多揉揉肚子！",
            "label": "OOOOOOOOOOOOOOOOOOOOOOOOOOOOOOOOOOOOOOOOOOOOOOOO",
            "normalized": [],
            "type": []
        },
        {
            "speaker": "患者",
            "sentence": "从12点到现在已经拉4次了，要不要吃点妈咪爱",
            "label": "OOOOOOOOOOOOOOOOOOOOOO",
            "normalized": [],
            "type": []
        },
        {
            "speaker": "医生",
            "sentence": "两个小时没有尿问题不大，您给孩子多喝点水",
            "label": "OOOOOOOOOOOOOOOOOOOO",
            "normalized": [],
            "type": []
        },
        {
            "speaker": "医生",
            "sentence": "可以吃点妈咪爱等益生菌类的调节一下",
            "label": "OOOOOOOOOOOOOOOOO",
            "normalized": [],
            "type": []
        },
        {
            "speaker": "医生",
            "sentence": "给孩子吃点益生菌观察两天，大便不缓解可以带着孩子去儿内科查个大便常规，看一下大便情况，需不需要调整用药！这样比较明确",
            "label": "OOOOOOOOOOOOOOOOOOOOOOOOOOOOOOOOOOOOOOOOOOOOOOOOOOOOOOOOOO",
            "normalized": [],
            "type": []
        },
        {
            "speaker": "患者",
            "sentence": "嗯，要不要去医院化验个大便",
            "label": "OOOOOOOOOOOOO",
            "normalized": [],
            "type": []
        },
        {
            "speaker": "医生",
            "sentence": "可以先用着益生菌观察两天，看一下大便缓解情况，不缓解可以再给孩子查个大便常规",
            "label": "OOOOOOOOOOOOOOOOOOOOOOOOOOOOOOOOOOOOOO",
            "normalized": [],
            "type": []
        },
        {
            "speaker": "患者",
            "sentence": "噢",
            "label": "O",
            "normalized": [],
            "type": []
        },
        {
            "speaker": "医生",
            "sentence": "孩子现在主要是消化不良的表现，喝点益生菌调节一下就可以，注意刚才那些情况",
            "label": "OOOOOOOBIIIOOOOOOOOOOOOOOOOOOOOOOOOO",
            "normalized": [
                "消化不良"
            ],
            "type": [
                "3"
            ]
        },
        {
            "speaker": "医生",
            "sentence": "一定多喝点水，如果出现精神状态差尿量少，眼窝按照等脱水症状也是需要及时就医补液治疗的",
            "label": "OOOOOOOOOOOBIIIIBIOOOOOOOBIOOOOOOOOOOOOOOO",
            "normalized": [
                "精神软",
                "尿量减少",
                "脱水"
            ],
            "type": [
                "3",
                "3",
                "3"
            ]
        },
        {
            "speaker": "医生",
            "sentence": "眼窝凹陷，不好意思打错了",
            "label": "OOOOOOOOOOOO",
            "normalized": [],
            "type": []
        }
    ]
}