{
    "data-split": "train",
    "example-id": "10633686",
    "dialogue-content": [
        {
            "speaker": "医生",
            "sentence": "你好",
            "label": "OO",
            "normalized": [],
            "type": []
        },
        {
            "speaker": "患者",
            "sentence": "您好",
            "label": "OO",
            "normalized": [],
            "type": []
        },
        {
            "speaker": "医生",
            "sentence": "根据你所描述的情况，这个孩子口腔当中的白色附着物应该高度的怀疑额口疮",
            "label": "OOOOOOOOOOOOOOOOOOOOOOOOOOOOOOOOOO",
            "normalized": [],
            "type": []
        },
        {
            "speaker": "医生",
            "sentence": "是不是跟凝乳一样的附着物，附着在口腔的黏膜上",
            "label": "OOOOOOOOOOOOOOOOOOOOOO",
            "normalized": [],
            "type": []
        },
        {
            "speaker": "患者",
            "sentence": "那应该用什么药还是什么",
            "label": "OOOOOOOOOOO",
            "normalized": [],
            "type": []
        },
        {
            "speaker": "患者",
            "sentence": "是的",
            "label": "OO",
            "normalized": [],
            "type": []
        },
        {
            "speaker": "医生",
            "sentence": "应该是鹅口疮啊，这是由于霉菌感染引起的",
            "label": "OOOBIIOOOOOOOOOOOOO",
            "normalized": [
                "鹅口疮"
            ],
            "type": [
                "1"
            ]
        },
        {
            "speaker": "医生",
            "sentence": "需要注意这个孩子的个人卫生应用制霉菌素或者碳酸氢钠涂抹口腔",
            "label": "OOOOOOOOOOOOOOOOOOOOOOOOOOOOO",
            "normalized": [],
            "type": []
        },
        {
            "speaker": "患者",
            "sentence": "现在就是用的那个药",
            "label": "OOOOOOOOO",
            "normalized": [],
            "type": []
        },
        {
            "speaker": "医生",
            "sentence": "嗯嗯",
            "label": "OO",
            "normalized": [],
            "type": []
        },
        {
            "speaker": "医生",
            "sentence": "至少需要用2到3天",
            "label": "OOOOOOOOO",
            "normalized": [],
            "type": []
        },
        {
            "speaker": "患者",
            "sentence": "已经涂抹了几天了，现在嘴巴里还是有，",
            "label": "OOOOOOOOOOOOOOOOOO",
            "normalized": [],
            "type": []
        },
        {
            "speaker": "医生",
            "sentence": "一般来说应有2到3天以后，这个孩子口腔当中的鹅口疮会明显的减少，但是应该再继续用2到3天，巩固一下治疗的效果，因为这个疾病复发的概率是相当高的",
            "label": "OOOOOOOOOOOOOOOOOOOOOOBIIOOOOOOOOOOOOOOOOOOOOOOOOOOOOOOOOOOOOOOOOOOOOOO",
            "normalized": [
                "鹅口疮"
            ],
            "type": [
                "1"
            ]
        },
        {
            "speaker": "患者",
            "sentence": "前几天不发烧了，今天怎么就发烧了",
            "label": "OOOOBIOOOOOOOBIO",
            "normalized": [
                "发热",
                "发热"
            ],
            "type": [
                "2",
                "1"
            ]
        },
        {
            "speaker": "医生",
            "sentence": "除了继续口服药物以外，一定要注意个人的卫生，如果是母乳喂养需要勤清洗乳头的",
            "label": "OOOOOOOOOOOOOOOOOOOOOOOOOOOOOOOOOOOOO",
            "normalized": [],
            "type": []
        },
        {
            "speaker": "医生",
            "sentence": "这个疾病不会出现发热的",
            "label": "OOOOOOOOBIO",
            "normalized": [
                "发热"
            ],
            "type": [
                "1"
            ]
        },
        {
            "speaker": "医生",
            "sentence": "这个孩子现在的体温是多少啊",
            "label": "OOOOOOOOOOOOO",
            "normalized": [],
            "type": []
        },
        {
            "speaker": "患者",
            "sentence": "刚刚量了一下37.9",
            "label": "OOOOOOBIII",
            "normalized": [
                "低热"
            ],
            "type": [
                "1"
            ]
        },
        {
            "speaker": "医生",
            "sentence": "这个体温还是偏高的",
            "label": "OOOOOOOOO",
            "normalized": [],
            "type": []
        },
        {
            "speaker": "医生",
            "sentence": "那这个孩子除了发热以外还有其他的症状吗",
            "label": "OOOOOOOBIOOOOOOOOOO",
            "normalized": [
                "发热"
            ],
            "type": [
                "1"
            ]
        },
        {
            "speaker": "医生",
            "sentence": "有没有流鼻涕打喷嚏的情况",
            "label": "OOOBIIBIIOOO",
            "normalized": [
                "鼻流涕",
                "打喷嚏"
            ],
            "type": [
                "3",
                "3"
            ]
        },
        {
            "speaker": "患者",
            "sentence": "有那个布洛芬能不能给吃",
            "label": "OOOOOOOOOOO",
            "normalized": [],
            "type": []
        },
        {
            "speaker": "医生",
            "sentence": "鹅口疮是由霉菌感染引起的，这个疾病不会影响这个孩子正常的吃奶，不会出现发热的",
            "label": "BIIOOOOOOOOOOOOOOOOOOOOOOOOOOOOOOOOBIO",
            "normalized": [
                "鹅口疮",
                "发热"
            ],
            "type": [
                "3",
                "1"
            ]
        },
        {
            "speaker": "医生",
            "sentence": "现在这个孩子出现了发热的情况，需要寻找其他方面的原因",
            "label": "OOOOOOOOOBIOOOOOOOOOOOOOOO",
            "normalized": [
                "发热"
            ],
            "type": [
                "1"
            ]
        },
        {
            "speaker": "患者",
            "sentence": "没有了，就是有点拉肚子",
            "label": "OOOOOOOOBII",
            "normalized": [
                "腹泻"
            ],
            "type": [
                "1"
            ]
        },
        {
            "speaker": "医生",
            "sentence": "每天大便几次啊",
            "label": "OOOOOOO",
            "normalized": [],
            "type": []
        },
        {
            "speaker": "医生",
            "sentence": "那这个孩子有没有受凉的情况？家里的大人有没有呼吸道感染的情况",
            "label": "OOOOOOOOOOOOOOOOOOOOOOOOOOOOOO",
            "normalized": [],
            "type": []
        },
        {
            "speaker": "医生",
            "sentence": "这个体温暂时没有必要口服退热药物，多喝水就可以了，超过38.5度可以给孩子应用退热药物",
            "label": "OOOOOOOOOOOOOOOOOOOOOOOOOOOOOOOOOOOOOOOOOOO",
            "normalized": [],
            "type": []
        },
        {
            "speaker": "患者",
            "sentence": "今天已经拉了两三次了",
            "label": "OOOOOOOOOO",
            "normalized": [],
            "type": []
        },
        {
            "speaker": "医生",
            "sentence": "有没有进行大便常规的检查",
            "label": "OOOOOOOOOOOO",
            "normalized": [],
            "type": []
        },
        {
            "speaker": "医生",
            "sentence": "大便当中有没有粘液",
            "label": "OOOOOOOBI",
            "normalized": [
                "大便粘液"
            ],
            "type": [
                "3"
            ]
        },
        {
            "speaker": "患者",
            "sentence": "拉的稀的，还有点泡泡",
            "label": "OOBOOOOOOO",
            "normalized": [
                "稀便"
            ],
            "type": [
                "1"
            ]
        },
        {
            "speaker": "患者",
            "sentence": "没有了",
            "label": "OOO",
            "normalized": [],
            "type": []
        },
        {
            "speaker": "医生",
            "sentence": "那需要考虑急性腹泻病啊，这个疾病也有可能会出现发热的情况",
            "label": "OOOOOOOBIOOOOOOOOOOOOOOBIOOO",
            "normalized": [
                "腹泻",
                "发热"
            ],
            "type": [
                "3",
                "1"
            ]
        },
        {
            "speaker": "医生",
            "sentence": "需要到医院进行大便常规的检查，主要是看一下大便当中有没有炎症，如果有炎症需要口服消炎药等，如果没有炎症口服思密达保护胃肠黏膜就可以了，最多给孩子加一点肠道微生态制剂，比如说双歧杆菌或者妈咪爱",
            "label": "OOOOOOOOOOOOOOOOOOOOOOOOOOOOOOOOOOOOOOOOOOOOOOOOOOOOOOOOOOOOOOOOOOOOOOOOOOOOOOOOOOOOOOOOOOOOOOO",
            "normalized": [],
            "type": []
        },
        {
            "speaker": "患者",
            "sentence": "能给宝宝吃点什么止泻的药吗",
            "label": "OOOOOOOOOOOOO",
            "normalized": [],
            "type": []
        },
        {
            "speaker": "医生",
            "sentence": "可以给孩子口服思密达呀",
            "label": "OOOOOOOOOOO",
            "normalized": [],
            "type": []
        },
        {
            "speaker": "医生",
            "sentence": "这个药具有保护胃肠黏膜的作用，可以止泻",
            "label": "OOOOOOOOOOOOOOOOOOO",
            "normalized": [],
            "type": []
        },
        {
            "speaker": "患者",
            "sentence": "嗯嗯，好的",
            "label": "OOOOO",
            "normalized": [],
            "type": []
        },
        {
            "speaker": "医生",
            "sentence": "嗯嗯",
            "label": "OO",
            "normalized": [],
            "type": []
        },
        {
            "speaker": "医生",
            "sentence": "当然需要做的就是到医院进行大便常规",
            "label": "OOOOOOOOOOOOOOOOO",
            "normalized": [],
            "type": []
        },
        {
            "speaker": "患者",
            "sentence": "谢谢了",
            "label": "OOO",
            "normalized": [],
            "type": []
        },
        {
            "speaker": "医生",
            "sentence": "关于这个孩子鹅口疮应该问题不大的，这个你不需要太担心，但是这个孩子现在出现发热的情况，需要进一步查找这个孩子发热的原因。从你描述的这些情况看，我认为这个孩子急性腹泻病的可能性是比较大的",
            "label": "OOOOOOBIIOOOOOOOOOOOOOOOOOOOOOOOOOOOOBIOOOOOOOOOOOOOOOBIOOOOOOOOOOOOOOOOOOOOOOOOBIOOOOOOOOOO",
            "normalized": [
                "鹅口疮",
                "发热",
                "发热",
                "腹泻"
            ],
            "type": [
                "1",
                "1",
                "1",
                "3"
            ]
        },
        {
            "speaker": "患者",
            "sentence": "嗯嗯，好",
            "label": "OOOO",
            "normalized": [],
            "type": []
        },
        {
            "speaker": "医生",
            "sentence": "可以先给孩子口服思密达保护胃肠粘膜，需要到医院进行大便常规的检查",
            "label": "OOOOOOOOOOOOOOOOOOOOOOOOOOOOOOOO",
            "normalized": [],
            "type": []
        },
        {
            "speaker": "医生",
            "sentence": "另外应该适当的给孩子多喝水，以免出现脱水的情况。反复的拉肚子可能会导致水电解质的紊乱",
            "label": "OOOOOOOOOOOOOOOOOOOOOOOOOOOBIIOOOOOOOOOOOO",
            "normalized": [
                "腹泻"
            ],
            "type": [
                "1"
            ]
        },
        {
            "speaker": "医生",
            "sentence": "孩子的年龄比较小，对水的耐受能力比较差",
            "label": "OOOOOOOOOOOOOOOOOOO",
            "normalized": [],
            "type": []
        },
        {
            "speaker": "患者",
            "sentence": "好的，谢谢??",
            "label": "OOOOOOO",
            "normalized": [],
            "type": []
        },
        {
            "speaker": "医生",
            "sentence": "不客气",
            "label": "OOO",
            "normalized": [],
            "type": []
        },
        {
            "speaker": "医生",
            "sentence": "另外在喂养方面给予适当的调整，采用少量多次的喂养方式",
            "label": "OOOOOOOOOOOOOOOOOOOOOOOOOO",
            "normalized": [],
            "type": []
        },
        {
            "speaker": "医生",
            "sentence": "这样可以减轻胃肠道的负担，结果这个孩子腹泻的症状",
            "label": "OOOOOOOOOOOOOOOOOOOBIOOO",
            "normalized": [
                "腹泻"
            ],
            "type": [
                "1"
            ]
        },
        {
            "speaker": "医生",
            "sentence": "这个孩子是母乳喂养还是人工喂养",
            "label": "OOOOOOOOOOOOOOO",
            "normalized": [],
            "type": []
        },
        {
            "speaker": "医生",
            "sentence": "现在这个孩子有腹泻的情况，如果说出现了尿量的减少，精神状态差，或者说出现了反复的发热但需要到医院就诊的，有必要进行进一步的检查，比如说血常规",
            "label": "OOOOOOOBIOOOOOOOOOOBIIIIOBIIIIOOOOOOOOOOBIOOOOOOOOOOOOOOOOOOOOOOOOOOOO",
            "normalized": [
                "腹泻",
                "尿量减少",
                "精神软",
                "发热"
            ],
            "type": [
                "1",
                "3",
                "3",
                "1"
            ]
        }
    ]
}