{
    "data-split": "train",
    "example-id": "10797250",
    "dialogue-content": [
        {
            "speaker": "医生",
            "sentence": "您好，宝宝咳嗽吗？有没有气喘？",
            "label": "OOOOOBIOOOOOBIO",
            "normalized": [
                "咳嗽",
                "喘息"
            ],
            "type": [
                "1",
                "2"
            ]
        },
        {
            "speaker": "患者",
            "sentence": "偶尔咳两声，听着有口痰，没有气喘",
            "label": "OOBOOOOOOOBOOOBI",
            "normalized": [
                "咳嗽",
                "痰",
                "喘息"
            ],
            "type": [
                "1",
                "1",
                "2"
            ]
        },
        {
            "speaker": "医生",
            "sentence": "流鼻涕频繁吗？",
            "label": "BIIOOOO",
            "normalized": [
                "鼻流涕"
            ],
            "type": [
                "1"
            ]
        },
        {
            "speaker": "患者",
            "sentence": "频繁，这两天饮食也差",
            "label": "OOOOOOOOOO",
            "normalized": [],
            "type": []
        },
        {
            "speaker": "医生",
            "sentence": "宝宝最近有没有打预防针？",
            "label": "OOOOOOOOOOOO",
            "normalized": [],
            "type": []
        },
        {
            "speaker": "患者",
            "sentence": "上周打了",
            "label": "OOOO",
            "normalized": [],
            "type": []
        },
        {
            "speaker": "医生",
            "sentence": "宝宝精神怎么样？喝水多吗？",
            "label": "OOOOOOOOOOOOO",
            "normalized": [],
            "type": []
        },
        {
            "speaker": "患者",
            "sentence": "精神还行，就是不爱喝水，母乳倒是不拒绝",
            "label": "OOOOOOOOOOOOOOOOOOO",
            "normalized": [],
            "type": []
        },
        {
            "speaker": "医生",
            "sentence": "宝宝有没有受凉？",
            "label": "OOOOOOOO",
            "normalized": [],
            "type": []
        },
        {
            "speaker": "医生",
            "sentence": "根据您的描述，宝宝有感冒症状的，现在用的氨酚黄那敏是医生开的吗？",
            "label": "OOOOOOOOOOBIOOOOOOOOOOOOOOOOOOOO",
            "normalized": [
                "普通感冒"
            ],
            "type": [
                "1"
            ]
        },
        {
            "speaker": "患者",
            "sentence": "辅食吃的少，可能晚上吧，因为爱踢被子，但穿着连体衣，天气也不冷呀",
            "label": "OOOOOOOOOOOOOOOOOOOOOOOOOOOOOOOO",
            "normalized": [],
            "type": []
        },
        {
            "speaker": "医生",
            "sentence": "宝宝从母体带来的抵抗力可以持续六个月，之后自身免疫力差，容易感染",
            "label": "OOOOOOOOOOOOOOOOOOOOOOOOOOOOOOOO",
            "normalized": [],
            "type": []
        },
        {
            "speaker": "医生",
            "sentence": "所以这时候是宝宝体质比较差的时候，不要太紧张",
            "label": "OOOOOOOOOOOOOOOOOOOOOO",
            "normalized": [],
            "type": []
        },
        {
            "speaker": "医生",
            "sentence": "宝宝感冒症状缓解的药物比较少，以中成药为主，清热解毒之类的药物，需要儿科医生根据宝宝症状，还有具体检查给于开具处方，不要自行给宝贝用药哦",
            "label": "OOBIOOOOOOOOOOOOOOOOOOOOOOOOOOOOOOOOOOOOOOOOOOOOOOOOOOOOOOOOOOOOOOOO",
            "normalized": [
                "普通感冒"
            ],
            "type": [
                "1"
            ]
        },
        {
            "speaker": "医生",
            "sentence": "宝宝经常感冒吗？",
            "label": "OOOOBIOO",
            "normalized": [
                "普通感冒"
            ],
            "type": [
                "1"
            ]
        },
        {
            "speaker": "患者",
            "sentence": "感冒倒是第一次，就是肠胃不太好，前段时间消化不良拉肚子拉了两周",
            "label": "BIOOOOOOOOOOOOOOOOOOBIIIBIIOOOO",
            "normalized": [
                "普通感冒",
                "消化不良",
                "腹泻"
            ],
            "type": [
                "1",
                "1",
                "1"
            ]
        },
        {
            "speaker": "医生",
            "sentence": "宝宝是足月出生吗？",
            "label": "OOOOOOOOO",
            "normalized": [],
            "type": []
        },
        {
            "speaker": "医生",
            "sentence": "出生有没有异常？",
            "label": "OOOOOOOO",
            "normalized": [],
            "type": []
        },
        {
            "speaker": "患者",
            "sentence": "足月生的，出生没有异常",
            "label": "OOOOOOOOOOO",
            "normalized": [],
            "type": []
        },
        {
            "speaker": "医生",
            "sentence": "宝宝免疫力差的话，容易反复感染，益生菌有一定的调节免疫力的功能，但是每个宝宝效果不一样。",
            "label": "OOOOOOOOOOOOOOOOOOOOOOOOOOOOOOOOOOOOOOOOOOOO",
            "normalized": [],
            "type": []
        },
        {
            "speaker": "患者",
            "sentence": "就是拉肚子时买了，合生元的，没用",
            "label": "OOBIIOOOOOOOOOOO",
            "normalized": [
                "腹泻"
            ],
            "type": [
                "1"
            ]
        },
        {
            "speaker": "医生",
            "sentence": "宝宝嗓子哑，也是一种感冒症状，先不要给宝贝自行用药，经过儿科医生面诊后，查血常规等相关检查，明确炎症，给于对症治疗，才能有更好的治疗效果",
            "label": "OOBIIOOOOOBIOOOOOOOOOOOOOOOOOOOOOOOOOOOOOOOOOOOOOOOOOOOOOOOOOOOOOOOO",
            "normalized": [
                "沙哑",
                "普通感冒"
            ],
            "type": [
                "1",
                "1"
            ]
        },
        {
            "speaker": "医生",
            "sentence": "这个益生菌是一种保健品，可以给宝贝吃一段时间看看",
            "label": "OOOOOOOOOOOOOOOOOOOOOOOO",
            "normalized": [],
            "type": []
        },
        {
            "speaker": "患者",
            "sentence": "好的，那感冒期间也能用吗？",
            "label": "OOOOBIOOOOOOO",
            "normalized": [
                "普通感冒"
            ],
            "type": [
                "1"
            ]
        },
        {
            "speaker": "医生",
            "sentence": "给宝贝多喝水，清淡饮食，不要吃海鲜，比如虾泥之类的",
            "label": "OOOOOOOOOOOOOOOOOOOOOOOOO",
            "normalized": [],
            "type": []
        },
        {
            "speaker": "医生",
            "sentence": "益生菌现在可以吃的哦",
            "label": "OOOOOOOOOO",
            "normalized": [],
            "type": []
        },
        {
            "speaker": "医生",
            "sentence": "室内勤通风，保持空气一定湿度和温度，家里有感冒的积极治疗，尽量少接触宝宝哦",
            "label": "OOOOOOOOOOOOOOOOOOOOOOOOOOOOOOOOOOOOO",
            "normalized": [],
            "type": []
        },
        {
            "speaker": "患者",
            "sentence": "知道",
            "label": "OO",
            "normalized": [],
            "type": []
        },
        {
            "speaker": "医生",
            "sentence": "好的",
            "label": "OO",
            "normalized": [],
            "type": []
        },
        {
            "speaker": "医生",
            "sentence": "尽快给宝贝检查看看，西药感冒药有很多副作用，不要自己给宝贝吃哦",
            "label": "OOOOOOOOOOOOOOOOOOOOOOOOOOOOOOO",
            "normalized": [],
            "type": []
        }
    ]
}