{
    "data-split": "train",
    "example-id": "10431164",
    "dialogue-content": [
        {
            "speaker": "医生",
            "sentence": "你好",
            "label": "OO",
            "normalized": [],
            "type": []
        },
        {
            "speaker": "医生",
            "sentence": "我是您的接诊医生",
            "label": "OOOOOOOO",
            "normalized": [],
            "type": []
        },
        {
            "speaker": "患者",
            "sentence": "三岁宝宝刚去幼儿园，流鼻涕两周，先开始是清鼻涕，这两天有点黄鼻涕，昨天开始咳嗽听声音感觉有痰，鼻涕又成清鼻涕。没有吃药吃的维生素C，一直不好该给他吃药吗？？从小很少感冒的孩子",
            "label": "OOOOOOOOOOBIIOOOOOOOBIIOOOOOOBIIOOOOOBIOOOOOBIOBIOOOBIOOOOOOOOOOOOOOOOOOOOOOOOOOOOBIOOO",
            "normalized": [
                "鼻流涕",
                "鼻流涕",
                "鼻流涕",
                "咳嗽",
                "痰",
                "鼻流涕",
                "鼻流涕",
                "普通感冒"
            ],
            "type": [
                "1",
                "1",
                "1",
                "1",
                "1",
                "1",
                "1",
                "3"
            ]
        },
        {
            "speaker": "医生",
            "sentence": "宝贝去幼儿园的话一是喝水比较少或者幼儿园里有小朋友感冒的话很容易交叉感染的",
            "label": "OOOOOOOOOOOOOOOOOOOOOOOOOOOOOOOOOOOOO",
            "normalized": [],
            "type": []
        },
        {
            "speaker": "患者",
            "sentence": "医生他这种情况就必须吃药了是吧",
            "label": "OOOOOOOOOOOOOOO",
            "normalized": [],
            "type": []
        },
        {
            "speaker": "患者",
            "sentence": "班里好几个小朋友都感冒了",
            "label": "OOOOOOOOOOOO",
            "normalized": [],
            "type": []
        },
        {
            "speaker": "医生",
            "sentence": "清水鼻涕主要是受凉的表现，这个一定要注意保暖，别着凉，特别早晨晚上空气太凉了，尽量别外出，多喝点温水，鼻涕症状就会好点",
            "label": "BIIIOOOOOOOOOOOOOOOOOOOOOOOOOOOOOOOOOOOOOOOOOOOOOOOBIOOOOOO",
            "normalized": [
                "鼻流涕",
                "鼻流涕"
            ],
            "type": [
                "1",
                "1"
            ]
        },
        {
            "speaker": "医生",
            "sentence": "宝贝黄鼻涕的话就是排除的粘菌，那个粘菌能够排出去也是比较好的，那个利于宝贝恢复的！",
            "label": "OOBIIOOOOOOOOOOOOOOOOOOOOOOOOOOOOOOOOOOOO",
            "normalized": [
                "鼻流涕"
            ],
            "type": [
                "1"
            ]
        },
        {
            "speaker": "医生",
            "sentence": "宝贝咳嗽勤吗？",
            "label": "OOBIOOO",
            "normalized": [
                "咳嗽"
            ],
            "type": [
                "1"
            ]
        },
        {
            "speaker": "患者",
            "sentence": "前几天都见好了这两天又咳嗽了",
            "label": "OOOOOOOOOOOBIO",
            "normalized": [
                "咳嗽"
            ],
            "type": [
                "1"
            ]
        },
        {
            "speaker": "患者",
            "sentence": "不是很勤有痰他不会吐",
            "label": "OOOOBIOOOB",
            "normalized": [
                "痰",
                "呕吐"
            ],
            "type": [
                "1",
                "2"
            ]
        },
        {
            "speaker": "医生",
            "sentence": "宝贝咳嗽痰随着炎症渗出痰开始增多，痰多后刺激的半侧咳嗽症状会比较明显",
            "label": "OOBIBOOOOOOBOOOOOBOOOOOOOBIOOOOOOO",
            "normalized": [
                "咳嗽",
                "痰",
                "痰",
                "痰",
                "咳嗽"
            ],
            "type": [
                "1",
                "1",
                "1",
                "1",
                "1"
            ]
        },
        {
            "speaker": "患者",
            "sentence": "有必要吃药吗喂药太困难了",
            "label": "OOOOOOOOOOOO",
            "normalized": [],
            "type": []
        },
        {
            "speaker": "患者",
            "sentence": "这是往外排是快好的迹象吗",
            "label": "OOOOOOOOOOOO",
            "normalized": [],
            "type": []
        },
        {
            "speaker": "医生",
            "sentence": "宝贝小不会吐痰，痰只能的被呕吐出去或者拉出去，所以多给宝贝拍背能把痰呕吐出去也是比较好的，这样体内粘菌就少了！",
            "label": "OOOOOBIOBOOOOBIOOOOOOOOOOOOOOOOOOBBIOOOOOOOOOOOOOOOOOOO",
            "normalized": [
                "痰",
                "痰",
                "呕吐",
                "痰",
                "呕吐"
            ],
            "type": [
                "1",
                "1",
                "1",
                "1",
                "1"
            ]
        },
        {
            "speaker": "患者",
            "sentence": "嗯嗯",
            "label": "OO",
            "normalized": [],
            "type": []
        },
        {
            "speaker": "医生",
            "sentence": "宝贝这个痰的话不会排那么快的，这个病总共疗程是7到10天时间，宝贝越小恢复起来越慢",
            "label": "OOOOBOOOOOOOOOOOOOOOOOOOOOOOOOOOOOOOOOOOO",
            "normalized": [
                "痰"
            ],
            "type": [
                "1"
            ]
        },
        {
            "speaker": "患者",
            "sentence": "那该不该吃药呢",
            "label": "OOOOOOO",
            "normalized": [],
            "type": []
        },
        {
            "speaker": "医生",
            "sentence": "宝贝期间看过医生吗？亲",
            "label": "OOOOOOOOOOO",
            "normalized": [],
            "type": []
        },
        {
            "speaker": "患者",
            "sentence": "没有呢",
            "label": "OOO",
            "normalized": [],
            "type": []
        },
        {
            "speaker": "医生",
            "sentence": "这样宝贝目前的话主要是支气管炎表现，这个主要是感染受凉引起来的，幼儿园交叉感染都有可能，这个治疗原则主要是消炎止咳化痰治疗！",
            "label": "OOOOOOOOOOOBIIIOOOOOOOOOOOOOOOOOOOOOOOOOOOOOOOOOOOOOOOOOOOOOOO",
            "normalized": [
                "支气管炎"
            ],
            "type": [
                "3"
            ]
        },
        {
            "speaker": "患者",
            "sentence": "不用吃感冒药吗",
            "label": "OOOOOOO",
            "normalized": [],
            "type": []
        },
        {
            "speaker": "医生",
            "sentence": "所以我建议给宝贝先查个血常规胸片，排除一下支气管炎，明确一下炎症大小，这样能够根据结果对症处理，能够指导我们用药，用药原则，用药时间！",
            "label": "OOOOOOOOOOOOOOOOOOOOOBIIIOOOOOOOOOOOOOOOOOOOOOOOOOOOOOOOOOOOOOOOOOO",
            "normalized": [
                "支气管炎"
            ],
            "type": [
                "3"
            ]
        },
        {
            "speaker": "患者",
            "sentence": "准备给他吃小儿解感颗粒呢",
            "label": "OOOOOOOOOOOO",
            "normalized": [],
            "type": []
        },
        {
            "speaker": "患者",
            "sentence": "哄不进医院呢",
            "label": "OOOOOO",
            "normalized": [],
            "type": []
        },
        {
            "speaker": "医生",
            "sentence": "宝贝吃饭还要注意饮食，生冷辛辣刺激食物不能吃油腻食物不能吃，特别油腻食物容易生痰的，多喝点温水，多给宝贝拍背促进痰的排除，痰咽下去之后胃肠功能会影响所以能吃多少吃多少别强喂奥",
            "label": "OOOOOOOOOOOOOOOOOOOOOOOOOOOOOOOOOOOOOOBIOOOOOOOOOOOOOOOOBOOOOBOOOOOOOOOOOOOOOOOOOOOOOOO",
            "normalized": [
                "痰",
                "痰",
                "痰"
            ],
            "type": [
                "1",
                "1",
                "1"
            ]
        },
        {
            "speaker": "医生",
            "sentence": "这个一定先就医，排除一下支气管炎，明确一下炎症大小，能够指导我们用药，比较对症",
            "label": "OOOOOOOOOOOOBIIIOOOOOOOOOOOOOOOOOOOOOOO",
            "normalized": [
                "支气管炎"
            ],
            "type": [
                "3"
            ]
        },
        {
            "speaker": "患者",
            "sentence": "好的",
            "label": "OO",
            "normalized": [],
            "type": []
        },
        {
            "speaker": "医生",
            "sentence": "带宝贝去检查一下根据结果对症处理，再注意以上注意事项奥就可以了",
            "label": "OOOOOOOOOOOOOOOOOOOOOOOOOOOOOOO",
            "normalized": [],
            "type": []
        },
        {
            "speaker": "医生",
            "sentence": "注意休息，别活动太厉害了，容易咳嗽的",
            "label": "OOOOOOOOOOOOOOOBIO",
            "normalized": [
                "咳嗽"
            ],
            "type": [
                "1"
            ]
        },
        {
            "speaker": "患者",
            "sentence": "好的明白了",
            "label": "OOOOO",
            "normalized": [],
            "type": []
        },
        {
            "speaker": "患者",
            "sentence": "谢谢您医生",
            "label": "OOOOO",
            "normalized": [],
            "type": []
        },
        {
            "speaker": "医生",
            "sentence": "嗯啊，带着去查一下然后再注意以上注意事项奥，就可以利于宝贝恢复的",
            "label": "OOOOOOOOOOOOOOOOOOOOOOOOOOOOOOOO",
            "normalized": [],
            "type": []
        }
    ]
}