{
    "data-split": "train",
    "example-id": "10291422",
    "dialogue-content": [
        {
            "speaker": "医生",
            "sentence": "您好",
            "label": "OO",
            "normalized": [],
            "type": []
        },
        {
            "speaker": "患者",
            "sentence": "你好！",
            "label": "OOO",
            "normalized": [],
            "type": []
        },
        {
            "speaker": "医生",
            "sentence": "如果是肠炎的话，大便可能会比较稀，偶尔还会出现在带血丝的情况。",
            "label": "OOOBIOOOOOOOOOOBOOOOOOOOOBIOOOO",
            "normalized": [
                "肠炎",
                "稀便",
                "血便"
            ],
            "type": [
                "3",
                "3",
                "2"
            ]
        },
        {
            "speaker": "患者",
            "sentence": "没有看到有血丝",
            "label": "OOOOOBI",
            "normalized": [
                "血便"
            ],
            "type": [
                "2"
            ]
        },
        {
            "speaker": "患者",
            "sentence": "∞",
            "label": "O",
            "normalized": [],
            "type": []
        },
        {
            "speaker": "医生",
            "sentence": "有没有炎症，主要以大便常规检查结果为准。",
            "label": "OOOOOOOOOOOOOOOOOOOO",
            "normalized": [],
            "type": []
        },
        {
            "speaker": "患者",
            "sentence": "只是那个大便有的时候是蛋花状，有的时候是那个果冻状，黏黏的。",
            "label": "OOOOOOOOOOOBIIOOOOOOOOBIIOOOOO",
            "normalized": [
                "水样便",
                "稀便"
            ],
            "type": [
                "1",
                "1"
            ]
        },
        {
            "speaker": "患者",
            "sentence": "i医生你帮我看一下那个大便常规，检查那个结果有没有炎症啊。",
            "label": "OOOOOOOOOOOOOOOOOOOOOOOOOOOOO",
            "normalized": [],
            "type": []
        },
        {
            "speaker": "医生",
            "sentence": "好的",
            "label": "OO",
            "normalized": [],
            "type": []
        },
        {
            "speaker": "医生",
            "sentence": "白细胞有然后隐血也是阳性的，考虑是有肠炎。",
            "label": "OOOOOOOOOOOOOOOOOOBIO",
            "normalized": [
                "肠炎"
            ],
            "type": [
                "3"
            ]
        },
        {
            "speaker": "患者",
            "sentence": "这样的话，时间久会不会有引起别的什么并发症。",
            "label": "OOOOOOOOOOOOOOOOOOOOOO",
            "normalized": [],
            "type": []
        },
        {
            "speaker": "患者",
            "sentence": "因为前天中午突然的大哭不止半个钟左右。之后也，没有以前玩的那么好，对什么是东西好像也不感兴趣。",
            "label": "OOOOOOOOOOBOOOOOOOOOOOOOOOOOOOOOOOOOOOOOOOOOOOO",
            "normalized": [
                "哭闹"
            ],
            "type": [
                "1"
            ]
        },
        {
            "speaker": "医生",
            "sentence": "时间长了可能难好一点。",
            "label": "OOOOOOOOOOO",
            "normalized": [],
            "type": []
        },
        {
            "speaker": "医生",
            "sentence": "而有可能会并发肠出血，肠穿孔这些但是这些发生的概率非常非常小的。",
            "label": "OOOOOOOOOOOOOOOOOOOOOOOOOOOOOOOO",
            "normalized": [],
            "type": []
        },
        {
            "speaker": "患者",
            "sentence": "那有没有可能会引起脑膜炎在百度上查看到的，很害怕",
            "label": "OOOOOOOOOBIIOOOOOOOOOOOO",
            "normalized": [
                "脑膜炎"
            ],
            "type": [
                "3"
            ]
        },
        {
            "speaker": "医生",
            "sentence": "可能性很小，宝宝有什么表现吗？",
            "label": "OOOOOOOOOOOOOOO",
            "normalized": [],
            "type": []
        },
        {
            "speaker": "患者",
            "sentence": "前天中午我给他买了那个拉肚贴，药膏上面那个小白圆子忘记撕了贴了两个多钟之后把睡觉了，我看她嘴巴干，老式拉肚子，就想着跟他喂点茶喝。他不愿意，呵呵的时候呛到几次就大哭不止半个钟。怎么哄都哄不到之后慢慢慢慢不哭了，睡了一会儿起来感觉，他也不玩啦，对什么也不感兴趣了看着整个人好像都没有以前，活泼。",
            "label": "OOOOOOOOOOOOOOOOOOOOOOOOOOOOOOOOOOOOOOOOOOOOOOOOOOOBIIOOOOOOOOOOOOOOOOOOOOOOOOOOOOOOOOOOOOOOOOOOOOOOOOBOOOOOOOOOOOOOOOOOOOOOOOOOOOOOOOOOOOOOOOOOOO",
            "normalized": [
                "腹泻",
                "哭闹"
            ],
            "type": [
                "1",
                "2"
            ]
        },
        {
            "speaker": "医生",
            "sentence": "宝宝大便一般一天几次",
            "label": "OOOOOOOOOO",
            "normalized": [],
            "type": []
        },
        {
            "speaker": "患者",
            "sentence": "四五次，每次不过拉的不是很多。",
            "label": "OOOOOOOOOOOOOOO",
            "normalized": [],
            "type": []
        },
        {
            "speaker": "医生",
            "sentence": "哦",
            "label": "O",
            "normalized": [],
            "type": []
        },
        {
            "speaker": "患者",
            "sentence": "她吃饭不啦，一吃奶粉就拉。",
            "label": "OOOOOOOOOOOOO",
            "normalized": [],
            "type": []
        },
        {
            "speaker": "医生",
            "sentence": "这个不像脑膜炎的症状。",
            "label": "OOOOBIIOOOO",
            "normalized": [
                "脑膜炎"
            ],
            "type": [
                "2"
            ]
        },
        {
            "speaker": "患者",
            "sentence": "脑门炎有什么症状可以说一下吗？",
            "label": "OOOOOOOOOOOOOOO",
            "normalized": [],
            "type": []
        },
        {
            "speaker": "医生",
            "sentence": "好的",
            "label": "OO",
            "normalized": [],
            "type": []
        },
        {
            "speaker": "患者",
            "sentence": "真的好担心很害怕",
            "label": "OOOOOOOO",
            "normalized": [],
            "type": []
        },
        {
            "speaker": "医生",
            "sentence": "没有精神，嗜睡，乏力，恶心呕吐吐得非常远。",
            "label": "BIIIOBIOBIOBIIIBIOOOO",
            "normalized": [
                "精神软",
                "嗜睡",
                "乏力",
                "呕吐",
                "呕吐"
            ],
            "type": [
                "3",
                "3",
                "3",
                "3",
                "3"
            ]
        },
        {
            "speaker": "患者",
            "sentence": "他有的时候吃完奶也不知道是吃的太饱啦就吐奶出来",
            "label": "OOOOOOOOOOOOOOOOOOOBIOO",
            "normalized": [
                "呕吐"
            ],
            "type": [
                "1"
            ]
        },
        {
            "speaker": "医生",
            "sentence": "喷射性的吗",
            "label": "OOOOO",
            "normalized": [],
            "type": []
        },
        {
            "speaker": "患者",
            "sentence": "只是吃完奶后做两三次不是喷射性的。",
            "label": "OOOOOOOOOOOOOOOOO",
            "normalized": [],
            "type": []
        },
        {
            "speaker": "医生",
            "sentence": "有没有可能是吃撑到了？",
            "label": "OOOOOOOOOOO",
            "normalized": [],
            "type": []
        },
        {
            "speaker": "患者",
            "sentence": "这段时间吃的也没之前多，胃口也不好吃一点的就吐。",
            "label": "OOOOOOOOOOOOOOOOOOOOOOBO",
            "normalized": [
                "呕吐"
            ],
            "type": [
                "1"
            ]
        },
        {
            "speaker": "医生",
            "sentence": "嗯。一般脑膜炎的话，那呕吐的比较远。",
            "label": "OOOOBIIOOOOBIOOOOO",
            "normalized": [
                "脑膜炎",
                "呕吐"
            ],
            "type": [
                "3",
                "1"
            ]
        },
        {
            "speaker": "患者",
            "sentence": "那宝宝为什么突然之间，玩的没以前好，对什么不感兴趣。钱那个药，拉肚子的药膏上面小白纸忘记撕了，有影响吗。",
            "label": "OOOOOOOOOOOOOOOOOOOOOOOOOOOOOOOBIIOOOOOOOOOOOOOOOOOO",
            "normalized": [
                "腹泻"
            ],
            "type": [
                "1"
            ]
        },
        {
            "speaker": "医生",
            "sentence": "上面讲的其它症状，宝宝有没有呢？",
            "label": "OOOOOOOOOOOOOOOO",
            "normalized": [],
            "type": []
        },
        {
            "speaker": "医生",
            "sentence": "可能是拉肚子拉的缺水了。",
            "label": "OOOBIIOOOOOO",
            "normalized": [
                "腹泻"
            ],
            "type": [
                "1"
            ]
        },
        {
            "speaker": "患者",
            "sentence": "这两天老是哭比之前睡得多一点",
            "label": "OOOOOBOOOOOOOO",
            "normalized": [
                "哭闹"
            ],
            "type": [
                "1"
            ]
        },
        {
            "speaker": "医生",
            "sentence": "有没有皮肤起皱？",
            "label": "OOOOOOOO",
            "normalized": [],
            "type": []
        },
        {
            "speaker": "医生",
            "sentence": "出现这些症状害怕宝宝有脱水的情况。",
            "label": "OOOOOOOOOOOBIOOOO",
            "normalized": [
                "脱水"
            ],
            "type": [
                "3"
            ]
        },
        {
            "speaker": "患者",
            "sentence": "你前天拿了药吃了，昨天今天都没没啦的之前那么厉害。",
            "label": "OOOOOOOOOOOOOOOOOOOOOOOOO",
            "normalized": [],
            "type": []
        },
        {
            "speaker": "患者",
            "sentence": "前天拿了药吃，这两天没有之前那拉的那么厉害。",
            "label": "OOOOOOOOOOOOOOOOOOOOOO",
            "normalized": [],
            "type": []
        },
        {
            "speaker": "患者",
            "sentence": "他嘴巴总是干干的给他喝水，他又不喝，总在那里哭。",
            "label": "OOOOOOOOOOOOOOOOOOOOOOOO",
            "normalized": [],
            "type": []
        },
        {
            "speaker": "医生",
            "sentence": "",
            "label": "",
            "normalized": [],
            "type": []
        },
        {
            "speaker": "患者",
            "sentence": "医生您好，他突然间不玩，对什么也不感兴趣，也可能是脱水引起的，那要怎么办？严不严重啊？",
            "label": "OOOOOOOOOOOOOOOOOOOOOOOOOBIOOOOOOOOOOOOOOOO",
            "normalized": [
                "脱水"
            ],
            "type": [
                "3"
            ]
        },
        {
            "speaker": "医生",
            "sentence": "小宝宝有没有这个针信号线哭的时候没眼泪然后皮肤起着咋像老年人那样的，恩就是啊你小便量明显减少，他还有么有就是，",
            "label": "OOOOOOOOOOOOOOOOOOOOOOOOOOOOOOOOOOOOOOOOOOOOOOOOOOOOOOO",
            "normalized": [],
            "type": []
        },
        {
            "speaker": "医生",
            "sentence": "有这些症状吗？",
            "label": "OOOOOOO",
            "normalized": [],
            "type": []
        },
        {
            "speaker": "患者",
            "sentence": "皮肤很干燥，前胸有一点凹陷，小便还可以。",
            "label": "OOOOOOOOOOOOOOOOOOOO",
            "normalized": [],
            "type": []
        },
        {
            "speaker": "医生",
            "sentence": "",
            "label": "",
            "normalized": [],
            "type": []
        },
        {
            "speaker": "患者",
            "sentence": "前天去医院，不知道他开的什么药，打了一针。之后，这两天嗯。昨天啦了一次，今天目前拉了一次。",
            "label": "OOOOOOOOOOOOOOOOOOOOOOOOOOOOOOOOOOOOOOOOOOOOO",
            "normalized": [],
            "type": []
        },
        {
            "speaker": "医生",
            "sentence": "嗯就是么有用一些什么口服的药物吗除了这个打针，后面有没有用其他什么药呢，宝宝热个大便次数是明显好转的，你可以给宝宝补点碘补点那个口服补液盐，如果我不喝水这个比较麻烦，懂，",
            "label": "OOOOOOOOOOOOOOOOOOOOOOOOOOOOOOOOOOOOOOOOOOOOOOOOOOOOOOOOOOOOOOOOOOOOOOOOOOOOOOOOOOOOO",
            "normalized": [],
            "type": []
        },
        {
            "speaker": "患者",
            "sentence": "有的给了那个口服的药一天，好的。我今天下午去他买那个口服液",
            "label": "OOOOOOOOOOOOOOOOOOOOOOOOOOOOO",
            "normalized": [],
            "type": []
        },
        {
            "speaker": "患者",
            "sentence": "医生我还想问一下他，我说的上面那个症状跟他抢了，缺水有关系呐，对他大脑有影响吗？",
            "label": "OOOOOOOOOOOOOOOOOOOOOOOOOOOOOOOOOOOOOOOO",
            "normalized": [],
            "type": []
        },
        {
            "speaker": "医生",
            "sentence": "嗯宝宝累不进去水我建议最好能够输液输液都得快一些因为宝宝有任何，是最的情况开始不也有点干燥，皮肤也有点干的，",
            "label": "OOOOOOOOOOOOOOOOOOOOOOOOOOOOOOOOOOOOOOOOOOOOOOOOOOOOOO",
            "normalized": [],
            "type": []
        },
        {
            "speaker": "医生",
            "sentence": "你上面讲的那些就是跟你那个住七天么有时应该没什么关系的，",
            "label": "OOOOOOOOOOOOOOOOOOOOOOOOOOOO",
            "normalized": [],
            "type": []
        },
        {
            "speaker": "医生",
            "sentence": "",
            "label": "",
            "normalized": [],
            "type": []
        },
        {
            "speaker": "患者",
            "sentence": "好的，好好的非常感谢你啊！非常感谢你。",
            "label": "OOOOOOOOOOOOOOOOOOO",
            "normalized": [],
            "type": []
        },
        {
            "speaker": "医生",
            "sentence": "嗯，不客气。",
            "label": "OOOOOO",
            "normalized": [],
            "type": []
        },
        {
            "speaker": "医生",
            "sentence": "祝宝宝身体健康。",
            "label": "OOOOOOOO",
            "normalized": [],
            "type": []
        },
        {
            "speaker": "患者",
            "sentence": "谢谢谢谢",
            "label": "OOOO",
            "normalized": [],
            "type": []
        },
        {
            "speaker": "医生",
            "sentence": "不用谢，",
            "label": "OOOO",
            "normalized": [],
            "type": []
        },
        {
            "speaker": "医生",
            "sentence": "如果有什么疑问可以再次咨询的。",
            "label": "OOOOOOOOOOOOOOO",
            "normalized": [],
            "type": []
        },
        {
            "speaker": "患者",
            "sentence": "好的",
            "label": "OO",
            "normalized": [],
            "type": []
        },
        {
            "speaker": "医生",
            "sentence": "俺的",
            "label": "OO",
            "normalized": [],
            "type": []
        },
        {
            "speaker": "医生",
            "sentence": "好的",
            "label": "OO",
            "normalized": [],
            "type": []
        },
        {
            "speaker": "医生",
            "sentence": "您还有什么疑问吗？如果没有的话也可以关闭了。",
            "label": "OOOOOOOOOOOOOOOOOOOOOO",
            "normalized": [],
            "type": []
        }
    ]
}