{
    "data-split": "train",
    "example-id": "10068766",
    "dialogue-content": [
        {
            "speaker": "医生",
            "sentence": "您好，不知有化验便常规吗？",
            "label": "OOOOOOOOOOOOO",
            "normalized": [],
            "type": []
        },
        {
            "speaker": "患者",
            "sentence": "没有化验",
            "label": "OOOO",
            "normalized": [],
            "type": []
        },
        {
            "speaker": "医生",
            "sentence": "大便什么性状的？",
            "label": "OOOOOOOO",
            "normalized": [],
            "type": []
        },
        {
            "speaker": "患者",
            "sentence": "有点水",
            "label": "OOO",
            "normalized": [],
            "type": []
        },
        {
            "speaker": "医生",
            "sentence": "是稀水便？蛋花汤样还是脓液血便？稀糊便？",
            "label": "OBIIOBIIIOOBIIIOBIIO",
            "normalized": [
                "水样便",
                "蛋花汤样便",
                "脓血便",
                "稀便"
            ],
            "type": [
                "3",
                "3",
                "3",
                "3"
            ]
        },
        {
            "speaker": "医生",
            "sentence": "有发热呕吐吗？",
            "label": "OBIBIOO",
            "normalized": [
                "发热",
                "呕吐"
            ],
            "type": [
                "2",
                "2"
            ]
        },
        {
            "speaker": "患者",
            "sentence": "没有",
            "label": "OO",
            "normalized": [],
            "type": []
        },
        {
            "speaker": "医生",
            "sentence": "肠炎确诊需要化验大便确诊，消化不良，腹部受凉也可以引起腹泻现象。",
            "label": "BIOOOOOOOOOOOBIIIOOOOOOOOOOBIOOO",
            "normalized": [
                "肠炎",
                "消化不良",
                "腹泻"
            ],
            "type": [
                "1",
                "3",
                "1"
            ]
        },
        {
            "speaker": "患者",
            "sentence": "在诊所看了说是肠炎",
            "label": "OOOOOOOBI",
            "normalized": [
                "肠炎"
            ],
            "type": [
                "1"
            ]
        },
        {
            "speaker": "医生",
            "sentence": "及时是肠炎通常不影响母乳喂养的",
            "label": "OOOBIOOOOOOOOOO",
            "normalized": [
                "肠炎"
            ],
            "type": [
                "1"
            ]
        },
        {
            "speaker": "患者",
            "sentence": "说是消化不良",
            "label": "OOBIII",
            "normalized": [
                "消化不良"
            ],
            "type": [
                "1"
            ]
        },
        {
            "speaker": "医生",
            "sentence": "思密达到时可以服用有吸附细菌病毒，止泻作用",
            "label": "OOOOOOOOOOOOOOOOOOOOO",
            "normalized": [],
            "type": []
        },
        {
            "speaker": "患者",
            "sentence": "没拉肚子之前屁眼有点水便滴出来，有时候一天滴几次，这种情况好多天了，去化验大便说没问题",
            "label": "OBIIOOOOOOBIOOOOOOOOOOOOOOOOOOOOOOOOOOOOOOO",
            "normalized": [
                "腹泻",
                "水样便"
            ],
            "type": [
                "1",
                "1"
            ]
        },
        {
            "speaker": "医生",
            "sentence": "消化不良，也可以继续母乳喂养。但宝妈饮食要注意清淡。不要吃凉食",
            "label": "BIIIOOOOOOOOOOOOOOOOOOOOOOOOOOO",
            "normalized": [
                "消化不良"
            ],
            "type": [
                "1"
            ]
        },
        {
            "speaker": "患者",
            "sentence": "喝了思密达，昨天开始喝的",
            "label": "OOOOOOOOOOOO",
            "normalized": [],
            "type": []
        },
        {
            "speaker": "医生",
            "sentence": "无论消化不良还是肠道感染，注意喂养，注意腹部保暖，对症治疗都需要一定时间恢复的。",
            "label": "OOBIIIOOOOOOOOOOOOOOOOOOOOOOOOOOOOOOOOOO",
            "normalized": [
                "消化不良"
            ],
            "type": [
                "1"
            ]
        },
        {
            "speaker": "患者",
            "sentence": "这种情况要几天才能好？已经拉三天了，怕宝宝受不了，才六个多月",
            "label": "OOOOOOOOOOOOOOOOOOOOOOOOOOOOOO",
            "normalized": [],
            "type": []
        },
        {
            "speaker": "医生",
            "sentence": "比如病毒性肠炎一般需要1周左右痊愈，所以主要是明确腹泻原因。",
            "label": "OOOOOOOOOOOOOOOOOOOOOOOOOBIOOO",
            "normalized": [
                "腹泻"
            ],
            "type": [
                "1"
            ]
        },
        {
            "speaker": "患者",
            "sentence": "好吧谢谢医生",
            "label": "OOOOOO",
            "normalized": [],
            "type": []
        },
        {
            "speaker": "医生",
            "sentence": "如果单纯消化不良一般注意合理喂养多3-5天逐渐恢复。",
            "label": "OOOOBIIIOOOOOOOOOOOOOOOOOO",
            "normalized": [
                "消化不良"
            ],
            "type": [
                "1"
            ]
        }
    ]
}