{
    "data-split": "train",
    "example-id": "10203705",
    "dialogue-content": [
        {
            "speaker": "医生",
            "sentence": "目前先口服上述两种药物，注意监测体温，超过38.5℃可以口服退烧药物",
            "label": "OOOOOOOOOOOOOOOOOOOOOOOOOOOOOOOOOO",
            "normalized": [],
            "type": []
        },
        {
            "speaker": "医生",
            "sentence": "不知宝宝除了腹泻还有其他不适症状吗？如呕吐，腹胀阵发性哭闹？",
            "label": "OOOOOOBIOOOOOOOOOOOBIOBIOOOBIO",
            "normalized": [
                "腹泻",
                "呕吐",
                "腹胀",
                "哭闹"
            ],
            "type": [
                "1",
                "2",
                "3",
                "3"
            ]
        },
        {
            "speaker": "患者",
            "sentence": "蒙脱石散四点喂的，三分之一包，晚上啥时候再喂？",
            "label": "OOOOOOOOOOOOOOOOOOOOOOO",
            "normalized": [],
            "type": []
        },
        {
            "speaker": "患者",
            "sentence": "精神很好，没有呕吐。",
            "label": "OOOOOOOBIO",
            "normalized": [
                "呕吐"
            ],
            "type": [
                "2"
            ]
        },
        {
            "speaker": "医生",
            "sentence": "8小时喂一次，注意两顿奶中间空腹喂",
            "label": "OOOOOOOOOOOOOOOOO",
            "normalized": [],
            "type": []
        },
        {
            "speaker": "患者",
            "sentence": "每次喂三分之一包吗？",
            "label": "OOOOOOOOOO",
            "normalized": [],
            "type": []
        },
        {
            "speaker": "医生",
            "sentence": "大便什么性状的？稀水？蛋花汤？粘液？稀糊便？",
            "label": "OOOOOOOOBIOBIIOBIOBIIO",
            "normalized": [
                "水样便",
                "水样便",
                "大便粘液",
                "稀便"
            ],
            "type": [
                "1",
                "1",
                "3",
                "2"
            ]
        },
        {
            "speaker": "医生",
            "sentence": "恩，每次三分之一袋，",
            "label": "OOOOOOOOOO",
            "normalized": [],
            "type": []
        },
        {
            "speaker": "患者",
            "sentence": "稀水样的，黄色的，拉得多的时候有沫沫",
            "label": "BIIOOOOOOOOOOOOOOO",
            "normalized": [
                "水样便"
            ],
            "type": [
                "1"
            ]
        },
        {
            "speaker": "医生",
            "sentence": "服用时与益生菌间隔开1个小时以上",
            "label": "OOOOOOOOOOOOOOOO",
            "normalized": [],
            "type": []
        },
        {
            "speaker": "患者",
            "sentence": "嗯，下午两点喂的益生菌",
            "label": "OOOOOOOOOOO",
            "normalized": [],
            "type": []
        },
        {
            "speaker": "医生",
            "sentence": "宝宝有发热腹泻，方便的话明天最好做个便常规及轮状病毒抗体检查除外肠道感染",
            "label": "OOOBIBIOOOOOOOOOOOOOOOOOOOOOOOOOOOOO",
            "normalized": [
                "发热",
                "腹泻"
            ],
            "type": [
                "1",
                "1"
            ]
        },
        {
            "speaker": "患者",
            "sentence": "之前每天也是拉三四次，今天次数多，还稀",
            "label": "OOOOOOOOOOOOOOOOOOB",
            "normalized": [
                "稀便"
            ],
            "type": [
                "1"
            ]
        },
        {
            "speaker": "患者",
            "sentence": "是不是跟我吃水果有关系？纯母乳喂养",
            "label": "OOOOOOOOOOOOOOOOO",
            "normalized": [],
            "type": []
        },
        {
            "speaker": "医生",
            "sentence": "次数增多，性状变稀就是腹泻，主要是需要查明腹泻原因，对因治疗",
            "label": "OOOOOOOOOOOBIOOOOOOOOBIOOOOOOO",
            "normalized": [
                "腹泻",
                "腹泻"
            ],
            "type": [
                "1",
                "1"
            ]
        },
        {
            "speaker": "患者",
            "sentence": "奥，好的。",
            "label": "OOOOO",
            "normalized": [],
            "type": []
        },
        {
            "speaker": "医生",
            "sentence": "消化不良，喂养不当，腹部受凉，肠道感染都可以引起急性腹泻。所以主要是除外肠道感染。",
            "label": "BIIIOOOOOOOOOOOOOOOOOOOOOOBIOOOOOOOOOOOOO",
            "normalized": [
                "消化不良",
                "腹泻"
            ],
            "type": [
                "3",
                "1"
            ]
        },
        {
            "speaker": "患者",
            "sentence": "发烧38度以下物理降温吗？",
            "label": "BIOOOOOOOOOOO",
            "normalized": [
                "发热"
            ],
            "type": [
                "1"
            ]
        },
        {
            "speaker": "医生",
            "sentence": "可以物理降温",
            "label": "OOOOOO",
            "normalized": [],
            "type": []
        },
        {
            "speaker": "医生",
            "sentence": "38.5℃以上可以口服退烧药，38.5℃以下温水擦浴物理降温",
            "label": "OOOOOOOOOOOOOOOOOOOOOOOOOOOOOO",
            "normalized": [],
            "type": []
        },
        {
            "speaker": "患者",
            "sentence": "奥，好的",
            "label": "OOOO",
            "normalized": [],
            "type": []
        },
        {
            "speaker": "患者",
            "sentence": "谢谢",
            "label": "OO",
            "normalized": [],
            "type": []
        },
        {
            "speaker": "医生",
            "sentence": "另外注意勤喂水，避免脱水",
            "label": "OOOOOOOOOOBI",
            "normalized": [
                "脱水"
            ],
            "type": [
                "3"
            ]
        },
        {
            "speaker": "患者",
            "sentence": "嗯嗯",
            "label": "OO",
            "normalized": [],
            "type": []
        },
        {
            "speaker": "医生",
            "sentence": "宝妈饮食要清淡，如果已添加辅，进食暂缓添加",
            "label": "OOOOOOOOOOOOOOOOOOOOO",
            "normalized": [],
            "type": []
        },
        {
            "speaker": "患者",
            "sentence": "嗯嗯，水果也停了",
            "label": "OOOOOOOO",
            "normalized": [],
            "type": []
        },
        {
            "speaker": "患者",
            "sentence": "蒙脱石散要隔八小时喂吗？",
            "label": "OOOOOOOOOOOO",
            "normalized": [],
            "type": []
        },
        {
            "speaker": "患者",
            "sentence": "宝宝现在又拉了",
            "label": "OOOOOOO",
            "normalized": [],
            "type": []
        },
        {
            "speaker": "医生",
            "sentence": "恩，好的，腹部保暖，待便常规回报调整用药",
            "label": "OOOOOOOOOOOOOOOOOOOO",
            "normalized": [],
            "type": []
        },
        {
            "speaker": "患者",
            "sentence": "崩溃啊，还发烧",
            "label": "OOOOOBI",
            "normalized": [
                "发热"
            ],
            "type": [
                "1"
            ]
        },
        {
            "speaker": "医生",
            "sentence": "每日三次，最好8小时一次，根据宝宝饮食睡眠稍微调整一下时间也可以",
            "label": "OOOOOOOOOOOOOOOOOOOOOOOOOOOOOOOO",
            "normalized": [],
            "type": []
        },
        {
            "speaker": "患者",
            "sentence": "好的，我看着这拉得稠点了。我再观察观察",
            "label": "OOOOOOOOOOOOOOOOOOO",
            "normalized": [],
            "type": []
        },
        {
            "speaker": "患者",
            "sentence": "谢谢医生",
            "label": "OOOO",
            "normalized": [],
            "type": []
        },
        {
            "speaker": "医生",
            "sentence": "不客气。",
            "label": "OOOO",
            "normalized": [],
            "type": []
        },
        {
            "speaker": "医生",
            "sentence": "还有问题吗？",
            "label": "OOOOOO",
            "normalized": [],
            "type": []
        },
        {
            "speaker": "患者",
            "sentence": "没有啦",
            "label": "OOO",
            "normalized": [],
            "type": []
        },
        {
            "speaker": "医生",
            "sentence": "好的，祝宝宝健康，先关闭了",
            "label": "OOOOOOOOOOOOO",
            "normalized": [],
            "type": []
        },
        {
            "speaker": "患者",
            "sentence": "好的",
            "label": "OO",
            "normalized": [],
            "type": []
        }
    ]
}