{
    "data-split": "train",
    "example-id": "10285776",
    "dialogue-content": [
        {
            "speaker": "医生",
            "sentence": "你好，孩子现在体温多少",
            "label": "OOOOOOOOOOO",
            "normalized": [],
            "type": []
        },
        {
            "speaker": "患者",
            "sentence": "现在不烧，提问正常，昨晚2点多烧38度3吃了退烧药，刚刚睡觉放下嗓子里的痰完全呼噜的吓人，怎么办？现在抱着睡，",
            "label": "OOBIOOOOOOOOOOOBIIIIOOOOOOOOOOOOOOOOBOOOOOOOOOOOOOOOOOO",
            "normalized": [
                "发热",
                "中等度热",
                "痰"
            ],
            "type": [
                "2",
                "1",
                "1"
            ]
        },
        {
            "speaker": "医生",
            "sentence": "孩子喘吗",
            "label": "OOBO",
            "normalized": [
                "喘息"
            ],
            "type": [
                "1"
            ]
        },
        {
            "speaker": "患者",
            "sentence": "抱着有点喘",
            "label": "OOOOB",
            "normalized": [
                "喘息"
            ],
            "type": [
                "1"
            ]
        },
        {
            "speaker": "医生",
            "sentence": "会咳嗽出痰吗",
            "label": "OBIOOO",
            "normalized": [
                "咳嗽"
            ],
            "type": [
                "1"
            ]
        },
        {
            "speaker": "患者",
            "sentence": "排不出来",
            "label": "OOOO",
            "normalized": [],
            "type": []
        },
        {
            "speaker": "患者",
            "sentence": "",
            "label": "",
            "normalized": [],
            "type": []
        },
        {
            "speaker": "医生",
            "sentence": "不好意思语音听不到",
            "label": "OOOOOOOOO",
            "normalized": [],
            "type": []
        },
        {
            "speaker": "患者",
            "sentence": "这是不是不正常啊，",
            "label": "OOOOOOOOO",
            "normalized": [],
            "type": []
        },
        {
            "speaker": "医生",
            "sentence": "麻烦再录一下",
            "label": "OOOOOO",
            "normalized": [],
            "type": []
        },
        {
            "speaker": "患者",
            "sentence": "我发的是孩子睡觉声",
            "label": "OOOOOOOOO",
            "normalized": [],
            "type": []
        },
        {
            "speaker": "患者",
            "sentence": "喘的厉害",
            "label": "BOOO",
            "normalized": [
                "喘息"
            ],
            "type": [
                "1"
            ]
        },
        {
            "speaker": "患者",
            "sentence": "",
            "label": "",
            "normalized": [],
            "type": []
        },
        {
            "speaker": "医生",
            "sentence": "现在怎么治疗的",
            "label": "OOOOOOO",
            "normalized": [],
            "type": []
        },
        {
            "speaker": "医生",
            "sentence": "上一次喘吗",
            "label": "OOOBO",
            "normalized": [
                "喘息"
            ],
            "type": [
                "1"
            ]
        },
        {
            "speaker": "患者",
            "sentence": "吃的头泡，小儿双金，还有菊呗，还有小儿肺咳科粒",
            "label": "OOOOOOOOOOOOOOOOOOOOOOO",
            "normalized": [],
            "type": []
        },
        {
            "speaker": "患者",
            "sentence": "没有，之前有支气管肺炎",
            "label": "OOOOOOBIIII",
            "normalized": [
                "支气管肺炎"
            ],
            "type": [
                "1"
            ]
        },
        {
            "speaker": "患者",
            "sentence": "今天第三天，能不能严重了",
            "label": "OOOOOOOOOOOO",
            "normalized": [],
            "type": []
        },
        {
            "speaker": "医生",
            "sentence": "现在挺呼吸严重一些",
            "label": "OOOOOOOOO",
            "normalized": [],
            "type": []
        },
        {
            "speaker": "医生",
            "sentence": "做雾化吸入了吗",
            "label": "OOOOOOO",
            "normalized": [],
            "type": []
        },
        {
            "speaker": "患者",
            "sentence": "没做，医院小孩感冒太多了，没去",
            "label": "OOOOOOOBIOOOOOO",
            "normalized": [
                "普通感冒"
            ],
            "type": [
                "3"
            ]
        },
        {
            "speaker": "患者",
            "sentence": "我看得点滴了，不能在挺了",
            "label": "OOOOOOOOOOOO",
            "normalized": [],
            "type": []
        },
        {
            "speaker": "医生",
            "sentence": "查血了吗",
            "label": "OOOO",
            "normalized": [],
            "type": []
        },
        {
            "speaker": "患者",
            "sentence": "没有",
            "label": "OO",
            "normalized": [],
            "type": []
        },
        {
            "speaker": "医生",
            "sentence": "建议现在去医院",
            "label": "OOOOOOO",
            "normalized": [],
            "type": []
        },
        {
            "speaker": "医生",
            "sentence": "不要耽误了孩子的病情",
            "label": "OOOOOOOOOO",
            "normalized": [],
            "type": []
        },
        {
            "speaker": "患者",
            "sentence": "去医院查血，还是排片子",
            "label": "OOOOOOOOOOO",
            "normalized": [],
            "type": []
        },
        {
            "speaker": "医生",
            "sentence": "先做雾化吸入缓解孩子的喘憋，促进排痰",
            "label": "OOOOOOOOOOOBOOOOBI",
            "normalized": [
                "喘息",
                "痰"
            ],
            "type": [
                "1",
                "1"
            ]
        },
        {
            "speaker": "医生",
            "sentence": "最近有支原体感染吗",
            "label": "OOOBIIIIO",
            "normalized": [
                "支原体感染"
            ],
            "type": [
                "3"
            ]
        },
        {
            "speaker": "患者",
            "sentence": "孩子不愿意做那个啊",
            "label": "OOOOOOOOO",
            "normalized": [],
            "type": []
        },
        {
            "speaker": "患者",
            "sentence": "没查啊",
            "label": "OOO",
            "normalized": [],
            "type": []
        },
        {
            "speaker": "医生",
            "sentence": "睡着觉做呢",
            "label": "OOOOO",
            "normalized": [],
            "type": []
        },
        {
            "speaker": "患者",
            "sentence": "刚抱着就喘的厉害，放下还好，不那么喘，就是嗓子有痰，呼噜呼噜",
            "label": "OOOOBOOOOOOOOOOOOBOOOOOBIOOOOO",
            "normalized": [
                "喘息",
                "喘息",
                "痰"
            ],
            "type": [
                "1",
                "1",
                "1"
            ]
        },
        {
            "speaker": "患者",
            "sentence": "您的意思我先做雾化是嘛，主要是把痰排出来",
            "label": "OOOOOOOOOOOOOOOOBOOO",
            "normalized": [
                "痰"
            ],
            "type": [
                "1"
            ]
        },
        {
            "speaker": "医生",
            "sentence": "是的",
            "label": "OO",
            "normalized": [],
            "type": []
        },
        {
            "speaker": "医生",
            "sentence": "也建议查血常规+C反应蛋白+支原体+拍片",
            "label": "OOOOOOOOOOOOOOOOOOOO",
            "normalized": [],
            "type": []
        },
        {
            "speaker": "医生",
            "sentence": "如果检查结果不严重可以吃药，配合雾化治疗",
            "label": "OOOOOOOOOOOOOOOOOOOO",
            "normalized": [],
            "type": []
        },
        {
            "speaker": "患者",
            "sentence": "查那么多",
            "label": "OOOO",
            "normalized": [],
            "type": []
        },
        {
            "speaker": "医生",
            "sentence": "血常规和C反应蛋白是看炎症反应的",
            "label": "OOOOOOOOOOOOOOOO",
            "normalized": [],
            "type": []
        },
        {
            "speaker": "医生",
            "sentence": "支原体是看看有没有支原体感染",
            "label": "OOOOOOOOOBIIII",
            "normalized": [
                "支原体感染"
            ],
            "type": [
                "3"
            ]
        },
        {
            "speaker": "医生",
            "sentence": "胸片是看看有没有肺炎及严重程度",
            "label": "OOOOOOOOBIOOOOO",
            "normalized": [
                "肺炎"
            ],
            "type": [
                "3"
            ]
        },
        {
            "speaker": "患者",
            "sentence": "都是抽血么？",
            "label": "OOOOOO",
            "normalized": [],
            "type": []
        },
        {
            "speaker": "医生",
            "sentence": "对",
            "label": "O",
            "normalized": [],
            "type": []
        },
        {
            "speaker": "医生",
            "sentence": "妈妈可以空掌心拍孩子的背帮助拍痰",
            "label": "OOOOOOOOOOOOOOOB",
            "normalized": [
                "痰"
            ],
            "type": [
                "1"
            ]
        }
    ]
}