{
    "data-split": "train",
    "example-id": "10476518",
    "dialogue-content": [
        {
            "speaker": "医生",
            "sentence": "你好，很高兴为你解答。",
            "label": "OOOOOOOOOOO",
            "normalized": [],
            "type": []
        },
        {
            "speaker": "患者",
            "sentence": "您好",
            "label": "OO",
            "normalized": [],
            "type": []
        },
        {
            "speaker": "医生",
            "sentence": "为了更好的提供服务，我需要询问您几个与病症相关的问题，感谢您配合。",
            "label": "OOOOOOOOOOOOOOOOOOOOOOOOOOOOOOOOO",
            "normalized": [],
            "type": []
        },
        {
            "speaker": "患者",
            "sentence": "好的",
            "label": "OO",
            "normalized": [],
            "type": []
        },
        {
            "speaker": "医生",
            "sentence": "有去正规医院看过吗",
            "label": "OOOOOOOOO",
            "normalized": [],
            "type": []
        },
        {
            "speaker": "患者",
            "sentence": "没有",
            "label": "OO",
            "normalized": [],
            "type": []
        },
        {
            "speaker": "医生",
            "sentence": "咳嗽多久了",
            "label": "BIOOO",
            "normalized": [
                "咳嗽"
            ],
            "type": [
                "1"
            ]
        },
        {
            "speaker": "医生",
            "sentence": "除了咳嗽，还有其他症状吗？",
            "label": "OOBIOOOOOOOOO",
            "normalized": [
                "咳嗽"
            ],
            "type": [
                "1"
            ]
        },
        {
            "speaker": "医生",
            "sentence": "在吗",
            "label": "OO",
            "normalized": [],
            "type": []
        },
        {
            "speaker": "患者",
            "sentence": "有一周了，上周周一早晨感觉嗓子有痰，然后晚上就开始咳了",
            "label": "OOOOOOOOOOOOOOOBIOOOOOOOOBO",
            "normalized": [
                "痰",
                "咳嗽"
            ],
            "type": [
                "1",
                "1"
            ]
        },
        {
            "speaker": "医生",
            "sentence": "没有其他症状吗？",
            "label": "OOOOOOOO",
            "normalized": [],
            "type": []
        },
        {
            "speaker": "患者",
            "sentence": "就是夜咳，白天睡觉也是躺下10分钟左右就会咳醒",
            "label": "OOOOOOOOOOOOOOOOOOOOOOO",
            "normalized": [],
            "type": []
        },
        {
            "speaker": "医生",
            "sentence": "吃过哪些药吗",
            "label": "OOOOOO",
            "normalized": [],
            "type": []
        },
        {
            "speaker": "医生",
            "sentence": "这一周咳嗽的次数是逐渐增加的吗",
            "label": "OOOBIOOOOOOOOOO",
            "normalized": [
                "咳嗽"
            ],
            "type": [
                "1"
            ]
        },
        {
            "speaker": "医生",
            "sentence": "精神状态怎么样？食欲怎么样？",
            "label": "OOOOOOOOOOOOOO",
            "normalized": [],
            "type": []
        },
        {
            "speaker": "患者",
            "sentence": "没有，一开始怀疑感冒，但发现没有感冒的症状",
            "label": "OOOOOOOOBIOOOOOOBIOOO",
            "normalized": [
                "普通感冒",
                "普通感冒"
            ],
            "type": [
                "3",
                "2"
            ]
        },
        {
            "speaker": "医生",
            "sentence": "好的",
            "label": "OO",
            "normalized": [],
            "type": []
        },
        {
            "speaker": "医生",
            "sentence": "我总结。分析一下",
            "label": "OOOOOOOO",
            "normalized": [],
            "type": []
        },
        {
            "speaker": "医生",
            "sentence": "目前宝宝的主要症状就是咳嗽，有痰，夜间阵发性咳嗽明显",
            "label": "OOOOOOOOOOOBIOBIOOOBIIIIOO",
            "normalized": [
                "咳嗽",
                "痰",
                "咳嗽"
            ],
            "type": [
                "1",
                "1",
                "1"
            ]
        },
        {
            "speaker": "医生",
            "sentence": "考虑支气管炎的可能",
            "label": "OOBIIIOOO",
            "normalized": [
                "支气管炎"
            ],
            "type": [
                "3"
            ]
        },
        {
            "speaker": "患者",
            "sentence": "咳嗽今天厉害了",
            "label": "BIOOOOO",
            "normalized": [
                "咳嗽"
            ],
            "type": [
                "1"
            ]
        },
        {
            "speaker": "医生",
            "sentence": "支气管炎的表现呢，就是咳嗽有痰。",
            "label": "BIIIOOOOOOOBIBIO",
            "normalized": [
                "支气管炎",
                "咳嗽",
                "痰"
            ],
            "type": [
                "3",
                "1",
                "1"
            ]
        },
        {
            "speaker": "医生",
            "sentence": "而且孩子的咳嗽有加重。",
            "label": "OOOOOBIOOOO",
            "normalized": [
                "咳嗽"
            ],
            "type": [
                "1"
            ]
        },
        {
            "speaker": "医生",
            "sentence": "建议二甲以上公立医院儿内科就诊",
            "label": "OOOOOOOOOOOOOOO",
            "normalized": [],
            "type": []
        },
        {
            "speaker": "患者",
            "sentence": "白天基本不会咳",
            "label": "OOOOOOB",
            "normalized": [
                "咳嗽"
            ],
            "type": [
                "2"
            ]
        },
        {
            "speaker": "医生",
            "sentence": "检查血常规，胸片。",
            "label": "OOOOOOOOO",
            "normalized": [],
            "type": []
        },
        {
            "speaker": "医生",
            "sentence": "夜间咳嗽提示的炎症要比白天咳嗽的炎症要重一些。",
            "label": "OOBIOOOOOOOOOBIOOOOOOOO",
            "normalized": [
                "咳嗽",
                "咳嗽"
            ],
            "type": [
                "1",
                "1"
            ]
        },
        {
            "speaker": "患者",
            "sentence": "就是刚睡时会咳",
            "label": "OOOOOOB",
            "normalized": [
                "咳嗽"
            ],
            "type": [
                "1"
            ]
        },
        {
            "speaker": "患者",
            "sentence": "奥",
            "label": "O",
            "normalized": [],
            "type": []
        },
        {
            "speaker": "医生",
            "sentence": "宝宝咳嗽一周了，时间很长了",
            "label": "OOBIOOOOOOOOO",
            "normalized": [
                "咳嗽"
            ],
            "type": [
                "1"
            ]
        },
        {
            "speaker": "医生",
            "sentence": "需要明确感染情况，指导治疗",
            "label": "OOOOOOOOOOOOO",
            "normalized": [],
            "type": []
        },
        {
            "speaker": "患者",
            "sentence": "有专治夜咳的药吗？好像夜咳同白天咳嗽病因不同",
            "label": "OOOOOOOOOOOOOOOOBIIOOO",
            "normalized": [
                "咳嗽"
            ],
            "type": [
                "1"
            ]
        },
        {
            "speaker": "医生",
            "sentence": "咳嗽提示气道有炎症，夜间咳嗽多提示炎症在进展。",
            "label": "BIOOOOOOOOOOBIOOOOOOOOO",
            "normalized": [
                "咳嗽",
                "咳嗽"
            ],
            "type": [
                "1",
                "1"
            ]
        },
        {
            "speaker": "医生",
            "sentence": "不管是白咳还是夜咳，都要明确是病毒感染还是细菌感染还是支原体？",
            "label": "OOOOBOOOOOOOOOOBIIIOOBIIIOOOOOO",
            "normalized": [
                "咳嗽",
                "病毒感染",
                "细菌感染"
            ],
            "type": [
                "1",
                "3",
                "3"
            ]
        },
        {
            "speaker": "患者",
            "sentence": "奥，这样啊",
            "label": "OOOOO",
            "normalized": [],
            "type": []
        },
        {
            "speaker": "医生",
            "sentence": "有时候咳嗽可以出现呕吐，说明咳嗽剧烈。",
            "label": "OOOBIOOOOBIOOOBIOOO",
            "normalized": [
                "咳嗽",
                "呕吐",
                "咳嗽"
            ],
            "type": [
                "1",
                "3",
                "1"
            ]
        },
        {
            "speaker": "医生",
            "sentence": "如果有细菌感染，可以口服头孢类药物，比如头孢克洛颗粒，如果头孢不过敏。",
            "label": "OOOBIIIOOOOOOOOOOOOOOOOOOOOOOOOOOOO",
            "normalized": [
                "细菌感染"
            ],
            "type": [
                "3"
            ]
        },
        {
            "speaker": "医生",
            "sentence": "咳嗽有痰，可以服用氨溴索化痰止咳",
            "label": "BIBIOOOOOOOOOOOO",
            "normalized": [
                "咳嗽",
                "痰"
            ],
            "type": [
                "1",
                "1"
            ]
        },
        {
            "speaker": "患者",
            "sentence": "奥",
            "label": "O",
            "normalized": [],
            "type": []
        },
        {
            "speaker": "医生",
            "sentence": "口服氨溴索呢，可能会影响食欲，有的孩子还会出现干呕的情况，这些是常见的，没有关系。",
            "label": "OOOOOOOOOOOOOOOOOOOOOOOBIOOOOOOOOOOOOOOOO",
            "normalized": [
                "呕吐"
            ],
            "type": [
                "3"
            ]
        },
        {
            "speaker": "医生",
            "sentence": "如果没有及时对症治疗，会出现反复咳嗽，咳嗽加重，成为肺炎，呼吸困难等",
            "label": "OOOOOOOOOOOOOOOOBIOBIOOOOOBIOBIIIO",
            "normalized": [
                "咳嗽",
                "咳嗽",
                "肺炎",
                "呼吸困难"
            ],
            "type": [
                "1",
                "1",
                "3",
                "3"
            ]
        },
        {
            "speaker": "患者",
            "sentence": "奥",
            "label": "O",
            "normalized": [],
            "type": []
        },
        {
            "speaker": "医生",
            "sentence": "是有必要尽快去医院的，毕竟咳嗽一周，确实时间很长了",
            "label": "OOOOOOOOOOOOOBIOOOOOOOOOO",
            "normalized": [
                "咳嗽"
            ],
            "type": [
                "1"
            ]
        },
        {
            "speaker": "医生",
            "sentence": "而且咳嗽的，次数很多",
            "label": "OOBIOOOOOO",
            "normalized": [
                "咳嗽"
            ],
            "type": [
                "1"
            ]
        },
        {
            "speaker": "患者",
            "sentence": "去医院就是做个血常规和胸片吗？",
            "label": "OOOOOOOOOOOOOOO",
            "normalized": [],
            "type": []
        },
        {
            "speaker": "医生",
            "sentence": "还有支原体",
            "label": "OOOOO",
            "normalized": [],
            "type": []
        },
        {
            "speaker": "医生",
            "sentence": "大夫肯定还要听诊一下呼吸道。",
            "label": "OOOOOOOOOOOOOO",
            "normalized": [],
            "type": []
        },
        {
            "speaker": "患者",
            "sentence": "奥",
            "label": "O",
            "normalized": [],
            "type": []
        },
        {
            "speaker": "医生",
            "sentence": "近几日加强保暖，因为生病期间抵抗力比较低，容易受凉，加重病情",
            "label": "OOOOOOOOOOOOOOOOOOOOOOOOOOOOOO",
            "normalized": [],
            "type": []
        },
        {
            "speaker": "医生",
            "sentence": "清淡易消化饮食",
            "label": "OOOOOOO",
            "normalized": [],
            "type": []
        },
        {
            "speaker": "患者",
            "sentence": "奥，知道了",
            "label": "OOOOO",
            "normalized": [],
            "type": []
        },
        {
            "speaker": "患者",
            "sentence": "好的，多谢！",
            "label": "OOOOOO",
            "normalized": [],
            "type": []
        },
        {
            "speaker": "医生",
            "sentence": "不客气啦，有问题再联系啊",
            "label": "OOOOOOOOOOOO",
            "normalized": [],
            "type": []
        },
        {
            "speaker": "医生",
            "sentence": "您有任何问题可以随时和我联系或留言，我看到后会第一时间回复。",
            "label": "OOOOOOOOOOOOOOOOOOOOOOOOOOOOOO",
            "normalized": [],
            "type": []
        },
        {
            "speaker": "患者",
            "sentence": "好的",
            "label": "OO",
            "normalized": [],
            "type": []
        }
    ]
}