{
    "data-split": "train",
    "example-id": "10299600",
    "dialogue-content": [
        {
            "speaker": "医生",
            "sentence": "你好",
            "label": "OO",
            "normalized": [],
            "type": []
        },
        {
            "speaker": "患者",
            "sentence": "两岁宝宝感觉有痰呼呼的有点咳嗽，去诊所听肺子没啥事，吃一周药也不见好，去医院也没说啥就说让吃化痰药，我怕孩子吃完吃多了不好，就不给吃了，但是现在还是有痰呼呼的，怎么办",
            "label": "OOOOOOBIOOOOOBIOOOOOOOOOOOOOOOOOOOOOOOOOOOOOOOOOOOOOOOOOOOOOOOOOOOOOOOOOOOOBOOOOOOO",
            "normalized": [
                "痰",
                "咳嗽",
                "痰"
            ],
            "type": [
                "1",
                "1",
                "1"
            ]
        },
        {
            "speaker": "医生",
            "sentence": "这个孩子是不是咳嗽的症状比较轻，偶尔有咳嗽的情况，只是听着嗓子有痰出现呼噜呼噜的声音",
            "label": "OOOOOOOBIOOOOOOOOOOBIOOOOOOOOOOBIOOBIIIIII",
            "normalized": [
                "咳嗽",
                "咳嗽",
                "痰",
                "痰鸣音"
            ],
            "type": [
                "1",
                "1",
                "1",
                "1"
            ]
        },
        {
            "speaker": "患者",
            "sentence": "对，运动量大的时候有呼呼声音，平时没有",
            "label": "OOOOOOOOOOOOOOOOOOO",
            "normalized": [],
            "type": []
        },
        {
            "speaker": "患者",
            "sentence": "吃东西急的时候也有",
            "label": "OOOOOOOOO",
            "normalized": [],
            "type": []
        },
        {
            "speaker": "医生",
            "sentence": "这个孩子有没有喘息的情况",
            "label": "OOOOOOOBIOOO",
            "normalized": [
                "喘息"
            ],
            "type": [
                "3"
            ]
        },
        {
            "speaker": "患者",
            "sentence": "有时候像鼻子不通气",
            "label": "OOOOBIIII",
            "normalized": [
                "鼻塞"
            ],
            "type": [
                "1"
            ]
        },
        {
            "speaker": "医生",
            "sentence": "也就是说出现呼噜呼噜的声音",
            "label": "OOOOOOBIIIIII",
            "normalized": [
                "粗糙呼吸音"
            ],
            "type": [
                "1"
            ]
        },
        {
            "speaker": "医生",
            "sentence": "那应该考虑喉间痰鸣",
            "label": "OOOOOBIII",
            "normalized": [
                "痰鸣音"
            ],
            "type": [
                "1"
            ]
        },
        {
            "speaker": "患者",
            "sentence": "也不是每次都那样",
            "label": "OOOOOOOO",
            "normalized": [],
            "type": []
        },
        {
            "speaker": "患者",
            "sentence": "那是什么意思",
            "label": "OOOOOO",
            "normalized": [],
            "type": []
        },
        {
            "speaker": "医生",
            "sentence": "只是在不合适的时候才会出现这种情况，变换体位以后呼噜呼噜的声音会消失",
            "label": "OOOOOOOOOOOOOOOOOOOOOOOOOOOOOOOOOO",
            "normalized": [],
            "type": []
        },
        {
            "speaker": "医生",
            "sentence": "就是这口痰在嗓子眼儿，不容易排出来。",
            "label": "OOOOBOOOOOOOOOOOOO",
            "normalized": [
                "痰"
            ],
            "type": [
                "1"
            ]
        },
        {
            "speaker": "患者",
            "sentence": "对就是那种感觉",
            "label": "OOOOOOO",
            "normalized": [],
            "type": []
        },
        {
            "speaker": "患者",
            "sentence": "有啥办法么",
            "label": "OOOOO",
            "normalized": [],
            "type": []
        },
        {
            "speaker": "医生",
            "sentence": "如果是成人，咳嗽反射比较强，能够将这口痰排出来。考虑到这个年龄段的孩子咳嗽反射比较弱，不容易将痰排出",
            "label": "OOOOOOBIOOOOOOOOOOOBOOOOOOOOOOOOOOOBIOOOOOOOOOOBOO",
            "normalized": [
                "咳嗽",
                "痰",
                "咳嗽",
                "痰"
            ],
            "type": [
                "1",
                "1",
                "1",
                "1"
            ]
        },
        {
            "speaker": "医生",
            "sentence": "如果孩子咳嗽症状不是特别的重视，没有必要口服药物的，多给孩子喝水，保持室内的湿度高一些，勤拍背，促进痰液的排出",
            "label": "OOOOBIOOOOOOOOOOOOOOOOOOOOOOOOOOOOOOOOOOOOOOOOOOOOBOOOO",
            "normalized": [
                "咳嗽",
                "痰"
            ],
            "type": [
                "1",
                "1"
            ]
        },
        {
            "speaker": "患者",
            "sentence": "这么大能喝蜂蜜加白萝卜水么",
            "label": "OOOOOOOOOOOOO",
            "normalized": [],
            "type": []
        },
        {
            "speaker": "医生",
            "sentence": "可以",
            "label": "OO",
            "normalized": [],
            "type": []
        },
        {
            "speaker": "医生",
            "sentence": "可以采用冰糖炖梨，或者说你说的这种方法都是可以的",
            "label": "OOOOOOOOOOOOOOOOOOOOOOOO",
            "normalized": [],
            "type": []
        },
        {
            "speaker": "患者",
            "sentence": "冰糖炖梨喝了不太管用",
            "label": "OOOOOOOOOO",
            "normalized": [],
            "type": []
        },
        {
            "speaker": "患者",
            "sentence": "我怕他不能喝蜂蜜",
            "label": "OOOOOOOO",
            "normalized": [],
            "type": []
        },
        {
            "speaker": "医生",
            "sentence": "最主要的就是让孩子多喝水",
            "label": "OOOOOOOOOOOO",
            "normalized": [],
            "type": []
        },
        {
            "speaker": "医生",
            "sentence": "两周岁的孩子可以喝蜂蜜的，没有问题",
            "label": "OOOOOOOOOOOOOOOOO",
            "normalized": [],
            "type": []
        },
        {
            "speaker": "患者",
            "sentence": "水其实喝的挺多的",
            "label": "OOOOOOOO",
            "normalized": [],
            "type": []
        },
        {
            "speaker": "患者",
            "sentence": "好的谢谢我试试",
            "label": "OOOOOOO",
            "normalized": [],
            "type": []
        },
        {
            "speaker": "医生",
            "sentence": "室内的湿度高一些",
            "label": "OOOOOOOO",
            "normalized": [],
            "type": []
        },
        {
            "speaker": "患者",
            "sentence": "干的",
            "label": "OO",
            "normalized": [],
            "type": []
        },
        {
            "speaker": "医生",
            "sentence": "需要保持室内的湿度高一些",
            "label": "OOOOOOOOOOOO",
            "normalized": [],
            "type": []
        },
        {
            "speaker": "医生",
            "sentence": "可以让孩子自己吸收着一口痰的，但是需要很长的时间",
            "label": "OOOOOOOOOOOOBOOOOOOOOOOO",
            "normalized": [
                "痰"
            ],
            "type": [
                "1"
            ]
        },
        {
            "speaker": "患者",
            "sentence": "怎么吸收",
            "label": "OOOO",
            "normalized": [],
            "type": []
        },
        {
            "speaker": "医生",
            "sentence": "自己慢慢吸收啊",
            "label": "OOOOOOO",
            "normalized": [],
            "type": []
        },
        {
            "speaker": "患者",
            "sentence": "哦哦，懂了，刚才没看懂，??",
            "label": "OOOOOOOOOOOOOO",
            "normalized": [],
            "type": []
        },
        {
            "speaker": "医生",
            "sentence": "哦",
            "label": "O",
            "normalized": [],
            "type": []
        }
    ]
}