{
    "data-split": "train",
    "example-id": "10637751",
    "dialogue-content": [
        {
            "speaker": "医生",
            "sentence": "你好",
            "label": "OO",
            "normalized": [],
            "type": []
        },
        {
            "speaker": "医生",
            "sentence": "有血常规化验单吗？发我看一下吧。",
            "label": "OOOOOOOOOOOOOOOO",
            "normalized": [],
            "type": []
        },
        {
            "speaker": "患者",
            "sentence": "你好",
            "label": "OO",
            "normalized": [],
            "type": []
        },
        {
            "speaker": "医生",
            "sentence": "咳嗽有几天了，咳嗽的时候听着痰多吗？有没有发烧。",
            "label": "BIOOOOOBIOOOOOBOOOOOOBIO",
            "normalized": [
                "咳嗽",
                "咳嗽",
                "痰",
                "发热"
            ],
            "type": [
                "1",
                "1",
                "1",
                "3"
            ]
        },
        {
            "speaker": "患者",
            "sentence": "有呢在我老婆哪里我叫她发过来",
            "label": "OOOOOOOOOOOOOO",
            "normalized": [],
            "type": []
        },
        {
            "speaker": "医生",
            "sentence": "好的，发来看一下吧。目前医生听诊气管和肺里情况怎样？有没有问题？",
            "label": "OOOOOOOOOOOOOOOOOOOOOOOOOOOOOOOO",
            "normalized": [],
            "type": []
        },
        {
            "speaker": "患者",
            "sentence": "起起落落几个月了",
            "label": "OOOOOOOO",
            "normalized": [],
            "type": []
        },
        {
            "speaker": "患者",
            "sentence": "没问题",
            "label": "OOO",
            "normalized": [],
            "type": []
        },
        {
            "speaker": "医生",
            "sentence": "拍过胸片检查吗？医生诊断的什么疾病，支气管炎吗？",
            "label": "OOOOOOOOOOOOOOOOOOBIIIOO",
            "normalized": [
                "支气管炎"
            ],
            "type": [
                "3"
            ]
        },
        {
            "speaker": "患者",
            "sentence": "反复发作好了几天又会复发",
            "label": "OOOOOOOOOOOO",
            "normalized": [],
            "type": []
        },
        {
            "speaker": "患者",
            "sentence": "嗯",
            "label": "O",
            "normalized": [],
            "type": []
        },
        {
            "speaker": "医生",
            "sentence": "除了血常规，还做过什么检查？支原体检测过吗？医生最终确诊的什么疾病？有没有门诊病历？",
            "label": "OOOOOOOOOOOOOOOOOOOOOOOOOOOOOOOOOOOOOOOOOO",
            "normalized": [],
            "type": []
        },
        {
            "speaker": "患者",
            "sentence": "有呢",
            "label": "OO",
            "normalized": [],
            "type": []
        },
        {
            "speaker": "医生",
            "sentence": "一起发我看一下吧。",
            "label": "OOOOOOOOO",
            "normalized": [],
            "type": []
        },
        {
            "speaker": "患者",
            "sentence": "第一次检查说支原体感染",
            "label": "OOOOOOBIIII",
            "normalized": [
                "支原体感染"
            ],
            "type": [
                "1"
            ]
        },
        {
            "speaker": "患者",
            "sentence": "嗯好",
            "label": "OO",
            "normalized": [],
            "type": []
        },
        {
            "speaker": "患者",
            "sentence": "",
            "label": "",
            "normalized": [],
            "type": []
        },
        {
            "speaker": "医生",
            "sentence": "是的，看到孩子咳嗽这么久，第一感觉就是可能有支原体的感染。支原体感染的咳嗽，往往就是时间比较久，比较迁延",
            "label": "OOOOOOOBIOOOOOOOOOOOOOBIIOOOOBIIIIOBIOOOOOOOOOOOOOOO",
            "normalized": [
                "咳嗽",
                "支原体感染",
                "支原体感染",
                "咳嗽"
            ],
            "type": [
                "1",
                "1",
                "1",
                "1"
            ]
        },
        {
            "speaker": "医生",
            "sentence": "看血常规化验单，血象偏高，考虑还是有支气管炎，引起的咳嗽情况。",
            "label": "OOOOOOOOOOOOOOOOOOBIIIOOOOBIOOO",
            "normalized": [
                "支气管炎",
                "咳嗽"
            ],
            "type": [
                "3",
                "1"
            ]
        },
        {
            "speaker": "患者",
            "sentence": "有没有有效的治疗方法呢？",
            "label": "OOOOOOOOOOOO",
            "normalized": [],
            "type": []
        },
        {
            "speaker": "患者",
            "sentence": "主要是晚上咳得厉害",
            "label": "OOOOOBIOO",
            "normalized": [
                "咳嗽"
            ],
            "type": [
                "1"
            ]
        },
        {
            "speaker": "医生",
            "sentence": "一般是消炎，去痰，配合雾化吸入，抗气道过敏治疗。",
            "label": "OOOOOOOBOOOOOOOOOOOBIOOO",
            "normalized": [
                "痰",
                "过敏"
            ],
            "type": [
                "1",
                "3"
            ]
        },
        {
            "speaker": "医生",
            "sentence": "现在干咳还是有痰，现在用的什么药物，发我看一下吧。",
            "label": "OOBIOOBIOOOOOOOOOOOOOOOOO",
            "normalized": [
                "干咳",
                "痰"
            ],
            "type": [
                "2",
                "1"
            ]
        },
        {
            "speaker": "患者",
            "sentence": "该开那样药吃呢？",
            "label": "OOOOOOOO",
            "normalized": [],
            "type": []
        },
        {
            "speaker": "患者",
            "sentence": "有痰",
            "label": "BI",
            "normalized": [
                "痰"
            ],
            "type": [
                "1"
            ]
        },
        {
            "speaker": "医生",
            "sentence": "现在服用的什么药，发我看一下，在这基础上，给你稍微调整一下。",
            "label": "OOOOOOOOOOOOOOOOOOOOOOOOOOOOOO",
            "normalized": [],
            "type": []
        },
        {
            "speaker": "患者",
            "sentence": "医院没开药打的吊瓶",
            "label": "OOOOOOOOO",
            "normalized": [],
            "type": []
        },
        {
            "speaker": "医生",
            "sentence": "输液的什么药物呢？",
            "label": "OOOOOOOOO",
            "normalized": [],
            "type": []
        },
        {
            "speaker": "患者",
            "sentence": "不记得了",
            "label": "OOOO",
            "normalized": [],
            "type": []
        },
        {
            "speaker": "医生",
            "sentence": "一般的消炎药得需要用，祛痰药需要用，一般输液的时候，医生都会的",
            "label": "OOOOOOOOOOOOOOOOOOOOOOOOOOOOOOO",
            "normalized": [],
            "type": []
        },
        {
            "speaker": "患者",
            "sentence": "那该开那样药吃好的快呢",
            "label": "OOOOOOOOOOO",
            "normalized": [],
            "type": []
        },
        {
            "speaker": "医生",
            "sentence": "然后目前可以配合雾化吸入治疗。吸入祛痰药物，吸入激素类药物，缓解气道反应性，治疗咳嗽",
            "label": "OOOOOOOOOOOOOOOOOOOOOOOOOOOOOOOOOOOOOOOOBI",
            "normalized": [
                "咳嗽"
            ],
            "type": [
                "1"
            ]
        },
        {
            "speaker": "患者",
            "sentence": "",
            "label": "",
            "normalized": [],
            "type": []
        },
        {
            "speaker": "患者",
            "sentence": "这两天吃这个药是自己去药店买的",
            "label": "OOOOOOOOOOOOOOO",
            "normalized": [],
            "type": []
        },
        {
            "speaker": "医生",
            "sentence": "看到目前的这些药，还是可以的，建议加用盐酸氨溴索口服液，祛痰治疗。也是非处方药，一般药店里比较好买到。",
            "label": "OOOOOOOOOOOOOOOOOOOOOOOOOOOOOOOOOOOOOOOOOOOOOOOOOOO",
            "normalized": [],
            "type": []
        },
        {
            "speaker": "患者",
            "sentence": "之前做过好的慢不说还反复发作",
            "label": "OOOOOOOOOOOOOO",
            "normalized": [],
            "type": []
        },
        {
            "speaker": "医生",
            "sentence": "看到咳嗽这么久了，考虑可能有其他的过敏情况，可以口服氯雷他定，也叫开瑞坦，缓解气道的过敏症状。这个也是非处方药，一般药店里比较好买到。",
            "label": "OOBIOOOOOOOOOOOOOBIOOOOOOOOOOOOOOOOOOOOOOOBIOOOOOOOOOOOOOOOOOOOOOOO",
            "normalized": [
                "咳嗽",
                "过敏",
                "过敏"
            ],
            "type": [
                "1",
                "3",
                "3"
            ]
        },
        {
            "speaker": "患者",
            "sentence": "嗯",
            "label": "O",
            "normalized": [],
            "type": []
        },
        {
            "speaker": "医生",
            "sentence": "同时建议做做雾化吸入治疗，配合雾化治疗咳嗽，效果最好。",
            "label": "OOOOOOOOOOOOOOOOOOOBIOOOOOO",
            "normalized": [
                "咳嗽"
            ],
            "type": [
                "1"
            ]
        },
        {
            "speaker": "患者",
            "sentence": "这些可以一起吃吗？",
            "label": "OOOOOOOOO",
            "normalized": [],
            "type": []
        },
        {
            "speaker": "患者",
            "sentence": "我怀疑是不是过敏性咳嗽",
            "label": "OOOOOOBIIBI",
            "normalized": [
                "过敏",
                "咳嗽"
            ],
            "type": [
                "3",
                "1"
            ]
        },
        {
            "speaker": "医生",
            "sentence": "可以一起吃的没问题。可以蒸点梨子吃润肺止咳，不要遇冷空气，不要出去乱跑。饮食注意清淡，不要吃得太甜，太咸，不要吃得太饱。",
            "label": "OOOOOOOOOOOOOOOOOOOOOOOOOOOOOOOOOOOOOOOOOOOOOOOOOOOOOOOOOOOO",
            "normalized": [],
            "type": []
        },
        {
            "speaker": "医生",
            "sentence": "看到咳嗽都好几个月了，考虑还是有气道高反应，气道过敏的因素在里边的。得需要用点抗过敏的药物，同时配合雾化吸入治疗。",
            "label": "OOBIOOOOOOOOOOOOOOOOOOOOBIOOOOOOOOOOOOOOOOOOOOOOOOOOOOOOO",
            "normalized": [
                "咳嗽",
                "过敏"
            ],
            "type": [
                "1",
                "3"
            ]
        },
        {
            "speaker": "患者",
            "sentence": "服用的炕过敏性药物有没有呢",
            "label": "OOOOOOOOOOOOO",
            "normalized": [],
            "type": []
        },
        {
            "speaker": "医生",
            "sentence": "建议应用以上药物，同时配合雾化吸入治疗，治疗大约1周，1周后就医小儿科，让医生听诊，复诊病情。",
            "label": "OOOOOOOOOOOOOOOOOOOOOOOOOOOOOOOOOOOOOOOOOOOOOOO",
            "normalized": [],
            "type": []
        },
        {
            "speaker": "医生",
            "sentence": "刚才我说的氯雷他定，就是抗气道的过敏的药物，比较安全，可以服用一周。",
            "label": "OOOOOOOOOOOOOOOOBIOOOOOOOOOOOOOOOO",
            "normalized": [
                "过敏"
            ],
            "type": [
                "3"
            ]
        },
        {
            "speaker": "患者",
            "sentence": "嗯",
            "label": "O",
            "normalized": [],
            "type": []
        }
    ]
}