{
    "data-split": "train",
    "example-id": "10295694",
    "dialogue-content": [
        {
            "speaker": "医生",
            "sentence": "你好",
            "label": "OO",
            "normalized": [],
            "type": []
        },
        {
            "speaker": "患者",
            "sentence": "你好",
            "label": "OO",
            "normalized": [],
            "type": []
        },
        {
            "speaker": "医生",
            "sentence": "孩子血常规提示的是细菌感染，吃这些药是合适的，请问除了发烧还有什么症状吗？",
            "label": "OOOOOOOOOBIIIOOOOOOOOOOOOOOBIOOOOOOOO",
            "normalized": [
                "细菌感染",
                "发热"
            ],
            "type": [
                "1",
                "1"
            ]
        },
        {
            "speaker": "患者",
            "sentence": "就今天一天喝完药出汗，还伴有干咳",
            "label": "OOOOOOOOBIOOOOBI",
            "normalized": [
                "出汗",
                "干咳"
            ],
            "type": [
                "1",
                "1"
            ]
        },
        {
            "speaker": "医生",
            "sentence": "医生查体有说哪些异常吗？",
            "label": "OOOOOOOOOOOO",
            "normalized": [],
            "type": []
        },
        {
            "speaker": "患者",
            "sentence": "烧不退是怎么",
            "label": "BIIOOO",
            "normalized": [
                "退热"
            ],
            "type": [
                "2"
            ]
        },
        {
            "speaker": "医生",
            "sentence": "药物吃几天了？",
            "label": "OOOOOOO",
            "normalized": [],
            "type": []
        },
        {
            "speaker": "患者",
            "sentence": "支气管炎嗓子红",
            "label": "BIIIBII",
            "normalized": [
                "支气管炎",
                "咽喉炎"
            ],
            "type": [
                "1",
                "1"
            ]
        },
        {
            "speaker": "医生",
            "sentence": "药物吃几天了？",
            "label": "OOOOOOO",
            "normalized": [],
            "type": []
        },
        {
            "speaker": "患者",
            "sentence": "才吃了两顿",
            "label": "OOOOO",
            "normalized": [],
            "type": []
        },
        {
            "speaker": "医生",
            "sentence": "两顿药物，血药浓度还没达到治疗浓度呢，所以没有起效。药物吃满72小时，如果没有任何效果，需要复查血，看如何调整用药。",
            "label": "OOOOOOOOOOOOOOOOOOOOOOOOOOOOOOOOOOOOOOOOOOOOOOOOOOOOOOOOOO",
            "normalized": [],
            "type": []
        },
        {
            "speaker": "患者",
            "sentence": "哦！那孩子一直38度5没事吧",
            "label": "OOOOOOOBIIIOOO",
            "normalized": [
                "中等度热"
            ],
            "type": [
                "1"
            ]
        },
        {
            "speaker": "医生",
            "sentence": "一天就没有体温正常的时候吗？",
            "label": "OOOOOOOOOOOOOO",
            "normalized": [],
            "type": []
        },
        {
            "speaker": "患者",
            "sentence": "就今天早上体温36度5",
            "label": "OOOOOOOOOOO",
            "normalized": [],
            "type": []
        },
        {
            "speaker": "医生",
            "sentence": "38.5°以上口服退烧药。多给孩子喂水帮助散热。用温毛巾擦双侧颈部、腋下、大腿根部的大血管帮助退热。",
            "label": "OOOOOOOOOOOOOOOOOOOOOOOOOOOOOOOOOOOOOOOOOOOOOOOOOO",
            "normalized": [],
            "type": []
        },
        {
            "speaker": "患者",
            "sentence": "我想问下，可以让他喝一支蒲地蓝口服液吗",
            "label": "OOOOOOOOOOOOOOOOOOO",
            "normalized": [],
            "type": []
        },
        {
            "speaker": "医生",
            "sentence": "如果要喝就需要按顿喝，喝一次也没什么大作用。",
            "label": "OOOOOOOOOOOOOOOOOOOOOO",
            "normalized": [],
            "type": []
        },
        {
            "speaker": "患者",
            "sentence": "哦！可以和上边的药一起喝对吗",
            "label": "OOOOOOOOOOOOOO",
            "normalized": [],
            "type": []
        },
        {
            "speaker": "医生",
            "sentence": "对的",
            "label": "OO",
            "normalized": [],
            "type": []
        },
        {
            "speaker": "患者",
            "sentence": "哦谢谢啦",
            "label": "OOOO",
            "normalized": [],
            "type": []
        },
        {
            "speaker": "医生",
            "sentence": "不客气的，希望能帮到你",
            "label": "OOOOOOOOOOO",
            "normalized": [],
            "type": []
        },
        {
            "speaker": "患者",
            "sentence": "真心感谢你",
            "label": "OOOOO",
            "normalized": [],
            "type": []
        }
    ]
}