{
    "data-split": "train",
    "example-id": "10783584",
    "dialogue-content": [
        {
            "speaker": "医生",
            "sentence": "你好！",
            "label": "OOO",
            "normalized": [],
            "type": []
        },
        {
            "speaker": "医生",
            "sentence": "发烧吗？",
            "label": "BIOO",
            "normalized": [
                "发热"
            ],
            "type": [
                "2"
            ]
        },
        {
            "speaker": "患者",
            "sentence": "不发",
            "label": "OO",
            "normalized": [],
            "type": []
        },
        {
            "speaker": "医生",
            "sentence": "几天啦？",
            "label": "OOOO",
            "normalized": [],
            "type": []
        },
        {
            "speaker": "患者",
            "sentence": "两天",
            "label": "OO",
            "normalized": [],
            "type": []
        },
        {
            "speaker": "医生",
            "sentence": "去当地公立医院检查过吗？",
            "label": "OOOOOOOOOOOO",
            "normalized": [],
            "type": []
        },
        {
            "speaker": "患者",
            "sentence": "去过了，得药吃也不见好",
            "label": "OOOOOOOOOOO",
            "normalized": [],
            "type": []
        },
        {
            "speaker": "医生",
            "sentence": "医生诊断什么疾病？",
            "label": "OOOOOOOOO",
            "normalized": [],
            "type": []
        },
        {
            "speaker": "患者",
            "sentence": "着凉引起的",
            "label": "OOOOO",
            "normalized": [],
            "type": []
        },
        {
            "speaker": "医生",
            "sentence": "是着凉引起的感冒是吗？",
            "label": "OOOOOOBIOOO",
            "normalized": [
                "普通感冒"
            ],
            "type": [
                "1"
            ]
        },
        {
            "speaker": "患者",
            "sentence": "嗯，是的",
            "label": "OOOO",
            "normalized": [],
            "type": []
        },
        {
            "speaker": "医生",
            "sentence": "吃的什么？要知道名字吗？",
            "label": "OOOOOOOOOOOO",
            "normalized": [],
            "type": []
        },
        {
            "speaker": "患者",
            "sentence": "嗯",
            "label": "O",
            "normalized": [],
            "type": []
        },
        {
            "speaker": "医生",
            "sentence": "对不起，打错字啦？吃的什么药物知道吗？",
            "label": "OOOOOOOOOOOOOOOOOOO",
            "normalized": [],
            "type": []
        },
        {
            "speaker": "患者",
            "sentence": "那什么黄颗粒",
            "label": "OOOOOO",
            "normalized": [],
            "type": []
        },
        {
            "speaker": "医生",
            "sentence": "小儿氨酚黄那敏颗粒是吗？",
            "label": "OOOOOOOOOOOO",
            "normalized": [],
            "type": []
        },
        {
            "speaker": "患者",
            "sentence": "还有阿莫西林",
            "label": "OOOOOO",
            "normalized": [],
            "type": []
        },
        {
            "speaker": "患者",
            "sentence": "嗯，是的",
            "label": "OOOO",
            "normalized": [],
            "type": []
        },
        {
            "speaker": "医生",
            "sentence": "有止咳的药吗？",
            "label": "OOOOOOO",
            "normalized": [],
            "type": []
        },
        {
            "speaker": "患者",
            "sentence": "有",
            "label": "O",
            "normalized": [],
            "type": []
        },
        {
            "speaker": "医生",
            "sentence": "好哒！",
            "label": "OOO",
            "normalized": [],
            "type": []
        },
        {
            "speaker": "医生",
            "sentence": "我基本上了解了孩子的情况，你听我说一下。",
            "label": "OOOOOOOOOOOOOOOOOOOO",
            "normalized": [],
            "type": []
        },
        {
            "speaker": "患者",
            "sentence": "嗯",
            "label": "O",
            "normalized": [],
            "type": []
        },
        {
            "speaker": "医生",
            "sentence": "根据你说的孩子的情况，咳嗽，流鼻涕，这是呼吸道的疾病。",
            "label": "OOOOOOOOOOOBIOBIIOOOOOOOOOO",
            "normalized": [
                "咳嗽",
                "鼻流涕"
            ],
            "type": [
                "1",
                "1"
            ]
        },
        {
            "speaker": "患者",
            "sentence": "哦",
            "label": "O",
            "normalized": [],
            "type": []
        },
        {
            "speaker": "医生",
            "sentence": "还是像有上呼吸道感染，就是我们平常说的感冒啦？",
            "label": "OOOOBIIIIIOOOOOOOOOBIOO",
            "normalized": [
                "上呼吸道感染",
                "普通感冒"
            ],
            "type": [
                "3",
                "3"
            ]
        },
        {
            "speaker": "医生",
            "sentence": "感冒恢复是需要有一个时间的。",
            "label": "BIOOOOOOOOOOOO",
            "normalized": [
                "普通感冒"
            ],
            "type": [
                "3"
            ]
        },
        {
            "speaker": "患者",
            "sentence": "(⊙o⊙)哦",
            "label": "OOOOOO",
            "normalized": [],
            "type": []
        },
        {
            "speaker": "医生",
            "sentence": "感冒的原因也是很多，尤其是着凉会引起的。",
            "label": "BIOOOOOOOOOOOOOOOOOO",
            "normalized": [
                "普通感冒"
            ],
            "type": [
                "3"
            ]
        },
        {
            "speaker": "患者",
            "sentence": "那该怎么办呢？",
            "label": "OOOOOOO",
            "normalized": [],
            "type": []
        },
        {
            "speaker": "医生",
            "sentence": "医生开的药物有消炎的，有治疗感冒有咳嗽的。",
            "label": "OOOOOOOOOOOOOOBIOBIOO",
            "normalized": [
                "普通感冒",
                "咳嗽"
            ],
            "type": [
                "3",
                "1"
            ]
        },
        {
            "speaker": "医生",
            "sentence": "现在孩子精神好吗？",
            "label": "OOOOOOOOO",
            "normalized": [],
            "type": []
        },
        {
            "speaker": "医生",
            "sentence": "孩子没有发烧，如果精神好吃奶也好。可以继续口服药物的",
            "label": "OOOOBIOOOOOOOOOOOOOOOOOOOO",
            "normalized": [
                "发热"
            ],
            "type": [
                "2"
            ]
        },
        {
            "speaker": "医生",
            "sentence": "治疗时间短，病情还没有完全控制住，所以还是咳嗽流鼻涕的。",
            "label": "OOOOOOOOOOOOOOOOOOOOOBIBIIOO",
            "normalized": [
                "咳嗽",
                "鼻流涕"
            ],
            "type": [
                "1",
                "1"
            ]
        },
        {
            "speaker": "医生",
            "sentence": "医生开的药物可以的可以继续口服两到三天观察咳嗽的变化。",
            "label": "OOOOOOOOOOOOOOOOOOOOOBIOOOO",
            "normalized": [
                "咳嗽"
            ],
            "type": [
                "1"
            ]
        },
        {
            "speaker": "医生",
            "sentence": "如果不见好转，就去当地公立医院小儿内科就诊检查。",
            "label": "OOOOOOOOOOOOOOOOOOOOOOOO",
            "normalized": [],
            "type": []
        },
        {
            "speaker": "医生",
            "sentence": "化验血常规，拍胸片啊，看是否有气管炎和肺炎在适当的调整药物，效果还好。",
            "label": "OOOOOOOOOOOOOOOBIIOBIOOOOOOOOOOOOOO",
            "normalized": [
                "支气管炎",
                "肺炎"
            ],
            "type": [
                "3",
                "3"
            ]
        },
        {
            "speaker": "医生",
            "sentence": "孩子小，抵抗力差，感冒以后很容易引起气管炎和肺炎的，一定要仔细观察病情变化。",
            "label": "OOOOOOOOOBIOOOOOOOBIIOBIOOOOOOOOOOOOOO",
            "normalized": [
                "普通感冒",
                "支气管炎",
                "肺炎"
            ],
            "type": [
                "3",
                "3",
                "3"
            ]
        },
        {
            "speaker": "医生",
            "sentence": "服药期间一定要加强护理，不要着凉，适当的多喂水喝。",
            "label": "OOOOOOOOOOOOOOOOOOOOOOOOO",
            "normalized": [],
            "type": []
        },
        {
            "speaker": "医生",
            "sentence": "不要吃容易上火的东西。",
            "label": "OOOOOOOOOOO",
            "normalized": [],
            "type": []
        },
        {
            "speaker": "医生",
            "sentence": "止咳的药物吃的是什么知道吗？",
            "label": "OOOOOOOOOOOOOO",
            "normalized": [],
            "type": []
        },
        {
            "speaker": "医生",
            "sentence": "可以在加上小儿肺咳颗止咳化痰粒效果不错的，",
            "label": "OOOOOOOOOOOOOOOOOOOOO",
            "normalized": [],
            "type": []
        },
        {
            "speaker": "医生",
            "sentence": "可你原来的药物一起吃。仔细看说明，按说明书吃。",
            "label": "OOOOOOOOOOOOOOOOOOOOOOO",
            "normalized": [],
            "type": []
        }
    ]
}