{
    "data-split": "train",
    "example-id": "10738438",
    "dialogue-content": [
        {
            "speaker": "医生",
            "sentence": "你好",
            "label": "OO",
            "normalized": [],
            "type": []
        },
        {
            "speaker": "医生",
            "sentence": "体温如何？拉肚子几天了？",
            "label": "OOOOOBIIOOOO",
            "normalized": [
                "腹泻"
            ],
            "type": [
                "1"
            ]
        },
        {
            "speaker": "医生",
            "sentence": "为了全面了解患者病情，可能我接下来的问诊比较繁琐，希望多多配合，敬请谅解，只有这样才能给出更好的建议！",
            "label": "OOOOOOOOOOOOOOOOOOOOOOOOOOOOOOOOOOOOOOOOOOOOOOOOOOO",
            "normalized": [],
            "type": []
        },
        {
            "speaker": "患者",
            "sentence": "体温正常的",
            "label": "OOOOO",
            "normalized": [],
            "type": []
        },
        {
            "speaker": "医生",
            "sentence": "最近孩子有没有吃特殊的东西",
            "label": "OOOOOOOOOOOOO",
            "normalized": [],
            "type": []
        },
        {
            "speaker": "患者",
            "sentence": "昨天三次",
            "label": "OOOO",
            "normalized": [],
            "type": []
        },
        {
            "speaker": "患者",
            "sentence": "今天多起来",
            "label": "OOOOO",
            "normalized": [],
            "type": []
        },
        {
            "speaker": "医生",
            "sentence": "看着大便有点泡沫，黄色稀糊样大便",
            "label": "OOOOOOOOOOOOOOOO",
            "normalized": [],
            "type": []
        },
        {
            "speaker": "医生",
            "sentence": "有没有呕吐？",
            "label": "OOOBIO",
            "normalized": [
                "呕吐"
            ],
            "type": [
                "2"
            ]
        },
        {
            "speaker": "患者",
            "sentence": "大便有点绿",
            "label": "BIIII",
            "normalized": [
                "绿便"
            ],
            "type": [
                "1"
            ]
        },
        {
            "speaker": "患者",
            "sentence": "没有",
            "label": "OO",
            "normalized": [],
            "type": []
        },
        {
            "speaker": "医生",
            "sentence": "有没有去医院检查？有化验结果吗？",
            "label": "OOOOOOOOOOOOOOOO",
            "normalized": [],
            "type": []
        },
        {
            "speaker": "医生",
            "sentence": "精神状态如何？",
            "label": "OOOOOOO",
            "normalized": [],
            "type": []
        },
        {
            "speaker": "患者",
            "sentence": "还好的",
            "label": "OOO",
            "normalized": [],
            "type": []
        },
        {
            "speaker": "患者",
            "sentence": "没有去医院里",
            "label": "OOOOOO",
            "normalized": [],
            "type": []
        },
        {
            "speaker": "患者",
            "sentence": "今天刚刚开始",
            "label": "OOOOOO",
            "normalized": [],
            "type": []
        },
        {
            "speaker": "医生",
            "sentence": "通过和您的交流问诊，以及孩子大便图片，考虑到孩子目前主要是腹泻2天，质地稀，有点泡沫，时绿色，次数今天增多，没有发热，没有呕吐，精神还可以",
            "label": "OOOOOOOOOOOOOOOOOOOOOOOOOOOOOBIOOOBIIOOOOOOOBIOOOOOOOOOOBIOOOBIOOOOOO",
            "normalized": [
                "腹泻",
                "稀便",
                "绿便",
                "发热",
                "呕吐"
            ],
            "type": [
                "1",
                "1",
                "1",
                "2",
                "2"
            ]
        },
        {
            "speaker": "患者",
            "sentence": "是的",
            "label": "OO",
            "normalized": [],
            "type": []
        },
        {
            "speaker": "医生",
            "sentence": "目前主要考虑孩子消化不良或者有点急性肠炎",
            "label": "OOOOOOOOBIIIOOOOOOBI",
            "normalized": [
                "消化不良",
                "肠炎"
            ],
            "type": [
                "3",
                "3"
            ]
        },
        {
            "speaker": "患者",
            "sentence": "要去医院化验吗",
            "label": "OOOOOOO",
            "normalized": [],
            "type": []
        },
        {
            "speaker": "医生",
            "sentence": "目前孩子这个样子建议查个大便常规和轮状病毒，如果有炎症，需要用药或者抗生素治疗",
            "label": "OOOOOOOOOOOOOOOOOOOOOOOOOOOOOOOOOOOOOOO",
            "normalized": [],
            "type": []
        },
        {
            "speaker": "患者",
            "sentence": "好的谢谢啦",
            "label": "OOOOO",
            "normalized": [],
            "type": []
        },
        {
            "speaker": "医生",
            "sentence": "如果大便检查没问题，那就不是很严重",
            "label": "OOOOOOOOOOOOOOOOO",
            "normalized": [],
            "type": []
        },
        {
            "speaker": "患者",
            "sentence": "嗯嗯",
            "label": "OO",
            "normalized": [],
            "type": []
        },
        {
            "speaker": "医生",
            "sentence": "没有问题，就需要用蒙脱石散和妈咪爱调节一下就可以",
            "label": "OOOOOOOOOOOOOOOOOOOOOOOO",
            "normalized": [],
            "type": []
        },
        {
            "speaker": "患者",
            "sentence": "在吃妈咪爱牌的益生菌",
            "label": "OOOOOOOOOO",
            "normalized": [],
            "type": []
        },
        {
            "speaker": "医生",
            "sentence": "吃了感觉有效果吗？",
            "label": "OOOOOOOOO",
            "normalized": [],
            "type": []
        },
        {
            "speaker": "患者",
            "sentence": "因为刚刚开始拉不知道有没有效果",
            "label": "OOOOOOOOOOOOOOO",
            "normalized": [],
            "type": []
        },
        {
            "speaker": "医生",
            "sentence": "还是建议去医院儿科看看，查个大便常规和轮状病毒，有利于下一步治疗",
            "label": "OOOOOOOOOOOOOOOOOOOOOOOOOOOOOOOO",
            "normalized": [],
            "type": []
        },
        {
            "speaker": "患者",
            "sentence": "好的??",
            "label": "OOOO",
            "normalized": [],
            "type": []
        },
        {
            "speaker": "医生",
            "sentence": "饮食上注意清淡，好消化",
            "label": "OOOOOOOOOOO",
            "normalized": [],
            "type": []
        },
        {
            "speaker": "医生",
            "sentence": "吃的欠一点",
            "label": "OOOOO",
            "normalized": [],
            "type": []
        },
        {
            "speaker": "医生",
            "sentence": "肉奶鱼蛋少吃",
            "label": "OOOOOO",
            "normalized": [],
            "type": []
        },
        {
            "speaker": "医生",
            "sentence": "注意腹部保暖，逆时针按摩腹部！",
            "label": "OOOOOOOOOOOOOOO",
            "normalized": [],
            "type": []
        },
        {
            "speaker": "医生",
            "sentence": "如果大便常规有白细胞或者红细胞，就考虑急性肠炎了！如果没问题，那就考虑饮食或者受凉导致的消化不良！",
            "label": "OOOOOOOOOOOOOOOOOOOOOBIOOOOOOOOOOOOOOOOOOOOOBIIIO",
            "normalized": [
                "肠炎",
                "消化不良"
            ],
            "type": [
                "3",
                "3"
            ]
        },
        {
            "speaker": "医生",
            "sentence": "同时腹泻注意给孩子适当多喝点水，预防孩子脱水",
            "label": "OOBIOOOOOOOOOOOOOOOOBI",
            "normalized": [
                "腹泻",
                "脱水"
            ],
            "type": [
                "1",
                "3"
            ]
        },
        {
            "speaker": "医生",
            "sentence": "可以口服补液盐，按着说明当水喝",
            "label": "OOOOOOOOOOOOOOO",
            "normalized": [],
            "type": []
        },
        {
            "speaker": "医生",
            "sentence": "平时可以喝点粥",
            "label": "OOOOOOO",
            "normalized": [],
            "type": []
        }
    ]
}