{
    "data-split": "train",
    "example-id": "10291801",
    "dialogue-content": [
        {
            "speaker": "医生",
            "sentence": "你好",
            "label": "OO",
            "normalized": [],
            "type": []
        },
        {
            "speaker": "医生",
            "sentence": "宝宝最近感冒了吗？",
            "label": "OOOOBIOOO",
            "normalized": [
                "普通感冒"
            ],
            "type": [
                "1"
            ]
        },
        {
            "speaker": "医生",
            "sentence": "化验血常规的吗？",
            "label": "OOOOOOOO",
            "normalized": [],
            "type": []
        },
        {
            "speaker": "患者",
            "sentence": "上星期四刚感冒好了",
            "label": "OOOOOBIOO",
            "normalized": [
                "普通感冒"
            ],
            "type": [
                "1"
            ]
        },
        {
            "speaker": "患者",
            "sentence": "今早化验大便常规和轮状病毒都没事",
            "label": "OOOOOOOOOOOOOOOO",
            "normalized": [],
            "type": []
        },
        {
            "speaker": "医生",
            "sentence": "这一次化验血常规了吗？",
            "label": "OOOOOOOOOOO",
            "normalized": [],
            "type": []
        },
        {
            "speaker": "医生",
            "sentence": "有没有鼻塞流涕咳嗽打喷嚏呢。",
            "label": "OOOBIBIBIBIIOO",
            "normalized": [
                "鼻塞",
                "鼻流涕",
                "咳嗽",
                "打喷嚏"
            ],
            "type": [
                "2",
                "2",
                "3",
                "1"
            ]
        },
        {
            "speaker": "患者",
            "sentence": "没有，为什么验血，只是拉肚子",
            "label": "OOOOOOOOOOOBII",
            "normalized": [
                "腹泻"
            ],
            "type": [
                "1"
            ]
        },
        {
            "speaker": "医生",
            "sentence": "排除一下是不是感冒了。",
            "label": "OOOOOOOBIOO",
            "normalized": [
                "普通感冒"
            ],
            "type": [
                "3"
            ]
        },
        {
            "speaker": "患者",
            "sentence": "没鼻塞偶尔打个喷嚏",
            "label": "OBIOOOOBI",
            "normalized": [
                "鼻塞",
                "打喷嚏"
            ],
            "type": [
                "2",
                "1"
            ]
        },
        {
            "speaker": "医生",
            "sentence": "感冒也会引起宝宝拉肚子的。",
            "label": "BIOOOOOOBIIOO",
            "normalized": [
                "普通感冒",
                "腹泻"
            ],
            "type": [
                "3",
                "3"
            ]
        },
        {
            "speaker": "医生",
            "sentence": "看看宝宝舌苔，有没有厚腻。",
            "label": "OOOOOOOOOOOOO",
            "normalized": [],
            "type": []
        },
        {
            "speaker": "医生",
            "sentence": "宝宝，也可能是消化不良引起的。",
            "label": "OOOOOOOBIIIOOOO",
            "normalized": [
                "消化不良"
            ],
            "type": [
                "3"
            ]
        },
        {
            "speaker": "医生",
            "sentence": "最近感冒的宝宝比较多。",
            "label": "OOBIOOOOOOO",
            "normalized": [
                "普通感冒"
            ],
            "type": [
                "3"
            ]
        },
        {
            "speaker": "患者",
            "sentence": "现在吃着益生菌，贴着舒敷贴膏",
            "label": "OOOOOOOOOOOOOO",
            "normalized": [],
            "type": []
        },
        {
            "speaker": "医生",
            "sentence": "可以的",
            "label": "OOO",
            "normalized": [],
            "type": []
        },
        {
            "speaker": "医生",
            "sentence": "让宝宝多喝水，先注意观测好吗？",
            "label": "OOOOOOOOOOOOOOO",
            "normalized": [],
            "type": []
        },
        {
            "speaker": "患者",
            "sentence": "大便看着是消化不良",
            "label": "OOOOOBIII",
            "normalized": [
                "消化不良"
            ],
            "type": [
                "1"
            ]
        },
        {
            "speaker": "医生",
            "sentence": "给宝宝，少量多餐，清淡消化饮食。",
            "label": "OOOOOOOOOOOOOOOO",
            "normalized": [],
            "type": []
        },
        {
            "speaker": "医生",
            "sentence": "一定让宝宝多喝水，一般三天左右就好了。",
            "label": "OOOOOOOOOOOOOOOOOOO",
            "normalized": [],
            "type": []
        },
        {
            "speaker": "患者",
            "sentence": "还需要再吃点江中健胃消食片吗",
            "label": "OOOOOOOOOOOOOO",
            "normalized": [],
            "type": []
        },
        {
            "speaker": "医生",
            "sentence": "可以的，不影响",
            "label": "OOOOOOO",
            "normalized": [],
            "type": []
        },
        {
            "speaker": "患者",
            "sentence": "好的谢谢",
            "label": "OOOO",
            "normalized": [],
            "type": []
        },
        {
            "speaker": "医生",
            "sentence": "关键是注意饮食，避免太油腻的食物，一定要少量多餐。",
            "label": "OOOOOOOOOOOOOOOOOOOOOOOOO",
            "normalized": [],
            "type": []
        },
        {
            "speaker": "患者",
            "sentence": "好的",
            "label": "OO",
            "normalized": [],
            "type": []
        },
        {
            "speaker": "医生",
            "sentence": "不客气的，祝宝宝早日康复，身体健康。",
            "label": "OOOOOOOOOOOOOOOOOO",
            "normalized": [],
            "type": []
        },
        {
            "speaker": "医生",
            "sentence": "再见了，拜拜",
            "label": "OOOOOO",
            "normalized": [],
            "type": []
        }
    ]
}