{
    "data-split": "train",
    "example-id": "10339654",
    "dialogue-content": [
        {
            "speaker": "医生",
            "sentence": "你好",
            "label": "OO",
            "normalized": [],
            "type": []
        },
        {
            "speaker": "医生",
            "sentence": "在吗",
            "label": "OO",
            "normalized": [],
            "type": []
        },
        {
            "speaker": "患者",
            "sentence": "嗯嗯",
            "label": "OO",
            "normalized": [],
            "type": []
        },
        {
            "speaker": "医生",
            "sentence": "这个年龄段的孩子体温中枢不稳定，受外界环境温度影响比较大，应用退热药物有很容易导致体温过低的情况",
            "label": "OOOOOOOOOOOOOOOOOOOOOOOOOOOOOOOOOOOOOOOOOOOOOOOO",
            "normalized": [],
            "type": []
        },
        {
            "speaker": "医生",
            "sentence": "需要让孩子多喝水，特别是多喝热水适当的保暖",
            "label": "OOOOOOOOOOOOOOOOOOOOO",
            "normalized": [],
            "type": []
        },
        {
            "speaker": "医生",
            "sentence": "停用所有的影响你们的药物",
            "label": "OOOOOOOOOOOO",
            "normalized": [],
            "type": []
        },
        {
            "speaker": "患者",
            "sentence": "恩我给他喝水了",
            "label": "OOOOOOO",
            "normalized": [],
            "type": []
        },
        {
            "speaker": "医生",
            "sentence": "口服解热镇痛药物以后，可能会导致孩子出汗多",
            "label": "OOOOOOOOOOOOOOOOOOBIO",
            "normalized": [
                "出汗"
            ],
            "type": [
                "3"
            ]
        },
        {
            "speaker": "医生",
            "sentence": "这样就会出现低体温的情况",
            "label": "OOOOOOOOOOOO",
            "normalized": [],
            "type": []
        },
        {
            "speaker": "患者",
            "sentence": "他现在退烧了，我就没用任何药物，就是给他吃了一点乳钙跟鱼肝油，那个大夫说他请问的有点缺钙",
            "label": "OOOBIOOOOOOOOOOOOOOOOOOOOOOOOOOOOOOOOOOOOOBI",
            "normalized": [
                "退热",
                "缺钙"
            ],
            "type": [
                "1",
                "1"
            ]
        },
        {
            "speaker": "患者",
            "sentence": "好，我知道了",
            "label": "OOOOOO",
            "normalized": [],
            "type": []
        },
        {
            "speaker": "医生",
            "sentence": "可以给孩子补钙的，吃鱼干油，这个没有问题",
            "label": "OOOOOOOOOOOOOOOOOOOO",
            "normalized": [],
            "type": []
        },
        {
            "speaker": "患者",
            "sentence": "他要是一直都是35.5这个体温怎么办能行吗",
            "label": "OOOOOOOOOOOOOOOOOOOOO",
            "normalized": [],
            "type": []
        },
        {
            "speaker": "医生",
            "sentence": "那就给孩子多保暖，多喝热水，可以用热水袋进行保暖，尽快的提升体温",
            "label": "OOOOOOOOOOOOOOOOOOOOOOOOOOOOOOOO",
            "normalized": [],
            "type": []
        },
        {
            "speaker": "患者",
            "sentence": "他现在就是脸上凉别的都不凉",
            "label": "OOOOOOOOOOOOO",
            "normalized": [],
            "type": []
        },
        {
            "speaker": "医生",
            "sentence": "这个体温对孩子影响不大的，但是长时间的低体温，可能会导致孩子代谢降低，会出现阵发性的哭闹",
            "label": "OOOOOOOOOOOOOOOOOOOOOOOOOOOOOOOOOOOOOOOOOOBI",
            "normalized": [
                "哭闹"
            ],
            "type": [
                "3"
            ]
        },
        {
            "speaker": "患者",
            "sentence": "他才七个月我家宝宝可有脾气了，用热水袋他不会老实，我就多给他喝点水吧",
            "label": "OOOOOOOOOOOOOOOOOOOOOOOOOOOOOOOOOO",
            "normalized": [],
            "type": []
        },
        {
            "speaker": "医生",
            "sentence": "可以",
            "label": "OO",
            "normalized": [],
            "type": []
        },
        {
            "speaker": "患者",
            "sentence": "他不咋爱喝水，喝糖水行吗给他",
            "label": "OOOOOOOOOOOOOO",
            "normalized": [],
            "type": []
        },
        {
            "speaker": "医生",
            "sentence": "当然可以呀",
            "label": "OOOOO",
            "normalized": [],
            "type": []
        },
        {
            "speaker": "患者",
            "sentence": "好的，我知道了，谢谢您",
            "label": "OOOOOOOOOOO",
            "normalized": [],
            "type": []
        },
        {
            "speaker": "医生",
            "sentence": "不客气",
            "label": "OOO",
            "normalized": [],
            "type": []
        },
        {
            "speaker": "患者",
            "sentence": "昨天晚上我给他穿的盖的可多了，也没见她体温上来点还是凉，有点担心",
            "label": "OOOOOOOOOOOOOOOOOOOOOOOOOOOOOOOO",
            "normalized": [],
            "type": []
        },
        {
            "speaker": "医生",
            "sentence": "需要等药物代谢过后，体温才能够逐渐恢复正常的",
            "label": "OOOOOOOOOOOOOOOOOOOOOO",
            "normalized": [],
            "type": []
        },
        {
            "speaker": "医生",
            "sentence": "这个时间应该在1-2左右",
            "label": "OOOOOOOOOOOO",
            "normalized": [],
            "type": []
        },
        {
            "speaker": "医生",
            "sentence": "天",
            "label": "O",
            "normalized": [],
            "type": []
        },
        {
            "speaker": "患者",
            "sentence": "他就高烧一次39.5一小天，对脑袋有影响吗，用不用做做检查",
            "label": "OOBIOOBIIIOOOOOOOOOOOOOOOOOOO",
            "normalized": [
                "高热",
                "高热"
            ],
            "type": [
                "1",
                "1"
            ]
        },
        {
            "speaker": "患者",
            "sentence": "好的",
            "label": "OO",
            "normalized": [],
            "type": []
        },
        {
            "speaker": "医生",
            "sentence": "这种情况对孩子影响不大，如果孩子没有出现抽搐的情况，应该问题不大的。不需要进行检查",
            "label": "OOOOOOOOOOOOOOOOOOOOBIOOOOOOOOOOOOOOOOOOO",
            "normalized": [
                "抽搐"
            ],
            "type": [
                "3"
            ]
        },
        {
            "speaker": "患者",
            "sentence": "那就好，没有异常情况",
            "label": "OOOOOOOOOO",
            "normalized": [],
            "type": []
        },
        {
            "speaker": "医生",
            "sentence": "那就应该问题不大，不需要太担心",
            "label": "OOOOOOOOOOOOOOO",
            "normalized": [],
            "type": []
        },
        {
            "speaker": "患者",
            "sentence": "今天状态不错爱笑了，昨天高烧39.5都没哭也不玩了就抱着她他就在你怀里躺着小眼睛眨巴眨巴的也不闹，今天挺欢",
            "label": "OOOOOOOOOOOOBIIIIIOOBOOOOOOOOOOOOOOOOOOOOOOOOOOOOOOOO",
            "normalized": [
                "高热",
                "哭闹"
            ],
            "type": [
                "1",
                "2"
            ]
        },
        {
            "speaker": "医生",
            "sentence": "那就应该问题不大的，这个低体温与应用退热物有关系的",
            "label": "OOOOOOOOOOOOOOOOOOOOOOOOO",
            "normalized": [],
            "type": []
        },
        {
            "speaker": "患者",
            "sentence": "啊，我用百度差了一下他说是药物可能过大了引起的，只要不是一直持续这样就行",
            "label": "OOOOOOOOOOOOOOOOOOOOOOOOOOOOOOOOOOOO",
            "normalized": [],
            "type": []
        },
        {
            "speaker": "医生",
            "sentence": "是的，不一定是药物剂量过大，有的孩子对退热药相当敏感，在正常剂量范围之内，都可能会出现低体温的情况",
            "label": "OOOOOOOOOOOOOOOOOOOOOOOOOOOOOOOOOOOOOOOOOOOOOOOOO",
            "normalized": [],
            "type": []
        },
        {
            "speaker": "患者",
            "sentence": "都怪我了可能我给他吃了美林之后他就退烧了，我就是不放心去大夫他给他看，大夫又给做了个灌肠可能是两者时间短引起的",
            "label": "OOOOOOOOOOOOOOOOOBIOOOOOOOOOOOOOOOOOOOOOOOOOOOOOOOOOOOO",
            "normalized": [
                "退热"
            ],
            "type": [
                "1"
            ]
        },
        {
            "speaker": "医生",
            "sentence": "应该与这个有关系",
            "label": "OOOOOOOO",
            "normalized": [],
            "type": []
        },
        {
            "speaker": "医生",
            "sentence": "灌肠当中可能也有退热的成分",
            "label": "OOOOOOOOOOOOO",
            "normalized": [],
            "type": []
        },
        {
            "speaker": "患者",
            "sentence": "他就是单纯的发烧，也不流鼻涕也不咳嗽",
            "label": "OOOOOOBIOOOBIIOOBI",
            "normalized": [
                "发热",
                "鼻流涕",
                "咳嗽"
            ],
            "type": [
                "1",
                "2",
                "2"
            ]
        },
        {
            "speaker": "医生",
            "sentence": "那家中的大人有没有呼吸道感染的情况？这孩子有没有受凉的情况",
            "label": "OOOOOOOOOOOOOOOOOOOOOOOOOOOOO",
            "normalized": [],
            "type": []
        },
        {
            "speaker": "患者",
            "sentence": "啊，我对那个灌肠不是太懂，他们说做那个挺好就做了",
            "label": "OOOOOOOOOOOOOOOOOOOOOOOO",
            "normalized": [],
            "type": []
        },
        {
            "speaker": "患者",
            "sentence": "没有受凉，",
            "label": "OOOOO",
            "normalized": [],
            "type": []
        },
        {
            "speaker": "医生",
            "sentence": "那应该考虑呼吸道感染的，也就是感冒",
            "label": "OOOOOBIIIIOOOOOBI",
            "normalized": [
                "呼吸道感染",
                "普通感冒"
            ],
            "type": [
                "3",
                "3"
            ]
        },
        {
            "speaker": "医生",
            "sentence": "这个年龄段的孩子，呼吸道感染往往是全身症状，很少有局部的卡他症状",
            "label": "OOOOOOOOOBIIIIOOOOOOOOOOOOOOOOOO",
            "normalized": [
                "呼吸道感染"
            ],
            "type": [
                "3"
            ]
        },
        {
            "speaker": "患者",
            "sentence": "就是前几天家亲戚有感冒的但是也没抱她啊",
            "label": "OOOOOOOOOOOOOOOOOOO",
            "normalized": [],
            "type": []
        },
        {
            "speaker": "医生",
            "sentence": "不一定非得近距离接触啊，这孩子不是有受凉的情况吗？受凉很容易导致呼吸道感染",
            "label": "OOOOOOOOOOOOOOOOOOOOOOOOOOOOOOOOBIIII",
            "normalized": [
                "呼吸道感染"
            ],
            "type": [
                "3"
            ]
        },
        {
            "speaker": "患者",
            "sentence": "我挺知足的，七个月这是第二次感冒，第一次感冒就是流鼻涕不怎么咳嗽也不高烧，这回是单纯的发烧，从第一次感冒到现在他一热到嗓子就喉喽我就给他喝点川贝雪梨糖浆",
            "label": "OOOOOOOOOOOOOOBIOOOOBIOOBIIOOOBIOOBIOOOOOOOBIOOOOOBIOOOOOOOOOOOOOOOOOOOOOOOO",
            "normalized": [
                "普通感冒",
                "普通感冒",
                "鼻流涕",
                "咳嗽",
                "高热",
                "发热",
                "普通感冒"
            ],
            "type": [
                "1",
                "1",
                "1",
                "1",
                "2",
                "1",
                "1"
            ]
        },
        {
            "speaker": "医生",
            "sentence": "嗯，如果孩子症状不重，可以采用食疗的方法，毕竟所有的药物都是有副作用的",
            "label": "OOOOOOOOOOOOOOOOOOOOOOOOOOOOOOOOOOO",
            "normalized": [],
            "type": []
        },
        {
            "speaker": "医生",
            "sentence": "应该适当的给孩子多喝水",
            "label": "OOOOOOOOOOO",
            "normalized": [],
            "type": []
        },
        {
            "speaker": "患者",
            "sentence": "我觉得他应该没受凉我们家屋子暖和，也不带他出去，不去人多的地方",
            "label": "OOOOOOOOOOOOOOOOOOOOOOOOOOOOOOO",
            "normalized": [],
            "type": []
        },
        {
            "speaker": "医生",
            "sentence": "六个月以后的孩子从母体带来的免疫球蛋白消失殆尽，自身产生的免疫球蛋白数量又很少，所以说发生呼吸道感染的概率比其他年龄段的孩子要大得多",
            "label": "OOOOOOOOOOOOOOOOOOOOOOOOOOOOOOOOOOOOOOOOOOOOOBIIIIOOOOOOOOOOOOOOOO",
            "normalized": [
                "呼吸道感染"
            ],
            "type": [
                "3"
            ]
        },
        {
            "speaker": "患者",
            "sentence": "恩，我知道，",
            "label": "OOOOOO",
            "normalized": [],
            "type": []
        },
        {
            "speaker": "医生",
            "sentence": "嗯",
            "label": "O",
            "normalized": [],
            "type": []
        },
        {
            "speaker": "患者",
            "sentence": "，我挺庆幸的就是他一生病当天发现当天就好了",
            "label": "OOOOOOOOOOOOOOOOOOOOO",
            "normalized": [],
            "type": []
        },
        {
            "speaker": "医生",
            "sentence": "你需要观察今天和明天的体温，这孩子有可能还会出现发热的",
            "label": "OOOOOOOOOOOOOOOOOOOOOOOOBIO",
            "normalized": [
                "发热"
            ],
            "type": [
                "3"
            ]
        },
        {
            "speaker": "医生",
            "sentence": "我说的是有可能",
            "label": "OOOOOOO",
            "normalized": [],
            "type": []
        },
        {
            "speaker": "患者",
            "sentence": "我们家对门的宝宝四个月就感染是肺炎了特别可怜",
            "label": "OOOOOOOOOOOOOOOOOOOOOO",
            "normalized": [],
            "type": []
        },
        {
            "speaker": "医生",
            "sentence": "年龄越小的孩子呼吸道感染，症状越重，如果是肺炎相对来说比较严重一些",
            "label": "OOOOOOOBIIIIOOOOOOOOOBIOOOOOOOOOO",
            "normalized": [
                "呼吸道感染",
                "肺炎"
            ],
            "type": [
                "3",
                "3"
            ]
        },
        {
            "speaker": "患者",
            "sentence": "恩，我知道，我现在两小时给他试一次体温观察他",
            "label": "OOOOOOOOOOOOOOOOOOOOOO",
            "normalized": [],
            "type": []
        },
        {
            "speaker": "医生",
            "sentence": "好的",
            "label": "OO",
            "normalized": [],
            "type": []
        },
        {
            "speaker": "医生",
            "sentence": "呼吸道感染的孩子一般有3到4天的高峰期，在这个期间孩子会出现反复的发热，过了高峰期以后症状会逐渐的。所以说你需要多观察的",
            "label": "BIIIIOOOOOOOOOOOOOOOOOOOOOOOOOOOOBIOOOOOOOOOOOOOOOOOOOOOOOOO",
            "normalized": [
                "呼吸道感染",
                "发热"
            ],
            "type": [
                "3",
                "3"
            ]
        },
        {
            "speaker": "患者",
            "sentence": "好的，谢谢您，打扰了",
            "label": "OOOOOOOOOO",
            "normalized": [],
            "type": []
        },
        {
            "speaker": "医生",
            "sentence": "不客气",
            "label": "OOO",
            "normalized": [],
            "type": []
        },
        {
            "speaker": "患者",
            "sentence": "明天要是不热了恢复36左右就没事了算正常了对吧",
            "label": "OOOOOOOOOOOOOOOOOOOOOOO",
            "normalized": [],
            "type": []
        },
        {
            "speaker": "医生",
            "sentence": "是的",
            "label": "OO",
            "normalized": [],
            "type": []
        },
        {
            "speaker": "医生",
            "sentence": "一般口服退热药物以后，能够维持24小时左右",
            "label": "OOOOOOOOOOOOOOOOOOOOO",
            "normalized": [],
            "type": []
        },
        {
            "speaker": "患者",
            "sentence": "好的，，您忙吧，再见",
            "label": "OOOOOOOOOO",
            "normalized": [],
            "type": []
        },
        {
            "speaker": "医生",
            "sentence": "度过这个时间以后，体温就可恢复正常",
            "label": "OOOOOOOOOOOOOOOOO",
            "normalized": [],
            "type": []
        },
        {
            "speaker": "医生",
            "sentence": "好的",
            "label": "OO",
            "normalized": [],
            "type": []
        },
        {
            "speaker": "医生",
            "sentence": "再见",
            "label": "OO",
            "normalized": [],
            "type": []
        }
    ]
}