{
    "data-split": "train",
    "example-id": "10183634",
    "dialogue-content": [
        {
            "speaker": "医生",
            "sentence": "你好，很高兴能够帮助你。",
            "label": "OOOOOOOOOOOO",
            "normalized": [],
            "type": []
        },
        {
            "speaker": "医生",
            "sentence": "请问宝宝这样有多长时间了？",
            "label": "OOOOOOOOOOOOO",
            "normalized": [],
            "type": []
        },
        {
            "speaker": "患者",
            "sentence": "今天下午才发烧的",
            "label": "OOOOOBII",
            "normalized": [
                "发热"
            ],
            "type": [
                "1"
            ]
        },
        {
            "speaker": "医生",
            "sentence": "最高体温烧到多少度？",
            "label": "OOOOOOOOOO",
            "normalized": [],
            "type": []
        },
        {
            "speaker": "患者",
            "sentence": "38.2度",
            "label": "BIIII",
            "normalized": [
                "中等度热"
            ],
            "type": [
                "1"
            ]
        },
        {
            "speaker": "医生",
            "sentence": "宝宝烧到38度2还好，那宝宝发烧的时候有没有特别不舒服？",
            "label": "OOBIIIIOOOOOOOBIIOOOOOOOOOOO",
            "normalized": [
                "中等度热",
                "发热"
            ],
            "type": [
                "1",
                "1"
            ]
        },
        {
            "speaker": "医生",
            "sentence": "一般我们超过38度5，建议用单一成分的退烧药。",
            "label": "OOOOOOOOOOOOOOOOOOOOOOO",
            "normalized": [],
            "type": []
        },
        {
            "speaker": "患者",
            "sentence": "就是没有什么精神，然后会咳嗽，以前发烧不会咳嗽。就是怕怎么回事",
            "label": "OOOOOOOOOOOOBIOOOBIOOBIOOOOOOOO",
            "normalized": [
                "咳嗽",
                "发热",
                "咳嗽"
            ],
            "type": [
                "1",
                "1",
                "1"
            ]
        },
        {
            "speaker": "医生",
            "sentence": "那宝宝喉咙发炎是嗓子红吗？有没有看过嗓子？",
            "label": "OOOBIIIOBIIOOOOOOOOOO",
            "normalized": [
                "咽喉炎",
                "咽喉炎"
            ],
            "type": [
                "1",
                "1"
            ]
        },
        {
            "speaker": "患者",
            "sentence": "嗯，喉咙会红肿，会有一点白色点",
            "label": "OOBIIIIOOOOOOOO",
            "normalized": [
                "咽喉炎"
            ],
            "type": [
                "1"
            ]
        },
        {
            "speaker": "医生",
            "sentence": "宝宝咳嗽可能跟他喉咙红肿，痒有关系。",
            "label": "OOBIOOOOBIIIOOOOOO",
            "normalized": [
                "咳嗽",
                "咽喉炎"
            ],
            "type": [
                "1",
                "1"
            ]
        },
        {
            "speaker": "患者",
            "sentence": "那不会是肺炎什么的吧",
            "label": "OOOOBIOOOO",
            "normalized": [
                "肺炎"
            ],
            "type": [
                "3"
            ]
        },
        {
            "speaker": "患者",
            "sentence": "之前会反胃，差不多有个3天左右，会不会和这个喉咙发炎有关",
            "label": "OOOOOOOOOOOOOOOOOOOOOOBIIIOO",
            "normalized": [
                "咽喉炎"
            ],
            "type": [
                "1"
            ]
        },
        {
            "speaker": "医生",
            "sentence": "有关系的嗓子红肿充血，炎症会导致咽喉部位敏感而反胃。",
            "label": "OOOOBIIIIIOOOOOOOOOOOOOOOO",
            "normalized": [
                "咽喉炎"
            ],
            "type": [
                "1"
            ]
        },
        {
            "speaker": "医生",
            "sentence": "通过这些症状有点像上呼吸道炎症，不一定是肺炎的。",
            "label": "OOOOOOOOOOOOOOOOOOOOBIOO",
            "normalized": [
                "肺炎"
            ],
            "type": [
                "3"
            ]
        },
        {
            "speaker": "医生",
            "sentence": "宝宝嗓子红什么时候开始的？",
            "label": "OOBIIOOOOOOOO",
            "normalized": [
                "咽喉炎"
            ],
            "type": [
                "1"
            ]
        },
        {
            "speaker": "医生",
            "sentence": "你好，很高兴能够再次为您服务。",
            "label": "OOOOOOOOOOOOOOO",
            "normalized": [],
            "type": []
        },
        {
            "speaker": "患者",
            "sentence": "今天开了头孢拉定颗粒和小儿氨酚黄那敏颗粒和猴耳环消炎颗粒",
            "label": "OOOOOOOOOOOOOOOOOOOOOOOOOOOO",
            "normalized": [],
            "type": []
        },
        {
            "speaker": "患者",
            "sentence": "这些对症下药吗",
            "label": "OOOOOOO",
            "normalized": [],
            "type": []
        },
        {
            "speaker": "医生",
            "sentence": "宝宝还有其他症状吗？",
            "label": "OOOOOOOOOO",
            "normalized": [],
            "type": []
        },
        {
            "speaker": "患者",
            "sentence": "没有了",
            "label": "OOO",
            "normalized": [],
            "type": []
        },
        {
            "speaker": "医生",
            "sentence": "精神怎么样？",
            "label": "OOOOOO",
            "normalized": [],
            "type": []
        },
        {
            "speaker": "患者",
            "sentence": "就是发烧，喉咙发炎，带走咳嗽",
            "label": "OOBIOBIIIOOOBI",
            "normalized": [
                "发热",
                "咽喉炎",
                "咳嗽"
            ],
            "type": [
                "1",
                "1",
                "1"
            ]
        },
        {
            "speaker": "医生",
            "sentence": "咳嗽明不明显。",
            "label": "BIOOOOO",
            "normalized": [
                "咳嗽"
            ],
            "type": [
                "1"
            ]
        },
        {
            "speaker": "医生",
            "sentence": "喉咙里面能不能听到呼噜呼噜的痰音？",
            "label": "OOOOOOOOOOOOOOBIO",
            "normalized": [
                "痰鸣音"
            ],
            "type": [
                "1"
            ]
        },
        {
            "speaker": "患者",
            "sentence": "现在好点，之前没什么精神，然后手脚凉凉的",
            "label": "OOOOOOOOOOOOOOOBIIII",
            "normalized": [
                "四肢厥冷"
            ],
            "type": [
                "1"
            ]
        },
        {
            "speaker": "患者",
            "sentence": "咳嗽是不会很明显，睡觉的时候会咕噜咕噜但也不会明显",
            "label": "BIOOOOOOOOOOOOOBIIIOOOOOO",
            "normalized": [
                "咳嗽",
                "痰鸣音"
            ],
            "type": [
                "1",
                "1"
            ]
        },
        {
            "speaker": "医生",
            "sentence": "您上面的药物主要是消炎，退热，以及下火的药。按照目前您描述的症状来看是对症的",
            "label": "OOOOOOOOOOOOOOOOOOOOOOOOOOOOOOOOOOOOOO",
            "normalized": [],
            "type": []
        },
        {
            "speaker": "患者",
            "sentence": "好的，谢谢您",
            "label": "OOOOOO",
            "normalized": [],
            "type": []
        },
        {
            "speaker": "医生",
            "sentence": "宝宝可能是有上呼吸道感染。",
            "label": "OOOOOOBIIIIIO",
            "normalized": [
                "上呼吸道感染"
            ],
            "type": [
                "3"
            ]
        },
        {
            "speaker": "医生",
            "sentence": "不用谢",
            "label": "OOO",
            "normalized": [],
            "type": []
        },
        {
            "speaker": "患者",
            "sentence": "头孢拉定颗粒和小儿氨酚黄那敏颗粒，医生说要和猴耳环消炎颗粒隔两个小时在吃。",
            "label": "OOOOOOOOOOOOOOOOOOOOOOOOOOOOOOOOOOOOO",
            "normalized": [],
            "type": []
        },
        {
            "speaker": "患者",
            "sentence": "需要吗？太晚吃怕对孩子身体不好",
            "label": "OOOOOOOOOOOOOOO",
            "normalized": [],
            "type": []
        },
        {
            "speaker": "医生",
            "sentence": "是的。",
            "label": "OOO",
            "normalized": [],
            "type": []
        },
        {
            "speaker": "患者",
            "sentence": "那就隔两个小时吃，是吗？",
            "label": "OOOOOOOOOOOO",
            "normalized": [],
            "type": []
        },
        {
            "speaker": "医生",
            "sentence": "嗯，要的",
            "label": "OOOO",
            "normalized": [],
            "type": []
        },
        {
            "speaker": "医生",
            "sentence": "宝宝有没有查过血常规？",
            "label": "OOOOOOOOOOO",
            "normalized": [],
            "type": []
        },
        {
            "speaker": "患者",
            "sentence": "没有阿？怎么啦",
            "label": "OOOOOOO",
            "normalized": [],
            "type": []
        },
        {
            "speaker": "医生",
            "sentence": "因为血常规可以初步判断一下是细菌性感染还是病毒性感染，主要看白细胞。",
            "label": "OOOOOOOOOOOOOOBIIIIOOBIIIIOOOOOOOO",
            "normalized": [
                "细菌感染",
                "病毒感染"
            ],
            "type": [
                "3",
                "3"
            ]
        },
        {
            "speaker": "患者",
            "sentence": "嗯，好的。",
            "label": "OOOOO",
            "normalized": [],
            "type": []
        },
        {
            "speaker": "医生",
            "sentence": "所以您宝宝可以吃这个药物三天，如果没什么效果的话，可以去查一下血常规。",
            "label": "OOOOOOOOOOOOOOOOOOOOOOOOOOOOOOOOOOO",
            "normalized": [],
            "type": []
        },
        {
            "speaker": "患者",
            "sentence": "那布络酚要什么情况吃",
            "label": "OOOOOOOOOO",
            "normalized": [],
            "type": []
        },
        {
            "speaker": "医生",
            "sentence": "布洛芬是单一成分的退热药。",
            "label": "OOOOOOOOOOOOO",
            "normalized": [],
            "type": []
        },
        {
            "speaker": "医生",
            "sentence": "宝宝体温超过38度5。可以用。",
            "label": "OOOOOOOOOOOOOOO",
            "normalized": [],
            "type": []
        },
        {
            "speaker": "医生",
            "sentence": "如果发烧，但是体温在38度5以下，宝宝表现出特别难受也可以用。",
            "label": "OOBIOOOOOOOOOOOOOOOOOOOOOOOOOOO",
            "normalized": [
                "发热"
            ],
            "type": [
                "1"
            ]
        },
        {
            "speaker": "医生",
            "sentence": "您好。宝宝的淋巴结是什么时候起来的？",
            "label": "OOOOOOOOOOOOOOOOOO",
            "normalized": [],
            "type": []
        },
        {
            "speaker": "患者",
            "sentence": "有四五天了",
            "label": "OOOOO",
            "normalized": [],
            "type": []
        },
        {
            "speaker": "医生",
            "sentence": "有关系。",
            "label": "OOOO",
            "normalized": [],
            "type": []
        },
        {
            "speaker": "患者",
            "sentence": "孩子吐了，吐之前一直像打嗝一样，然后张开嘴像冒烟一样哈了两口",
            "label": "OOBOOBOOOOOBIOOOOOOOOOOOOOOOOO",
            "normalized": [
                "呕吐",
                "呕吐",
                "呃逆"
            ],
            "type": [
                "1",
                "1",
                "1"
            ]
        },
        {
            "speaker": "医生",
            "sentence": "在嗓子有炎症的时候会导致淋巴结增大，但是一般不会大于一厘米。",
            "label": "OOOOOOOOOOOOOOOOOOOOOOOOOOOOOO",
            "normalized": [],
            "type": []
        },
        {
            "speaker": "医生",
            "sentence": "宝宝吐得远不远？",
            "label": "OOBIOOOO",
            "normalized": [
                "呕吐"
            ],
            "type": [
                "1"
            ]
        },
        {
            "speaker": "医生",
            "sentence": "是刚刚吐的吗？",
            "label": "OOOBOOO",
            "normalized": [
                "呕吐"
            ],
            "type": [
                "1"
            ]
        },
        {
            "speaker": "患者",
            "sentence": "吐的不远，刚刚吐了",
            "label": "BOOOOOOBO",
            "normalized": [
                "呕吐",
                "呕吐"
            ],
            "type": [
                "1",
                "1"
            ]
        },
        {
            "speaker": "医生",
            "sentence": "好的，吐的不远，可以排除颅内高压导致。",
            "label": "OOOBOOOOOOOOOOOOOOO",
            "normalized": [
                "呕吐"
            ],
            "type": [
                "1"
            ]
        },
        {
            "speaker": "医生",
            "sentence": "吐的是什么东西？",
            "label": "BOOOOOOO",
            "normalized": [
                "呕吐"
            ],
            "type": [
                "1"
            ]
        },
        {
            "speaker": "医生",
            "sentence": "是吃过的食物吗？还是其他什么有没有黄绿色的？",
            "label": "OOOOOOOOOOOOOOOOOOOOOO",
            "normalized": [],
            "type": []
        },
        {
            "speaker": "医生",
            "sentence": "您还在吗？",
            "label": "OOOOO",
            "normalized": [],
            "type": []
        }
    ]
}