{
    "data-split": "train",
    "example-id": "10663154",
    "dialogue-content": [
        {
            "speaker": "医生",
            "sentence": "你好，宝贝现在手脚温暖吗？身上有汗吗？",
            "label": "OOOOOOOOOOOOOOOBIOO",
            "normalized": [
                "出汗"
            ],
            "type": [
                "2"
            ]
        },
        {
            "speaker": "医生",
            "sentence": "宝贝最近有没有着凉或接触感冒的人？",
            "label": "OOOOOOOOOOOOBIOOO",
            "normalized": [
                "普通感冒"
            ],
            "type": [
                "1"
            ]
        },
        {
            "speaker": "患者",
            "sentence": "设没汗，手脚有点暖，物理降温了",
            "label": "OOOOOOOOOOOOOOO",
            "normalized": [],
            "type": []
        },
        {
            "speaker": "患者",
            "sentence": "有点感冒",
            "label": "OOBI",
            "normalized": [
                "普通感冒"
            ],
            "type": [
                "1"
            ]
        },
        {
            "speaker": "医生",
            "sentence": "嗯，那就多喂宝贝水，可以贴一个退热贴来物理降温，半小时以后测体温看看",
            "label": "OOOOOOOOOOOOOOOOOOOOOOOOOOOOOOOOOO",
            "normalized": [],
            "type": []
        },
        {
            "speaker": "医生",
            "sentence": "嗯，孩子有没有鼻塞流鼻涕打喷嚏或咳嗽？",
            "label": "OOOOOOOBIBIIBIIOBIO",
            "normalized": [
                "鼻塞",
                "鼻流涕",
                "打喷嚏",
                "咳嗽"
            ],
            "type": [
                "3",
                "3",
                "3",
                "1"
            ]
        },
        {
            "speaker": "医生",
            "sentence": "口腔或手脚，屁屁有没有皮疹出现呢？",
            "label": "OOOOOOOOOOOBIOOOO",
            "normalized": [
                "皮疹"
            ],
            "type": [
                "1"
            ]
        },
        {
            "speaker": "患者",
            "sentence": "嗯，医生开小儿热速清口服液宝宝不喝",
            "label": "OOOOOOOOOOOOOOOOO",
            "normalized": [],
            "type": []
        },
        {
            "speaker": "患者",
            "sentence": "能吃什么药",
            "label": "OOOOO",
            "normalized": [],
            "type": []
        },
        {
            "speaker": "医生",
            "sentence": "嗯，最好要喂下去，可以用喂药器来喂，这个药效果还是不错的",
            "label": "OOOOOOOOOOOOOOOOOOOOOOOOOOOO",
            "normalized": [],
            "type": []
        },
        {
            "speaker": "患者",
            "sentence": "屁屁有",
            "label": "OOO",
            "normalized": [],
            "type": []
        },
        {
            "speaker": "医生",
            "sentence": "孩子除了发热还有其他症状吗？",
            "label": "OOOOBIOOOOOOOO",
            "normalized": [
                "发热"
            ],
            "type": [
                "1"
            ]
        },
        {
            "speaker": "患者",
            "sentence": "嗯",
            "label": "O",
            "normalized": [],
            "type": []
        },
        {
            "speaker": "医生",
            "sentence": "发热是种症状，是体内杀菌细胞与细菌病毒做斗争的过程，是对机体的一种保护，当病毒被消灭了，体温也就稳定了",
            "label": "BIOOOOOOOOOOOOOOOOOOOOOOOOOOOOOOOOOOOOOOOOOOOOOOOOO",
            "normalized": [
                "发热"
            ],
            "type": [
                "1"
            ]
        },
        {
            "speaker": "医生",
            "sentence": "体温38.5以下手脚温暖可以多喂水，退热贴外用，或用温毛巾擦额头腋窝腹股沟物理降温，给孩子勤测体温",
            "label": "OOOOOOOOOOOOOOOOOOOOOOOOOOOOOOOOOOOOOOOOOOOOOOOOO",
            "normalized": [],
            "type": []
        },
        {
            "speaker": "患者",
            "sentence": "有点咳",
            "label": "OOB",
            "normalized": [
                "咳嗽"
            ],
            "type": [
                "1"
            ]
        },
        {
            "speaker": "医生",
            "sentence": "宝贝体温38.5以上需要口服退热药，两次之间间隔4-6小时，24小时以内不超过4次！",
            "label": "OOOOOOOOOOOOOOOOOOOOOOOOOOOOOOOOOOOOOOOOOO",
            "normalized": [],
            "type": []
        },
        {
            "speaker": "医生",
            "sentence": "可以发过屁屁的照片来吗？",
            "label": "OOOOOOOOOOOO",
            "normalized": [],
            "type": []
        },
        {
            "speaker": "医生",
            "sentence": "宝贝咳嗽厉害吗？大约一天咳嗽几次？有没有痰呢",
            "label": "OOBIOOOOOOOOBIOOOOOOBO",
            "normalized": [
                "咳嗽",
                "咳嗽",
                "痰"
            ],
            "type": [
                "1",
                "1",
                "3"
            ]
        },
        {
            "speaker": "患者",
            "sentence": "屁屁没有了",
            "label": "OOOOO",
            "normalized": [],
            "type": []
        },
        {
            "speaker": "患者",
            "sentence": "三四次",
            "label": "OOO",
            "normalized": [],
            "type": []
        },
        {
            "speaker": "医生",
            "sentence": "奥，带宝宝看医生检查除了血象高还有其他情况吗",
            "label": "OOOOOOOOOOOOOOOOOOOOOO",
            "normalized": [],
            "type": []
        },
        {
            "speaker": "患者",
            "sentence": "没有，就血象高反复发热",
            "label": "OOOOOOOOOBI",
            "normalized": [
                "发热"
            ],
            "type": [
                "1"
            ]
        },
        {
            "speaker": "医生",
            "sentence": "医生听诊宝宝气管有没有问题？医生考虑宝宝什么病呢？",
            "label": "OOOOOOOOOOOOOOOOOOOOOOOOO",
            "normalized": [],
            "type": []
        },
        {
            "speaker": "医生",
            "sentence": "嗯，都给宝宝输液用了什么药物？按什么疾病治疗的？",
            "label": "OOOOOOOOOOOOOOOOOOOOOOOO",
            "normalized": [],
            "type": []
        },
        {
            "speaker": "患者",
            "sentence": "没有",
            "label": "OO",
            "normalized": [],
            "type": []
        },
        {
            "speaker": "医生",
            "sentence": "咳嗽也是是机体的一种保护性反应，人体通过咳嗽可以清除在气道的病毒，细菌，异物或炎症分泌物，包括痰液。所以宝贝咳嗽不厉害不用太担心，多喂水观察看看",
            "label": "BIOOOOOOOOOOOOOOOOOOBIOOOOOOOOOOOOOOOOOOOOOOOOOBOOOOOOBIOOOOOOOOOOOOOOOO",
            "normalized": [
                "咳嗽",
                "咳嗽",
                "痰",
                "咳嗽"
            ],
            "type": [
                "1",
                "1",
                "3",
                "1"
            ]
        },
        {
            "speaker": "患者",
            "sentence": "血象高来的，",
            "label": "OOOOOO",
            "normalized": [],
            "type": []
        },
        {
            "speaker": "医生",
            "sentence": "嗯，宝贝发热有一个过程大约3-5天，用上药物也要到一个有效的药物浓度效果才比较好，孩子体温白比较稳定了",
            "label": "OOOOBIOOOOOOOOOOOOOOOOOOOOOOOOOOOOOOOOOOOOOOOOOOOOO",
            "normalized": [
                "发热"
            ],
            "type": [
                "1"
            ]
        },
        {
            "speaker": "患者",
            "sentence": "哦，空调房间宝宝能不能在里面",
            "label": "OOOOOOOOOOOOOO",
            "normalized": [],
            "type": []
        },
        {
            "speaker": "医生",
            "sentence": "嗯嗯，可以把宝宝的化验单发过来吗",
            "label": "OOOOOOOOOOOOOOOO",
            "normalized": [],
            "type": []
        },
        {
            "speaker": "医生",
            "sentence": "可以的，空调温度不要太高了",
            "label": "OOOOOOOOOOOOO",
            "normalized": [],
            "type": []
        },
        {
            "speaker": "医生",
            "sentence": "宝贝用了什么药物输液您知道吗？可以发过来看一下吗",
            "label": "OOOOOOOOOOOOOOOOOOOOOOOO",
            "normalized": [],
            "type": []
        },
        {
            "speaker": "患者",
            "sentence": "嗯，我去拿",
            "label": "OOOOO",
            "normalized": [],
            "type": []
        },
        {
            "speaker": "医生",
            "sentence": "好的",
            "label": "OO",
            "normalized": [],
            "type": []
        },
        {
            "speaker": "患者",
            "sentence": "在",
            "label": "O",
            "normalized": [],
            "type": []
        },
        {
            "speaker": "患者",
            "sentence": "马上就好",
            "label": "OOOO",
            "normalized": [],
            "type": []
        },
        {
            "speaker": "医生",
            "sentence": "嗯",
            "label": "O",
            "normalized": [],
            "type": []
        },
        {
            "speaker": "患者",
            "sentence": "",
            "label": "",
            "normalized": [],
            "type": []
        },
        {
            "speaker": "医生",
            "sentence": "我看一下",
            "label": "OOOO",
            "normalized": [],
            "type": []
        },
        {
            "speaker": "医生",
            "sentence": "血象和中性粒都偏高，考虑有炎症感染情况，给宝宝输液用了什么药物您知道吗",
            "label": "OOOOOOOOOOOOOOOOOOOOOOOOOOOOOOOOOOO",
            "normalized": [],
            "type": []
        },
        {
            "speaker": "患者",
            "sentence": "小儿感冒冲剂，阿莫西林和刚才的药犯冲不？",
            "label": "OOOOOOOOOOOOOOOOOOOO",
            "normalized": [],
            "type": []
        },
        {
            "speaker": "患者",
            "sentence": "",
            "label": "",
            "normalized": [],
            "type": []
        },
        {
            "speaker": "医生",
            "sentence": "宝贝反复发热，血象高治疗上一般是消炎，退热等对症支持治疗",
            "label": "OOOOBIOOOOOOOOOOOOOOOOOOOOOO",
            "normalized": [
                "发热"
            ],
            "type": [
                "1"
            ]
        },
        {
            "speaker": "医生",
            "sentence": "都是医生给宝宝开的对吗",
            "label": "OOOOOOOOOOO",
            "normalized": [],
            "type": []
        },
        {
            "speaker": "患者",
            "sentence": "药是家里的，",
            "label": "OOOOOO",
            "normalized": [],
            "type": []
        },
        {
            "speaker": "医生",
            "sentence": "面诊医生根据宝贝目前情况，给宝贝开的药是消炎的，清热解毒，退热的治疗方案，目前的治疗原则符合治疗原则，目前选择的也是比较适合宝贝的，用药比较安全，是宝贝恢复最快的以一种治疗方式的",
            "label": "OOOOOOOOOOOOOOOOOOOOOOOOOOOOOOOOOOOOOOOOOOOOOOOOOOOOOOOOOOOOOOOOOOOOOOOOOOOOOOOOOOOOOOOOO",
            "normalized": [],
            "type": []
        },
        {
            "speaker": "患者",
            "sentence": "家里药不吃吗",
            "label": "OOOOOO",
            "normalized": [],
            "type": []
        },
        {
            "speaker": "医生",
            "sentence": "不用吃家里的药，只给宝宝用医生开的药就可以",
            "label": "OOOOOOOOOOOOOOOOOOOOO",
            "normalized": [],
            "type": []
        },
        {
            "speaker": "医生",
            "sentence": "宝贝感冒的治疗也比较简单，还要让宝贝多注意休息，清淡饮食同样重要，孩子发热不可怕，就怕宝贝高热不退，体温高的比较快，怕引起高热惊厥情况，所以要勤测孩子体温。高热时候积极处理！宝贝体温反复不退就要带宝宝去医院及时退热治疗，避免高热惊厥！",
            "label": "OOBIOOOOOOOOOOOOOOOOOOOOOOOOOOOOOOOBIOOOOOOOOBIOOOOOOOOOOOOOOBIIIOOOOOOOOOOOOOBIOOOOOOOOOOOOOOOOOOOOOOOOOOOOOOOOBIIIO",
            "normalized": [
                "普通感冒",
                "发热",
                "高热",
                "热惊厥",
                "高热",
                "热惊厥"
            ],
            "type": [
                "1",
                "1",
                "3",
                "3",
                "3",
                "3"
            ]
        },
        {
            "speaker": "患者",
            "sentence": "哦，谢谢",
            "label": "OOOO",
            "normalized": [],
            "type": []
        },
        {
            "speaker": "医生",
            "sentence": "不客气，现在主要加强喂养，多喂水，勤测体温",
            "label": "OOOOOOOOOOOOOOOOOOOOO",
            "normalized": [],
            "type": []
        },
        {
            "speaker": "患者",
            "sentence": "嗯",
            "label": "O",
            "normalized": [],
            "type": []
        },
        {
            "speaker": "医生",
            "sentence": "观察2-3天。体温还是反复不退，精神状态不好，可以喝宝宝面诊医生沟通一下用不用检查支原体，胸片，复查血常规看看，用不用调整用药",
            "label": "OOOOOOOOOOOOOOOOOOOOOOOOOOOOOOOOOOOOOOOOOOOOOOOOOOOOOOOOOOOOOOO",
            "normalized": [],
            "type": []
        }
    ]
}