{
    "data-split": "train",
    "example-id": "10456984",
    "dialogue-content": [
        {
            "speaker": "医生",
            "sentence": "你好",
            "label": "OO",
            "normalized": [],
            "type": []
        },
        {
            "speaker": "医生",
            "sentence": "我是您的接诊医生",
            "label": "OOOOOOOO",
            "normalized": [],
            "type": []
        },
        {
            "speaker": "患者",
            "sentence": "你好！",
            "label": "OOO",
            "normalized": [],
            "type": []
        },
        {
            "speaker": "医生",
            "sentence": "宝贝多大了呢？亲",
            "label": "OOOOOOOO",
            "normalized": [],
            "type": []
        },
        {
            "speaker": "患者",
            "sentence": "11",
            "label": "OO",
            "normalized": [],
            "type": []
        },
        {
            "speaker": "医生",
            "sentence": "最近家里有人感冒吗？",
            "label": "OOOOOOOOOO",
            "normalized": [],
            "type": []
        },
        {
            "speaker": "患者",
            "sentence": "刚开始是我感冒的",
            "label": "OOOOOBIO",
            "normalized": [
                "普通感冒"
            ],
            "type": [
                "1"
            ]
        },
        {
            "speaker": "医生",
            "sentence": "宝贝体温正常吗？有没有其他感冒症状呢",
            "label": "OOOOOOOOOOOOOBIOOO",
            "normalized": [
                "普通感冒"
            ],
            "type": [
                "1"
            ]
        },
        {
            "speaker": "医生",
            "sentence": "您如果感冒的话要带好口罩，避免交叉感染的奥",
            "label": "OOOBIOOOOOOOOOOOOOOOO",
            "normalized": [
                "普通感冒"
            ],
            "type": [
                "1"
            ]
        },
        {
            "speaker": "患者",
            "sentence": "正常，就是有点咳嗽",
            "label": "OOOOOOOBI",
            "normalized": [
                "咳嗽"
            ],
            "type": [
                "1"
            ]
        },
        {
            "speaker": "医生",
            "sentence": "咳嗽总共几天了呢",
            "label": "BIOOOOOO",
            "normalized": [
                "咳嗽"
            ],
            "type": [
                "1"
            ]
        },
        {
            "speaker": "患者",
            "sentence": "5天了",
            "label": "OOO",
            "normalized": [],
            "type": []
        },
        {
            "speaker": "医生",
            "sentence": "咳嗽勤吗？",
            "label": "BIOOO",
            "normalized": [
                "咳嗽"
            ],
            "type": [
                "1"
            ]
        },
        {
            "speaker": "患者",
            "sentence": "嗯，",
            "label": "OO",
            "normalized": [],
            "type": []
        },
        {
            "speaker": "患者",
            "sentence": "夜里咳嗽厉害",
            "label": "OOBIOO",
            "normalized": [
                "咳嗽"
            ],
            "type": [
                "1"
            ]
        },
        {
            "speaker": "医生",
            "sentence": "咳嗽痰最近两天是不是比之前多了呢？",
            "label": "BIBOOOOOOOOOOOOOO",
            "normalized": [
                "咳嗽",
                "痰"
            ],
            "type": [
                "1",
                "1"
            ]
        },
        {
            "speaker": "患者",
            "sentence": "是的",
            "label": "OO",
            "normalized": [],
            "type": []
        },
        {
            "speaker": "医生",
            "sentence": "宝贝会吐痰吗？",
            "label": "OOOBIOO",
            "normalized": [
                "痰"
            ],
            "type": [
                "1"
            ]
        },
        {
            "speaker": "患者",
            "sentence": "有点黄痰",
            "label": "OOBI",
            "normalized": [
                "痰"
            ],
            "type": [
                "1"
            ]
        },
        {
            "speaker": "患者",
            "sentence": "会呀",
            "label": "OO",
            "normalized": [],
            "type": []
        },
        {
            "speaker": "医生",
            "sentence": "那就好，会吐痰的话有痰的话就鼓励宝贝吐出来就会恢复的快点的奥",
            "label": "OOOOOBIOOBIOOOOOOOBIIOOOOOOOOO",
            "normalized": [
                "痰",
                "痰",
                "呕吐"
            ],
            "type": [
                "1",
                "1",
                "3"
            ]
        },
        {
            "speaker": "医生",
            "sentence": "咳嗽是一个过程，宝贝上痰后咳嗽症状比较厉害，并不代表宝贝病情加重了，痰液刺激的！不用担心，多给宝贝拍促进痰的排除的奥",
            "label": "BIOOOOOOOOOBOBIOOOOOOOOOOOOOOOOOOOBOOOOOOOOOOOOOOOOOBOOOOO",
            "normalized": [
                "咳嗽",
                "痰",
                "咳嗽",
                "痰",
                "痰"
            ],
            "type": [
                "1",
                "1",
                "1",
                "1",
                "1"
            ]
        },
        {
            "speaker": "医生",
            "sentence": "宝贝什么时候看的面诊医生呢",
            "label": "OOOOOOOOOOOOO",
            "normalized": [],
            "type": []
        },
        {
            "speaker": "患者",
            "sentence": "那怎么才能快点止咳呢",
            "label": "OOOOOOOOOO",
            "normalized": [],
            "type": []
        },
        {
            "speaker": "医生",
            "sentence": "都做过什么检查吗？亲！",
            "label": "OOOOOOOOOOO",
            "normalized": [],
            "type": []
        },
        {
            "speaker": "患者",
            "sentence": "3号去查的",
            "label": "OOOOO",
            "normalized": [],
            "type": []
        },
        {
            "speaker": "医生",
            "sentence": "有化验单吗",
            "label": "OOOOO",
            "normalized": [],
            "type": []
        },
        {
            "speaker": "患者",
            "sentence": "没有",
            "label": "OO",
            "normalized": [],
            "type": []
        },
        {
            "speaker": "医生",
            "sentence": "面诊医生给宝贝诊断的支气管炎，给宝贝之后怎么治疗的呢？",
            "label": "OOOOOOOOOOBIIIOOOOOOOOOOOOO",
            "normalized": [
                "支气管炎"
            ],
            "type": [
                "1"
            ]
        },
        {
            "speaker": "患者",
            "sentence": "医生说支气管有点炎症",
            "label": "OOOBIIOOOO",
            "normalized": [
                "咳嗽"
            ],
            "type": [
                "1"
            ]
        },
        {
            "speaker": "医生",
            "sentence": "给宝贝用的什么药呢？亲",
            "label": "OOOOOOOOOOO",
            "normalized": [],
            "type": []
        },
        {
            "speaker": "患者",
            "sentence": "止咳糖浆和消炎药",
            "label": "OOOOOOOO",
            "normalized": [],
            "type": []
        },
        {
            "speaker": "医生",
            "sentence": "宝贝这个目前面诊医生给宝贝诊断的支气管炎，支气管炎的话这个可能由于受凉或者感染引起来的，这个治疗的原则的话主要是消炎止咳化痰治疗的奥！",
            "label": "OOOOOOOOOOOOOOOOBIIIOBIIIOOOOOOOOOOOOOOOOOOOOOOOOOOOOOOOOOOOOOOOOOO",
            "normalized": [
                "支气管炎",
                "支气管炎"
            ],
            "type": [
                "1",
                "1"
            ]
        },
        {
            "speaker": "患者",
            "sentence": "雪梨止咳糖浆",
            "label": "OOOOOO",
            "normalized": [],
            "type": []
        },
        {
            "speaker": "医生",
            "sentence": "宝贝目前的情况咳嗽比较稳定了痰上来了，体内粘菌开始往外排了，排出来就是形成的痰，面诊医生根据宝贝目前情况给宝贝用的消炎和止咳糖浆的药物治疗的！目前的情况还是比较稳定的奥！",
            "label": "OOOOOOOBIOOOOOBOOOOOOOOOOOOOOOOOOOOOOOBOOOOOOOOOOOOOOOOOOOOOOOOOOOOOOOOOOOOOOOOOOOOOO",
            "normalized": [
                "咳嗽",
                "痰",
                "痰"
            ],
            "type": [
                "1",
                "1",
                "1"
            ]
        },
        {
            "speaker": "医生",
            "sentence": "面诊医生根据宝贝听诊结果之类的给宝贝用的比较适合宝贝的用药的奥，所以目前的话可以继续给宝贝巩固目前的药物，完全符合治疗原则的奥，也是最适合宝贝的用药治疗方案的奥",
            "label": "OOOOOOOOOOOOOOOOOOOOOOOOOOOOOOOOOOOOOOOOOOOOOOOOOOOOOOOOOOOOOOOOOOOOOOOOOOOOOOOO",
            "normalized": [],
            "type": []
        },
        {
            "speaker": "医生",
            "sentence": "宝贝吃饭注意饮食，生冷辛辣刺激食物不能吃油腻食物不能吃，清淡饮食为主奥，特别油腻食物容易生痰的奥，多喝点温水，注意休息，别活动太厉害了奥，多给宝贝拍背，这个时候吃饭会有影响可能，能吃多少吃多少别强喂奥！",
            "label": "OOOOOOOOOOOOOOOOOOOOOOOOOOOOOOOOOOOOOOOOOOOOBIOOOOOOOOOOOOOOOOOOOOOOOOOOOOOOOOOOOOOOOOOOOOOOOOOOOOOOO",
            "normalized": [
                "痰"
            ],
            "type": [
                "1"
            ]
        },
        {
            "speaker": "患者",
            "sentence": "能不能有蒜和冰糖放点水蒸给她喝呢",
            "label": "OOOOOOOOOOOOOOOO",
            "normalized": [],
            "type": []
        },
        {
            "speaker": "医生",
            "sentence": "这个都是辅助治疗的奥，可以的",
            "label": "OOOOOOOOOOOOOO",
            "normalized": [],
            "type": []
        },
        {
            "speaker": "患者",
            "sentence": "谢谢啦",
            "label": "OOO",
            "normalized": [],
            "type": []
        },
        {
            "speaker": "医生",
            "sentence": "宝贝这个的痰的目前排上来的话就恢复点了，这个病程总共大概需要7到10天时间，宝贝大点了就容易恢复的奥",
            "label": "OOOOOBOOOOOOOOOOOOOOOOOOOOOOOOOOOOOOOOOOOOOOOOOOOO",
            "normalized": [
                "痰"
            ],
            "type": [
                "1"
            ]
        },
        {
            "speaker": "患者",
            "sentence": "再见",
            "label": "OO",
            "normalized": [],
            "type": []
        },
        {
            "speaker": "医生",
            "sentence": "目前可以用着药观察五天，如果宝贝咳嗽症状，咳痰情况不缓解或者加重及时带宝贝去儿内科就诊，呼吸困难精神状态差也要及时带宝贝去儿内科就诊",
            "label": "OOOOOOOOOOOOOOOOBIOOOBIOOOOOOOOOOOOOOOOOOOOOBIIIBIIIIOOOOOOOOOOOOO",
            "normalized": [
                "咳嗽",
                "咳嗽",
                "呼吸困难",
                "精神软"
            ],
            "type": [
                "1",
                "1",
                "3",
                "3"
            ]
        },
        {
            "speaker": "患者",
            "sentence": "嗯",
            "label": "O",
            "normalized": [],
            "type": []
        },
        {
            "speaker": "患者",
            "sentence": "有黄痰严重吗",
            "label": "OBIOOO",
            "normalized": [
                "痰"
            ],
            "type": [
                "1"
            ]
        },
        {
            "speaker": "医生",
            "sentence": "那个痰就是排出来的粘菌，那个能排出来体内粘菌就会少了的奥！所以利于宝贝恢复的奥！",
            "label": "OOBOOOOOOOOOOOOOOOOOOOOOOOOOOOOOOOOOOOOO",
            "normalized": [
                "痰"
            ],
            "type": [
                "1"
            ]
        },
        {
            "speaker": "患者",
            "sentence": "哦",
            "label": "O",
            "normalized": [],
            "type": []
        },
        {
            "speaker": "医生",
            "sentence": "目前您就可以给宝贝观察一下，再注意以上注意事项奥，如果有问题及时就医的奥",
            "label": "OOOOOOOOOOOOOOOOOOOOOOOOOOOOOOOOOOOO",
            "normalized": [],
            "type": []
        }
    ]
}