{
    "data-split": "train",
    "example-id": "10580298",
    "dialogue-content": [
        {
            "speaker": "医生",
            "sentence": "你好",
            "label": "OO",
            "normalized": [],
            "type": []
        },
        {
            "speaker": "患者",
            "sentence": "你好",
            "label": "OO",
            "normalized": [],
            "type": []
        },
        {
            "speaker": "医生",
            "sentence": "根据你所描述的情况，这个孩子拉肚子的时间比较长了，有没有进行大便常规的检查",
            "label": "OOOOOOOOOOOOOOBIIOOOOOOOOOOOOOOOOOOOO",
            "normalized": [
                "腹泻"
            ],
            "type": [
                "1"
            ]
        },
        {
            "speaker": "患者",
            "sentence": "没有检查",
            "label": "OOOO",
            "normalized": [],
            "type": []
        },
        {
            "speaker": "医生",
            "sentence": "这个孩子是不是稀水样的便？",
            "label": "OOOOOOOBIIOOO",
            "normalized": [
                "水样便"
            ],
            "type": [
                "1"
            ]
        },
        {
            "speaker": "患者",
            "sentence": "对的。有时候还会有泡沫",
            "label": "OOOOOOOOOOO",
            "normalized": [],
            "type": []
        },
        {
            "speaker": "医生",
            "sentence": "那就给孩子的尿量怎么样，精神状态怎么样",
            "label": "OOOOOOOOOOOOOOOOOOO",
            "normalized": [],
            "type": []
        },
        {
            "speaker": "患者",
            "sentence": "尿量行，精神也不错",
            "label": "OOOOOOOOO",
            "normalized": [],
            "type": []
        },
        {
            "speaker": "医生",
            "sentence": "那就应该问题不大的",
            "label": "OOOOOOOOO",
            "normalized": [],
            "type": []
        },
        {
            "speaker": "医生",
            "sentence": "你在家中口服什么药物了",
            "label": "OOOOOOOOOOO",
            "normalized": [],
            "type": []
        },
        {
            "speaker": "患者",
            "sentence": "",
            "label": "",
            "normalized": [],
            "type": []
        },
        {
            "speaker": "医生",
            "sentence": "这些药物口服了多长时间",
            "label": "OOOOOOOOOOO",
            "normalized": [],
            "type": []
        },
        {
            "speaker": "医生",
            "sentence": "根据你所描述的这些情况，这个孩子需要考虑急性腹泻病，口服药物效果不是特别的好，需要寻找原因的。",
            "label": "OOOOOOOOOOOOOOOOOOOOOOBIOOOOOOOOOOOOOOOOOOOOOOO",
            "normalized": [
                "腹泻"
            ],
            "type": [
                "1"
            ]
        },
        {
            "speaker": "患者",
            "sentence": "三天伦",
            "label": "OOO",
            "normalized": [],
            "type": []
        },
        {
            "speaker": "医生",
            "sentence": "这个孩子大便当中的水分比较多，目前精神状态比较好，首先应该到医院进行大便常规的检查，主要是看一下这个孩子大便当中有没有炎症，如果没有炎症，那就应该考虑单纯的消化功能不良所引起的，如果有炎症，需要口服消炎药控制感染",
            "label": "OOOOOOOOOOOOOOOOOOOOOOOOOOOOOOOOOOOOOOOOOOOOOOOOOOOOOOOOOOOOOOOOOOOOOOOOOOOOOOBIIIIIOOOOOOOOOOOOOOOOOOOOOO",
            "normalized": [
                "消化不良"
            ],
            "type": [
                "1"
            ]
        },
        {
            "speaker": "医生",
            "sentence": "另外这个孩子拉肚子的时间比较长了，需要注意有没有乳糖不耐受的可能，应该进行乳糖耐受试验，如果是乳糖不耐受，需要给孩子应用乳糖酶或者是换腹泻奶粉",
            "label": "OOOOOOBIIOOOOOOOOOOOOOOOOOOOOOOOOOOOOOOOOOOOOOOOOOOOOOOOOOOOOOOOOOOOOOO",
            "normalized": [
                "腹泻"
            ],
            "type": [
                "1"
            ]
        },
        {
            "speaker": "医生",
            "sentence": "同时需要在喂养方面给予适当的调整",
            "label": "OOOOOOOOOOOOOOOO",
            "normalized": [],
            "type": []
        },
        {
            "speaker": "患者",
            "sentence": "好的，谢谢医生了",
            "label": "OOOOOOOO",
            "normalized": [],
            "type": []
        },
        {
            "speaker": "医生",
            "sentence": "不客气",
            "label": "OOO",
            "normalized": [],
            "type": []
        },
        {
            "speaker": "医生",
            "sentence": "减少每次喂奶的奶量，增加喂奶次数，按摩腹部，改善胃肠功能",
            "label": "OOOOOOOOOOOOOOOOOOOOOOOOOOOO",
            "normalized": [],
            "type": []
        },
        {
            "speaker": "医生",
            "sentence": "同时需要调整妈妈的饮食采用少量多次的喂养方式",
            "label": "OOOOOOOOOOOOOOOOOOOOOO",
            "normalized": [],
            "type": []
        },
        {
            "speaker": "患者",
            "sentence": "好的非常感谢！",
            "label": "OOOOOOO",
            "normalized": [],
            "type": []
        },
        {
            "speaker": "医生",
            "sentence": "不客气",
            "label": "OOO",
            "normalized": [],
            "type": []
        }
    ]
}