{
    "data-split": "train",
    "example-id": "10732489",
    "dialogue-content": [
        {
            "speaker": "医生",
            "sentence": "您好，我是张医生，很荣幸为您解释疑惑！",
            "label": "OOOOOOOOOOOOOOOOOOO",
            "normalized": [],
            "type": []
        },
        {
            "speaker": "患者",
            "sentence": "八个月小孩之前得了肠炎，现在吃益生菌可以调理肠胃吗？",
            "label": "OOOOOOOOOBIOOOOOOOOOOOOOOO",
            "normalized": [
                "肠炎"
            ],
            "type": [
                "1"
            ]
        },
        {
            "speaker": "医生",
            "sentence": "孩子现在主要是哪里不舒服呢？",
            "label": "OOOOOOOOOOOOOO",
            "normalized": [],
            "type": []
        },
        {
            "speaker": "医生",
            "sentence": "食欲差？",
            "label": "OOOO",
            "normalized": [],
            "type": []
        },
        {
            "speaker": "医生",
            "sentence": "吃的少？",
            "label": "OOOO",
            "normalized": [],
            "type": []
        },
        {
            "speaker": "患者",
            "sentence": "消化不好",
            "label": "BIII",
            "normalized": [
                "消化不良"
            ],
            "type": [
                "1"
            ]
        },
        {
            "speaker": "医生",
            "sentence": "大便次数多？",
            "label": "OOOOOO",
            "normalized": [],
            "type": []
        },
        {
            "speaker": "医生",
            "sentence": "大便稀？",
            "label": "BIIO",
            "normalized": [
                "稀便"
            ],
            "type": [
                "1"
            ]
        },
        {
            "speaker": "患者",
            "sentence": "是的",
            "label": "OO",
            "normalized": [],
            "type": []
        },
        {
            "speaker": "医生",
            "sentence": "之前肠炎持续多长时间才好？",
            "label": "OOBIOOOOOOOOO",
            "normalized": [
                "肠炎"
            ],
            "type": [
                "1"
            ]
        },
        {
            "speaker": "患者",
            "sentence": "大便颜色都是黑色和白色的",
            "label": "OOOOOOOOOOOO",
            "normalized": [],
            "type": []
        },
        {
            "speaker": "医生",
            "sentence": "吃奶受影响吗？",
            "label": "OOOOOOO",
            "normalized": [],
            "type": []
        },
        {
            "speaker": "医生",
            "sentence": "同肠炎之后就这样啦是吗，之前大便都很好，",
            "label": "OBIOOOOOOOOOOOOOOOOO",
            "normalized": [
                "肠炎"
            ],
            "type": [
                "1"
            ]
        },
        {
            "speaker": "患者",
            "sentence": "肠炎一个多月才好",
            "label": "BIOOOOOO",
            "normalized": [
                "肠炎"
            ],
            "type": [
                "1"
            ]
        },
        {
            "speaker": "患者",
            "sentence": "吃的奶粉",
            "label": "OOOO",
            "normalized": [],
            "type": []
        },
        {
            "speaker": "医生",
            "sentence": "这个当时可能会受点影响，现在孩子可能有点消化不良，",
            "label": "OOOOOOOOOOOOOOOOOOOOBIIIO",
            "normalized": [
                "消化不良"
            ],
            "type": [
                "3"
            ]
        },
        {
            "speaker": "医生",
            "sentence": "宝宝目前主要是大便次数多，大便稀",
            "label": "OOOOOOOOOOOOOBII",
            "normalized": [
                "稀便"
            ],
            "type": [
                "1"
            ]
        },
        {
            "speaker": "医生",
            "sentence": "是不是大便里面奶瓣也多？",
            "label": "OOOOOOOBIOOO",
            "normalized": [
                "稀便"
            ],
            "type": [
                "1"
            ]
        },
        {
            "speaker": "患者",
            "sentence": "他消化不良的话吃那个益生菌的话有效果吗？",
            "label": "OBIIIOOOOOOOOOOOOOOO",
            "normalized": [
                "消化不良"
            ],
            "type": [
                "3"
            ]
        },
        {
            "speaker": "医生",
            "sentence": "有去你们当地公立医院儿科门诊看过吗？",
            "label": "OOOOOOOOOOOOOOOOOO",
            "normalized": [],
            "type": []
        },
        {
            "speaker": "患者",
            "sentence": "去医院的话医生她就说开那个益生菌呢，",
            "label": "OOOOOOOOOOOOOOOOOO",
            "normalized": [],
            "type": []
        },
        {
            "speaker": "医生",
            "sentence": "益生菌是你们当地公立医院儿科门诊医生给你开的？",
            "label": "OOOOOOOOOOOOOOOOOOOOOOO",
            "normalized": [],
            "type": []
        },
        {
            "speaker": "患者",
            "sentence": "奶瓣有时候会有",
            "label": "BIOOOOO",
            "normalized": [
                "稀便"
            ],
            "type": [
                "1"
            ]
        },
        {
            "speaker": "医生",
            "sentence": "孩子的消化不良的话是可以吃这个益生菌调理的，这个我主要是问一下有没有去看一下就是说这个如果说是线下，嗯，医生一看过的就属于已确定的，",
            "label": "OOOBIIIOOOOOOOOOOOOOOOOOOOOOOOOOOOOOOOOOOOOOOOOOOOOOOOOOOOOOOOOOOO",
            "normalized": [
                "消化不良"
            ],
            "type": [
                "3"
            ]
        },
        {
            "speaker": "患者",
            "sentence": "去看了之后那个医生他建议就说吃那个益生菌调理一下，",
            "label": "OOOOOOOOOOOOOOOOOOOOOOOOO",
            "normalized": [],
            "type": []
        },
        {
            "speaker": "医生",
            "sentence": "去你们当地公立医院儿科门诊看过，明确是消化不良",
            "label": "OOOOOOOOOOOOOOOOOOOBIII",
            "normalized": [
                "消化不良"
            ],
            "type": [
                "1"
            ]
        },
        {
            "speaker": "医生",
            "sentence": "现在对所患疾病的诊断和治疗的相关知识做个说明",
            "label": "OOOOOOOOOOOOOOOOOOOOOO",
            "normalized": [],
            "type": []
        },
        {
            "speaker": "患者",
            "sentence": "是的",
            "label": "OO",
            "normalized": [],
            "type": []
        },
        {
            "speaker": "医生",
            "sentence": "大不了的话就小孩子比较常见，因为他胃肠功能比较弱，受凉之后呀或者是像肠炎之后啊就容易出现了现在这样的情况，",
            "label": "OOOOOOOOOOOOOOOOOOOOOOOOOOOOOOOOOOBIOOOOOOOOOOOOOOOOO",
            "normalized": [
                "肠炎"
            ],
            "type": [
                "1"
            ]
        },
        {
            "speaker": "医生",
            "sentence": "好的话一般就是吃一点，调节肠胃的益生菌可以的你们那个门诊医生给你开的这个医生均可以，你孩子吃一段时间调理一下，",
            "label": "OOOOOOOOOOOOOOOOOOOOOOOOOOOOOOOOOOOOOOOOOOOOOOOOOOOOOOO",
            "normalized": [],
            "type": []
        },
        {
            "speaker": "患者",
            "sentence": "好的，谢谢",
            "label": "OOOOO",
            "normalized": [],
            "type": []
        },
        {
            "speaker": "医生",
            "sentence": "遵你们当地公立医院儿科门诊医生医嘱",
            "label": "OOOOOOOOOOOOOOOOO",
            "normalized": [],
            "type": []
        },
        {
            "speaker": "医生",
            "sentence": "在家口服益生菌调理一下肠胃",
            "label": "OOOOOOOOOOOOO",
            "normalized": [],
            "type": []
        },
        {
            "speaker": "患者",
            "sentence": "嗯，好的",
            "label": "OOOO",
            "normalized": [],
            "type": []
        }
    ]
}