{
    "data-split": "train",
    "example-id": "10742613",
    "dialogue-content": [
        {
            "speaker": "医生",
            "sentence": "您好，宝宝现在体温正常了吗？",
            "label": "OOOOOOOOOOOOOO",
            "normalized": [],
            "type": []
        },
        {
            "speaker": "医生",
            "sentence": "宝宝嗓子哑吗？有没有气喘？什么时候咳嗽频繁？",
            "label": "OOBIIOOOOOBIOOOOOBIOOO",
            "normalized": [
                "沙哑",
                "喘息",
                "咳嗽"
            ],
            "type": [
                "3",
                "1",
                "1"
            ]
        },
        {
            "speaker": "患者",
            "sentence": "现在正常了",
            "label": "OOOOO",
            "normalized": [],
            "type": []
        },
        {
            "speaker": "医生",
            "sentence": "好的",
            "label": "OO",
            "normalized": [],
            "type": []
        },
        {
            "speaker": "患者",
            "sentence": "有气揣",
            "label": "OBI",
            "normalized": [
                "喘息"
            ],
            "type": [
                "1"
            ]
        },
        {
            "speaker": "医生",
            "sentence": "睡眠怎么样？",
            "label": "OOOOOO",
            "normalized": [],
            "type": []
        },
        {
            "speaker": "患者",
            "sentence": "睡不好",
            "label": "OOO",
            "normalized": [],
            "type": []
        },
        {
            "speaker": "医生",
            "sentence": "夜间咳嗽吗？有没有呼吸困难？",
            "label": "OOBIOOOOOBIIIO",
            "normalized": [
                "咳嗽",
                "呼吸困难"
            ],
            "type": [
                "1",
                "3"
            ]
        },
        {
            "speaker": "患者",
            "sentence": "输了液之后晚上到是不太咳嗽了",
            "label": "OOOOOOOOOOOBIO",
            "normalized": [
                "咳嗽"
            ],
            "type": [
                "1"
            ]
        },
        {
            "speaker": "医生",
            "sentence": "宝宝精神怎么样？身上有没有皮疹？",
            "label": "OOOOOOOOOOOOOBIO",
            "normalized": [
                "皮疹"
            ],
            "type": [
                "2"
            ]
        },
        {
            "speaker": "患者",
            "sentence": "精神不太好，身上没有皮疹",
            "label": "BIIIIOOOOOBI",
            "normalized": [
                "精神软",
                "皮疹"
            ],
            "type": [
                "1",
                "2"
            ]
        },
        {
            "speaker": "医生",
            "sentence": "宝宝最近有没有呛到？起过湿疹吗？",
            "label": "OOOOOOOOOOOOBIOO",
            "normalized": [
                "湿疹"
            ],
            "type": [
                "2"
            ]
        },
        {
            "speaker": "患者",
            "sentence": "没有",
            "label": "OO",
            "normalized": [],
            "type": []
        },
        {
            "speaker": "医生",
            "sentence": "医生给宝贝诊断的什么疾病？",
            "label": "OOOOOOOOOOOOO",
            "normalized": [],
            "type": []
        },
        {
            "speaker": "患者",
            "sentence": "支气管炎",
            "label": "BIII",
            "normalized": [
                "支气管炎"
            ],
            "type": [
                "1"
            ]
        },
        {
            "speaker": "医生",
            "sentence": "是毛细支气管炎，还是支气管炎？",
            "label": "OBIIIIIOOOBIIIO",
            "normalized": [
                "支气管炎",
                "支气管炎"
            ],
            "type": [
                "1",
                "1"
            ]
        },
        {
            "speaker": "医生",
            "sentence": "现在是住院治疗吗？",
            "label": "OOOOOOOOO",
            "normalized": [],
            "type": []
        },
        {
            "speaker": "患者",
            "sentence": "看了两个医生一个说是毛细支气管炎，一个说是支气管炎到支气管肺炎之间",
            "label": "OOOOOOOOOOBIIIIIOOOOOBIIIOBIIIIOO",
            "normalized": [
                "支气管炎",
                "支气管炎",
                "支气管炎"
            ],
            "type": [
                "1",
                "1",
                "1"
            ]
        },
        {
            "speaker": "患者",
            "sentence": "没有住院",
            "label": "OOOO",
            "normalized": [],
            "type": []
        },
        {
            "speaker": "医生",
            "sentence": "嗯嗯，现在还输液吗？",
            "label": "OOOOOOOOOO",
            "normalized": [],
            "type": []
        },
        {
            "speaker": "患者",
            "sentence": "明天还要输一次",
            "label": "OOOOOOO",
            "normalized": [],
            "type": []
        },
        {
            "speaker": "患者",
            "sentence": "但我觉得没效果，要怎么办",
            "label": "OOOOOOOOOOOO",
            "normalized": [],
            "type": []
        },
        {
            "speaker": "医生",
            "sentence": "宝宝咳嗽比之前是减轻了吧？",
            "label": "OOBIOOOOOOOOO",
            "normalized": [
                "咳嗽"
            ],
            "type": [
                "1"
            ]
        },
        {
            "speaker": "患者",
            "sentence": "恩",
            "label": "O",
            "normalized": [],
            "type": []
        },
        {
            "speaker": "患者",
            "sentence": "减轻了",
            "label": "OOO",
            "normalized": [],
            "type": []
        },
        {
            "speaker": "患者",
            "sentence": "但痰还是严重",
            "label": "OBOOOO",
            "normalized": [
                "痰"
            ],
            "type": [
                "1"
            ]
        },
        {
            "speaker": "医生",
            "sentence": "嗯呢，一般输液三天看效果",
            "label": "OOOOOOOOOOOO",
            "normalized": [],
            "type": []
        },
        {
            "speaker": "医生",
            "sentence": "宝宝支气管炎是一星期左右疗程，治疗是控制感染，解痉平喘止咳化痰治疗。",
            "label": "OOBIIIOOOOOOOOOOOOOOOOOOOOOOOOOOOO",
            "normalized": [
                "支气管炎"
            ],
            "type": [
                "1"
            ]
        },
        {
            "speaker": "患者",
            "sentence": "他这个是不是细菌感染了呢",
            "label": "OOOOOOBIIIOO",
            "normalized": [
                "细菌感染"
            ],
            "type": [
                "3"
            ]
        },
        {
            "speaker": "医生",
            "sentence": "宝宝白细胞增多，中性粒细胞增高提示有细菌感染",
            "label": "OOOOOOOOOOOOOOOOOOBIII",
            "normalized": [
                "细菌感染"
            ],
            "type": [
                "3"
            ]
        },
        {
            "speaker": "患者",
            "sentence": "那他这个大概要多久才能好",
            "label": "OOOOOOOOOOOO",
            "normalized": [],
            "type": []
        },
        {
            "speaker": "医生",
            "sentence": "现在宝宝用的都是什么药呢？",
            "label": "OOOOOOOOOOOOO",
            "normalized": [],
            "type": []
        },
        {
            "speaker": "患者",
            "sentence": "盐酸氨溴索",
            "label": "OOOOO",
            "normalized": [],
            "type": []
        },
        {
            "speaker": "医生",
            "sentence": "这个是化痰药",
            "label": "OOOOOO",
            "normalized": [],
            "type": []
        },
        {
            "speaker": "医生",
            "sentence": "还有吗？",
            "label": "OOOO",
            "normalized": [],
            "type": []
        },
        {
            "speaker": "患者",
            "sentence": "还有桔贝合剂",
            "label": "OOOOOO",
            "normalized": [],
            "type": []
        },
        {
            "speaker": "医生",
            "sentence": "这个是中成药止咳化痰",
            "label": "OOOOOOOOOO",
            "normalized": [],
            "type": []
        },
        {
            "speaker": "患者",
            "sentence": "氨茶碱片",
            "label": "OOOO",
            "normalized": [],
            "type": []
        },
        {
            "speaker": "医生",
            "sentence": "这个是平喘药物",
            "label": "OOOOOOO",
            "normalized": [],
            "type": []
        },
        {
            "speaker": "患者",
            "sentence": "那还需要用什么药呢",
            "label": "OOOOOOOOO",
            "normalized": [],
            "type": []
        },
        {
            "speaker": "医生",
            "sentence": "输液是什么?_?",
            "label": "OOOOOOOO",
            "normalized": [],
            "type": []
        },
        {
            "speaker": "患者",
            "sentence": "",
            "label": "",
            "normalized": [],
            "type": []
        },
        {
            "speaker": "医生",
            "sentence": "克林霉素就是控制感染的哦，喜炎平是止咳化痰的",
            "label": "OOOOOOOOOOOOOOOOOOOOOO",
            "normalized": [],
            "type": []
        },
        {
            "speaker": "患者",
            "sentence": "谢谢了",
            "label": "OOO",
            "normalized": [],
            "type": []
        },
        {
            "speaker": "医生",
            "sentence": "积极配合医生治疗，跟医生多沟通孩子病情。",
            "label": "OOOOOOOOOOOOOOOOOOOO",
            "normalized": [],
            "type": []
        },
        {
            "speaker": "医生",
            "sentence": "注意清淡饮食，给宝贝多喝水，避免呛咳",
            "label": "OOOOOOOOOOOOOOOOOO",
            "normalized": [],
            "type": []
        }
    ]
}