{
    "data-split": "train",
    "example-id": "10332602",
    "dialogue-content": [
        {
            "speaker": "医生",
            "sentence": "你好",
            "label": "OO",
            "normalized": [],
            "type": []
        },
        {
            "speaker": "患者",
            "sentence": "你好",
            "label": "OO",
            "normalized": [],
            "type": []
        },
        {
            "speaker": "医生",
            "sentence": "这个孩子有受凉的情况吗？家里的大人有没有呼吸道感染的情况",
            "label": "OOOOOOOOOOOOOOOOOOOOOOOOOOOO",
            "normalized": [],
            "type": []
        },
        {
            "speaker": "患者",
            "sentence": "家里温度22度，开了小太阳。洗了两次澡。不知道有没有着凉。家里有两个大人感冒。不知道是传染的还是着凉了",
            "label": "OOOOOOOOOOOOOOOOOOOOOOOOOOOOOOOOOOOOOOOOOOOOOOOOOOO",
            "normalized": [],
            "type": []
        },
        {
            "speaker": "医生",
            "sentence": "如果家里有大人感冒的情况，那应该高度怀疑被大人传染了",
            "label": "OOOOOOOOOOOOOOOOOOOOOOOOOO",
            "normalized": [],
            "type": []
        },
        {
            "speaker": "医生",
            "sentence": "根据你所描述的情况，这个孩子应该考虑呼吸道感染，考虑到孩子的年龄比较小，体质比较差，很容易出现并发症，应该给予积极的治疗，而不是一味的等待",
            "label": "OOOOOOOOOOOOOOOOOOBIIIIOOOOOOOOOOOOOOOOOOOOOOOOOOOOOOOOOOOOOOOOOOOOOO",
            "normalized": [
                "呼吸道感染"
            ],
            "type": [
                "3"
            ]
        },
        {
            "speaker": "医生",
            "sentence": "这孩子出现上述症状有多长时间了？目前精神状态怎么样？吃奶怎么样",
            "label": "OOOOOOOOOOOOOOOOOOOOOOOOOOOOOOO",
            "normalized": [],
            "type": []
        },
        {
            "speaker": "患者",
            "sentence": "一睡觉就咳醒了",
            "label": "OOOOOOO",
            "normalized": [],
            "type": []
        },
        {
            "speaker": "医生",
            "sentence": "那这个孩子咳嗽症状还是比较重啊",
            "label": "OOOOOBIOOOOOOOO",
            "normalized": [
                "咳嗽"
            ],
            "type": [
                "1"
            ]
        },
        {
            "speaker": "患者",
            "sentence": "吃奶好像没之前多，一咳的严重了就想含着奶。就喝几口又睡着了",
            "label": "OOOOOOOOOBIOOOOOOOOOOOOOOOOOO",
            "normalized": [
                "咳嗽"
            ],
            "type": [
                "1"
            ]
        },
        {
            "speaker": "患者",
            "sentence": "然后又咳醒了、这样",
            "label": "OOOOOOOOO",
            "normalized": [],
            "type": []
        },
        {
            "speaker": "医生",
            "sentence": "那这个孩子咳嗽症状还是比较重啊",
            "label": "OOOOOBIOOOOOOOO",
            "normalized": [
                "咳嗽"
            ],
            "type": [
                "1"
            ]
        },
        {
            "speaker": "医生",
            "sentence": "不想上述症状有多长时间了",
            "label": "OOOOOOOOOOOO",
            "normalized": [],
            "type": []
        },
        {
            "speaker": "医生",
            "sentence": "出现上述症状有多长时间了",
            "label": "OOOOOOOOOOOO",
            "normalized": [],
            "type": []
        },
        {
            "speaker": "患者",
            "sentence": "去医院开了两幅药，安儿宁颗粒。和琥亿红霉素，喝了两天了没什么效果一样",
            "label": "OOOOOOOOOOOOOOOOOOOOOOOOOOOOOOOOOO",
            "normalized": [],
            "type": []
        },
        {
            "speaker": "患者",
            "sentence": "之前有几声咳嗽。现在比较严重的有三天了",
            "label": "OOOOOBIOOOOOOOOOOOO",
            "normalized": [
                "咳嗽"
            ],
            "type": [
                "1"
            ]
        },
        {
            "speaker": "患者",
            "sentence": "前一个多星期就有几声咳",
            "label": "OOOOOOOOOOB",
            "normalized": [
                "咳嗽"
            ],
            "type": [
                "1"
            ]
        },
        {
            "speaker": "医生",
            "sentence": "呼吸道感染一般有3到4天的高峰期，度过高峰期以后症状会逐渐缓解",
            "label": "BIIIIOOOOOOOOOOOOOOOOOOOOOOOOOO",
            "normalized": [
                "呼吸道感染"
            ],
            "type": [
                "3"
            ]
        },
        {
            "speaker": "医生",
            "sentence": "那应该是咳嗽症状加重了呀，有没有进行血常规和胸片的检查",
            "label": "OOOOBIOOOOOOOOOOOOOOOOOOOOO",
            "normalized": [
                "咳嗽"
            ],
            "type": [
                "1"
            ]
        },
        {
            "speaker": "医生",
            "sentence": "那证明这个孩子高度的时间还是比较长的",
            "label": "OOOOOOOOOOOOOOOOOO",
            "normalized": [],
            "type": []
        },
        {
            "speaker": "患者",
            "sentence": "星期三去做了，医生说没事。开的这两幅药",
            "label": "OOOOOOOOOOOOOOOOOOO",
            "normalized": [],
            "type": []
        },
        {
            "speaker": "患者",
            "sentence": "说肺部没事",
            "label": "OOOOO",
            "normalized": [],
            "type": []
        },
        {
            "speaker": "医生",
            "sentence": "如果这个孩子肺部没有问题，可以继续口服上述两种药物，另外可以给孩子雾化吸入缓解症状",
            "label": "OOOOOOOOOOOOOOOOOOOOOOOOOOOOOOOOOOOOOOOOO",
            "normalized": [],
            "type": []
        },
        {
            "speaker": "患者",
            "sentence": "这两种药吃了三天了没啥效果",
            "label": "OOOOOOOOOOOOO",
            "normalized": [],
            "type": []
        },
        {
            "speaker": "患者",
            "sentence": "感觉还严重了",
            "label": "OOOOOO",
            "normalized": [],
            "type": []
        },
        {
            "speaker": "医生",
            "sentence": "至少需要口服3到4天",
            "label": "OOOOOOOOOO",
            "normalized": [],
            "type": []
        },
        {
            "speaker": "医生",
            "sentence": "我认为你可以再观察一天到两天",
            "label": "OOOOOOOOOOOOOO",
            "normalized": [],
            "type": []
        },
        {
            "speaker": "医生",
            "sentence": "如果咳嗽症状没有缓解，或者说持续性的加重，需要考虑住院输液治疗",
            "label": "OOBIOOOOOOOOOOOOOOOOOOOOOOOOOOO",
            "normalized": [
                "咳嗽"
            ],
            "type": [
                "1"
            ]
        },
        {
            "speaker": "医生",
            "sentence": "即便个孩子不是肺炎，就是单纯的支气管炎，由于孩子咳嗽的时间比较长了，年龄太小了，也应该输液治疗的",
            "label": "OOOOOOOOBIOOOOOOBIIIOOOOOBIOOOOOOOOOOOOOOOOOOOOO",
            "normalized": [
                "肺炎",
                "支气管炎",
                "咳嗽"
            ],
            "type": [
                "3",
                "3",
                "1"
            ]
        },
        {
            "speaker": "患者",
            "sentence": "才一个半月婴儿能输液吗，",
            "label": "OOOOOOOOOOOO",
            "normalized": [],
            "type": []
        },
        {
            "speaker": "医生",
            "sentence": "就是因为孩子年龄小，才应该输液治疗的",
            "label": "OOOOOOOOOOOOOOOOOO",
            "normalized": [],
            "type": []
        },
        {
            "speaker": "患者",
            "sentence": "你建议是在观察两天，去输液吗",
            "label": "OOOOOOOOOOOOOO",
            "normalized": [],
            "type": []
        },
        {
            "speaker": "医生",
            "sentence": "我认为这个孩子年龄太小了，口服药物以后效果不是特别的明显，并且咳嗽时间有点长了，应该去输液治疗的",
            "label": "OOOOOOOOOOOOOOOOOOOOOOOOOOOOOOOBIOOOOOOOOOOOOOOO",
            "normalized": [
                "咳嗽"
            ],
            "type": [
                "1"
            ]
        },
        {
            "speaker": "医生",
            "sentence": "更何况现在快过年了，难道不应该积极的治疗吗",
            "label": "OOOOOOOOOOOOOOOOOOOOO",
            "normalized": [],
            "type": []
        },
        {
            "speaker": "患者",
            "sentence": "嗯，我现在纠结的是，我现在回老家了。老家他们建议去乡村医生那看，我有些担心技术水平",
            "label": "OOOOOOOOOOOOOOOOOOOOOOOOOOOOOOOOOOOOOOOOO",
            "normalized": [],
            "type": []
        },
        {
            "speaker": "医生",
            "sentence": "乡村医生肯定是不可以的，你最起码需要到二甲以上的医院",
            "label": "OOOOOOOOOOOOOOOOOOOOOOOOOO",
            "normalized": [],
            "type": []
        },
        {
            "speaker": "医生",
            "sentence": "到专门的有儿科的一面",
            "label": "OOOOOOOOOO",
            "normalized": [],
            "type": []
        },
        {
            "speaker": "医生",
            "sentence": "到专门有儿科的医院",
            "label": "OOOOOOOOO",
            "normalized": [],
            "type": []
        },
        {
            "speaker": "患者",
            "sentence": "哎",
            "label": "O",
            "normalized": [],
            "type": []
        },
        {
            "speaker": "医生",
            "sentence": "如果口服药物以后孩子的症状明显的缓解了，那就不应该考虑肺炎，可以继续口服药物进行治疗，但是这个孩子口服药物以后症状并没有缓解，并且出现了持续性的加重，虽然说那个时候没有肺炎的情况，但是不代表现在也没有肺炎，即便是这个孩子没有肺炎，就是单纯的支气管炎，咳嗽时间这么长，口服药物效果不好，也应该输液治疗的",
            "label": "OOOOOOOOOOOOOOOOOOOOOOOOOOOBIOOOOOOOOOOOOOOOOOOOOOOOOOOOOOOOOOOOOOOOOOOOOOOOOOOOOOOOBIOOOOOOOOOOOOOOBIOOOOOOOOOOBIOOOOOOBIIIOBIOOOOOOOOOOOOOOOOOOOOOOO",
            "normalized": [
                "肺炎",
                "肺炎",
                "肺炎",
                "肺炎",
                "支气管炎",
                "咳嗽"
            ],
            "type": [
                "3",
                "3",
                "3",
                "3",
                "3",
                "1"
            ]
        }
    ]
}