{
    "data-split": "train",
    "example-id": "10356192",
    "dialogue-content": [
        {
            "speaker": "医生",
            "sentence": "你好，腹部B超有做吗？",
            "label": "OOOOOOOOOOO",
            "normalized": [],
            "type": []
        },
        {
            "speaker": "患者",
            "sentence": "没做",
            "label": "OO",
            "normalized": [],
            "type": []
        },
        {
            "speaker": "医生",
            "sentence": "这几天有感冒吗？咳嗽，流鼻涕？",
            "label": "OOOOBIOOBIOBIIO",
            "normalized": [
                "普通感冒",
                "咳嗽",
                "鼻流涕"
            ],
            "type": [
                "1",
                "2",
                "3"
            ]
        },
        {
            "speaker": "医生",
            "sentence": "大便怎么样？",
            "label": "OOOOOO",
            "normalized": [],
            "type": []
        },
        {
            "speaker": "患者",
            "sentence": "有，咳嗽刚好",
            "label": "OOBIOO",
            "normalized": [
                "咳嗽"
            ],
            "type": [
                "2"
            ]
        },
        {
            "speaker": "医生",
            "sentence": "大便怎么样？干不干？每天都解吗？",
            "label": "OOOOOOOOOOOOOOOO",
            "normalized": [],
            "type": []
        },
        {
            "speaker": "患者",
            "sentence": "大便像拉肚子一样，但是一天只有一次，是不是都吐了，没得拉",
            "label": "OOOBIIOOOOOOOOOOOOOOOOBOOOOO",
            "normalized": [
                "腹泻",
                "呕吐"
            ],
            "type": [
                "1",
                "1"
            ]
        },
        {
            "speaker": "医生",
            "sentence": "肚子疼一般是脐周吗？",
            "label": "BIIOOOOOOO",
            "normalized": [
                "腹痛"
            ],
            "type": [
                "1"
            ]
        },
        {
            "speaker": "患者",
            "sentence": "应该是",
            "label": "OOO",
            "normalized": [],
            "type": []
        },
        {
            "speaker": "医生",
            "sentence": "可能不消化。",
            "label": "OOOOOO",
            "normalized": [],
            "type": []
        },
        {
            "speaker": "患者",
            "sentence": "那怎样才好",
            "label": "OOOOO",
            "normalized": [],
            "type": []
        },
        {
            "speaker": "医生",
            "sentence": "今天还吐吗？",
            "label": "OOOBOO",
            "normalized": [
                "呕吐"
            ],
            "type": [
                "1"
            ]
        },
        {
            "speaker": "患者",
            "sentence": "刚吐了一次",
            "label": "OOOOO",
            "normalized": [],
            "type": []
        },
        {
            "speaker": "医生",
            "sentence": "今天大便解了吗？",
            "label": "OOOOOOOO",
            "normalized": [],
            "type": []
        },
        {
            "speaker": "医生",
            "sentence": "肚子有咕噜咕噜响吗？",
            "label": "BIIIIIIIOO",
            "normalized": [
                "肠鸣音"
            ],
            "type": [
                "2"
            ]
        },
        {
            "speaker": "患者",
            "sentence": "刚拉了＿点l",
            "label": "OOOOOO",
            "normalized": [],
            "type": []
        },
        {
            "speaker": "患者",
            "sentence": "肚子没有响",
            "label": "BIIII",
            "normalized": [
                "肠鸣音"
            ],
            "type": [
                "2"
            ]
        },
        {
            "speaker": "医生",
            "sentence": "有去看过吗？",
            "label": "OOOOOO",
            "normalized": [],
            "type": []
        },
        {
            "speaker": "医生",
            "sentence": "现在有什么药？",
            "label": "OOOOOOO",
            "normalized": [],
            "type": []
        },
        {
            "speaker": "医生",
            "sentence": "有益生菌，头孢吗？",
            "label": "OOOOOOOOO",
            "normalized": [],
            "type": []
        },
        {
            "speaker": "患者",
            "sentence": "去诊所看过，开了止吐泻散",
            "label": "OOOOOOOOOOOO",
            "normalized": [],
            "type": []
        },
        {
            "speaker": "医生",
            "sentence": "能拍照片看看吗？",
            "label": "OOOOOOOO",
            "normalized": [],
            "type": []
        },
        {
            "speaker": "患者",
            "sentence": "不能吃抗生素之类的药过敏，只能用中成药",
            "label": "OOOOOOOOOOOOOOOOOOO",
            "normalized": [],
            "type": []
        },
        {
            "speaker": "医生",
            "sentence": "那么现在有益生菌吗？",
            "label": "OOOOOOOOOO",
            "normalized": [],
            "type": []
        },
        {
            "speaker": "患者",
            "sentence": "中午吃的东西刚吐出来还是原形",
            "label": "OOOOOOOBIIOOOO",
            "normalized": [
                "呕吐"
            ],
            "type": [
                "1"
            ]
        },
        {
            "speaker": "医生",
            "sentence": "比如妈咪爱或培菲康",
            "label": "OOOOOOOOO",
            "normalized": [],
            "type": []
        },
        {
            "speaker": "医生",
            "sentence": "说明不消化。",
            "label": "OOOOOO",
            "normalized": [],
            "type": []
        },
        {
            "speaker": "患者",
            "sentence": "益生菌和妈咪爱，都没有用。",
            "label": "OOOOOOOOOOOOO",
            "normalized": [],
            "type": []
        },
        {
            "speaker": "医生",
            "sentence": "最好大便通一下，说明胃肠不运动",
            "label": "OOOOOOOOOOOOOOO",
            "normalized": [],
            "type": []
        },
        {
            "speaker": "患者",
            "sentence": "午时茶有用吗",
            "label": "OOOOOO",
            "normalized": [],
            "type": []
        },
        {
            "speaker": "医生",
            "sentence": "可以吃的",
            "label": "OOOO",
            "normalized": [],
            "type": []
        },
        {
            "speaker": "患者",
            "sentence": "肚子疼能贴丁桂儿脐贴吗",
            "label": "BIIOOOOOOOO",
            "normalized": [
                "腹痛"
            ],
            "type": [
                "1"
            ]
        },
        {
            "speaker": "医生",
            "sentence": "可以贴的。",
            "label": "OOOOO",
            "normalized": [],
            "type": []
        },
        {
            "speaker": "患者",
            "sentence": "谢谢",
            "label": "OO",
            "normalized": [],
            "type": []
        },
        {
            "speaker": "医生",
            "sentence": "那么今天晚上就这样，贴丁桂，吃午时茶",
            "label": "OOOOOOOOOOOOOOOOOO",
            "normalized": [],
            "type": []
        },
        {
            "speaker": "医生",
            "sentence": "明天还肚子疼，呕吐，腹泻，就要做一下肚子B超，化验大便",
            "label": "OOOBIIOBIOBIOOOOOOOOOOOOOOO",
            "normalized": [
                "呕吐",
                "呕吐",
                "腹泻"
            ],
            "type": [
                "1",
                "1",
                "1"
            ]
        },
        {
            "speaker": "患者",
            "sentence": "好的",
            "label": "OO",
            "normalized": [],
            "type": []
        },
        {
            "speaker": "医生",
            "sentence": "还有其他问题吗？或者不理解的地方？",
            "label": "OOOOOOOOOOOOOOOOO",
            "normalized": [],
            "type": []
        },
        {
            "speaker": "医生",
            "sentence": "如果后续有问题，可以留言，我看到了，就会马上给您回复。",
            "label": "OOOOOOOOOOOOOOOOOOOOOOOOOOO",
            "normalized": [],
            "type": []
        },
        {
            "speaker": "医生",
            "sentence": "很高兴为您提供咨询服务，祝宝宝快乐健康成长！",
            "label": "OOOOOOOOOOOOOOOOOOOOOO",
            "normalized": [],
            "type": []
        },
        {
            "speaker": "医生",
            "sentence": "你好，现在小孩情况怎么样？",
            "label": "OOOOOOOOOOOOO",
            "normalized": [],
            "type": []
        },
        {
            "speaker": "医生",
            "sentence": "还肚子疼吗？",
            "label": "OBIIOO",
            "normalized": [
                "腹痛"
            ],
            "type": [
                "3"
            ]
        }
    ]
}