{
    "data-split": "train",
    "example-id": "10325191",
    "dialogue-content": [
        {
            "speaker": "医生",
            "sentence": "你好，目前咳的厉害吗，有没有痰",
            "label": "OOOOOBOOOOOOOOB",
            "normalized": [
                "咳嗽",
                "痰"
            ],
            "type": [
                "1",
                "3"
            ]
        },
        {
            "speaker": "患者",
            "sentence": "偶尔咳嗽，不厉害，嗓子呼呼的",
            "label": "OOBIOOOOOBIIIO",
            "normalized": [
                "咳嗽",
                "痰鸣音"
            ],
            "type": [
                "1",
                "3"
            ]
        },
        {
            "speaker": "医生",
            "sentence": "嗓子里咕咕的，还是有呼吸道分泌物",
            "label": "BIIIIOOOOOOOOOOO",
            "normalized": [
                "痰鸣音"
            ],
            "type": [
                "3"
            ]
        },
        {
            "speaker": "医生",
            "sentence": "看过医生吗，让医生听诊过没有",
            "label": "OOOOOOOOOOOOOO",
            "normalized": [],
            "type": []
        },
        {
            "speaker": "患者",
            "sentence": "还有就是打喷嚏，今天打喷嚏鼻子里的鼻涕有血色",
            "label": "OOOOBIIOOOBIIOOOOOOOOO",
            "normalized": [
                "打喷嚏",
                "打喷嚏"
            ],
            "type": [
                "1",
                "1"
            ]
        },
        {
            "speaker": "医生",
            "sentence": "还是感冒症状，那可能鼻黏膜出血了，可以抹点红霉素软膏",
            "label": "OOBIOOOOOOOOOOOOOOOOOOOOOO",
            "normalized": [
                "普通感冒"
            ],
            "type": [
                "1"
            ]
        },
        {
            "speaker": "患者",
            "sentence": "看过，医生说是支气管炎",
            "label": "OOOOOOOBIII",
            "normalized": [
                "支气管炎"
            ],
            "type": [
                "1"
            ]
        },
        {
            "speaker": "患者",
            "sentence": "但那时孩子咳嗽嗓子里没有痰",
            "label": "OOOOOBIOOOBII",
            "normalized": [
                "咳嗽",
                "痰"
            ],
            "type": [
                "1",
                "2"
            ]
        },
        {
            "speaker": "医生",
            "sentence": "是吧，这么小的婴儿，出现咳嗽，还得很注意",
            "label": "OOOOOOOOOOOOBIOOOOOO",
            "normalized": [
                "咳嗽"
            ],
            "type": [
                "1"
            ]
        },
        {
            "speaker": "医生",
            "sentence": "目前医生给开的什么药",
            "label": "OOOOOOOOOO",
            "normalized": [],
            "type": []
        },
        {
            "speaker": "患者",
            "sentence": "肺力咳合剂，红霉素干混悬剂",
            "label": "OOOOOOOOOOOOO",
            "normalized": [],
            "type": []
        },
        {
            "speaker": "患者",
            "sentence": "我发现这个不管用啊！",
            "label": "OOOOOOOOOO",
            "normalized": [],
            "type": []
        },
        {
            "speaker": "医生",
            "sentence": "可以的，这是治疗支气管炎的消炎，止咳药",
            "label": "OOOOOOOOBIIIOOOOOOO",
            "normalized": [
                "支气管炎"
            ],
            "type": [
                "1"
            ]
        },
        {
            "speaker": "医生",
            "sentence": "目前吃了几天了",
            "label": "OOOOOOO",
            "normalized": [],
            "type": []
        },
        {
            "speaker": "患者",
            "sentence": "止咳药我喝母乳喂养，那个喝了两天了",
            "label": "OOOOOOOOOOOOOOOOO",
            "normalized": [],
            "type": []
        },
        {
            "speaker": "患者",
            "sentence": "我现在给孩子喝葵花咳喘灵颗粒，喝了两天",
            "label": "OOOOOOOOOOOOOOOOOOO",
            "normalized": [],
            "type": []
        },
        {
            "speaker": "医生",
            "sentence": "一般可以口服三天看看，两天时间还是短。",
            "label": "OOOOOOOOOOOOOOOOOOO",
            "normalized": [],
            "type": []
        },
        {
            "speaker": "医生",
            "sentence": "如果治疗三天不见效，可以换药",
            "label": "OOOOOOOOOOOOOO",
            "normalized": [],
            "type": []
        },
        {
            "speaker": "患者",
            "sentence": "好的，孩子会是肺热吗？",
            "label": "OOOOOOOOOOO",
            "normalized": [],
            "type": []
        },
        {
            "speaker": "医生",
            "sentence": "肺热是中医的诊断，西医只讲有没有炎症，目前看你的药物，还是对症的",
            "label": "OOOOOOOOOOOOOOOOOOOOOOOOOOOOOOOO",
            "normalized": [],
            "type": []
        },
        {
            "speaker": "患者",
            "sentence": "可就是不见好啊，我怕是肺炎",
            "label": "OOOOOOOOOOOBI",
            "normalized": [
                "肺炎"
            ],
            "type": [
                "3"
            ]
        },
        {
            "speaker": "医生",
            "sentence": "目前药物可以再吃两天",
            "label": "OOOOOOOOOO",
            "normalized": [],
            "type": []
        },
        {
            "speaker": "医生",
            "sentence": "如果不见效，一是可以复诊医生",
            "label": "OOOOOOOOOOOOOO",
            "normalized": [],
            "type": []
        },
        {
            "speaker": "医生",
            "sentence": "二是考虑换别的药",
            "label": "OOOOOOOO",
            "normalized": [],
            "type": []
        },
        {
            "speaker": "患者",
            "sentence": "好的，谢谢！",
            "label": "OOOOOO",
            "normalized": [],
            "type": []
        },
        {
            "speaker": "患者",
            "sentence": "谢谢您为我解答！",
            "label": "OOOOOOOO",
            "normalized": [],
            "type": []
        },
        {
            "speaker": "医生",
            "sentence": "你好，目前咳嗽厉害吗，痰多吗",
            "label": "OOOOOBIOOOOBOO",
            "normalized": [
                "咳嗽",
                "痰"
            ],
            "type": [
                "1",
                "1"
            ]
        },
        {
            "speaker": "患者",
            "sentence": "痰多不多我不知道，就是嗓子呼呼的",
            "label": "BOOOOOOOOOOBIIIO",
            "normalized": [
                "痰",
                "痰鸣音"
            ],
            "type": [
                "1",
                "3"
            ]
        },
        {
            "speaker": "医生",
            "sentence": "那还是考虑痰不少啊",
            "label": "OOOOOBOOO",
            "normalized": [
                "痰"
            ],
            "type": [
                "1"
            ]
        },
        {
            "speaker": "医生",
            "sentence": "让医生听诊过吗，气管和肺里有没有问题",
            "label": "OOOOOOOOOOOOOOOOOO",
            "normalized": [],
            "type": []
        },
        {
            "speaker": "患者",
            "sentence": "没有",
            "label": "OO",
            "normalized": [],
            "type": []
        },
        {
            "speaker": "患者",
            "sentence": "11号去医院检查医生说是支气管炎，当时就是咳嗽嗓子没有痰，12号下午睡醒就发现嗓子有痰，到现在也没有好",
            "label": "OOOOOOOOOOOOBIIIOOOOOBIOOBIIOOOOOOOOOOOOOBIOOOOOOOO",
            "normalized": [
                "支气管炎",
                "咳嗽",
                "痰",
                "痰"
            ],
            "type": [
                "1",
                "1",
                "2",
                "1"
            ]
        },
        {
            "speaker": "医生",
            "sentence": "支气管炎的话，可以先吃点药，做雾化治疗",
            "label": "BIIIOOOOOOOOOOOOOOO",
            "normalized": [
                "支气管炎"
            ],
            "type": [
                "1"
            ]
        },
        {
            "speaker": "患者",
            "sentence": "支气管炎医生检查时，宝宝嗓子没有痰",
            "label": "BIIIOOOOOOOOBIIII",
            "normalized": [
                "支气管炎",
                "痰"
            ],
            "type": [
                "1",
                "2"
            ]
        },
        {
            "speaker": "医生",
            "sentence": "目前服用什么药物治疗",
            "label": "OOOOOOOOOO",
            "normalized": [],
            "type": []
        },
        {
            "speaker": "患者",
            "sentence": "红霉素干混悬剂。小儿止咳化痰颗粒，但是喝止咳药宝宝会吐奶",
            "label": "OOOOOOOOOOOOOOOOOOOOOOOOOOBI",
            "normalized": [
                "呕吐"
            ],
            "type": [
                "1"
            ]
        },
        {
            "speaker": "医生",
            "sentence": "那嗓子有痰后，又复诊医生，听诊过吗",
            "label": "OOOBIOOOOOOOOOOOO",
            "normalized": [
                "痰"
            ],
            "type": [
                "1"
            ]
        },
        {
            "speaker": "患者",
            "sentence": "没有",
            "label": "OO",
            "normalized": [],
            "type": []
        },
        {
            "speaker": "医生",
            "sentence": "目前的情况，可以加点祛痰药吃，多拍背，同时雾化祛痰药",
            "label": "OOOOOOOOOOOOOOOOOOOOOOOOOO",
            "normalized": [],
            "type": []
        },
        {
            "speaker": "患者",
            "sentence": "我现在担心怕是肺炎",
            "label": "OOOOOOOBI",
            "normalized": [
                "肺炎"
            ],
            "type": [
                "3"
            ]
        },
        {
            "speaker": "医生",
            "sentence": "可以拍片看看有没有肺炎，如果有肺炎，就需要输液了",
            "label": "OOOOOOOOOBIOOOOBIOOOOOOO",
            "normalized": [
                "肺炎",
                "肺炎"
            ],
            "type": [
                "3",
                "3"
            ]
        },
        {
            "speaker": "患者",
            "sentence": "孩子拍背偶尔也会吐奶",
            "label": "OOOOOOOOBI",
            "normalized": [
                "呕吐"
            ],
            "type": [
                "1"
            ]
        },
        {
            "speaker": "医生",
            "sentence": "加点益生菌，辅助消化，可以减少吐奶",
            "label": "OOOOOOOOOOOOOOOBI",
            "normalized": [
                "呕吐"
            ],
            "type": [
                "1"
            ]
        },
        {
            "speaker": "患者",
            "sentence": "那意思是只能去医院啦",
            "label": "OOOOOOOOOO",
            "normalized": [],
            "type": []
        },
        {
            "speaker": "医生",
            "sentence": "嗯，复诊让医生听诊下，比较放心，别真成肺炎了",
            "label": "OOOOOOOOOOOOOOOOOOOBIO",
            "normalized": [
                "肺炎"
            ],
            "type": [
                "3"
            ]
        },
        {
            "speaker": "患者",
            "sentence": "好的",
            "label": "OO",
            "normalized": [],
            "type": []
        },
        {
            "speaker": "医生",
            "sentence": "好的，还有别的可以帮你的吗",
            "label": "OOOOOOOOOOOOO",
            "normalized": [],
            "type": []
        },
        {
            "speaker": "患者",
            "sentence": "去医院看看放心",
            "label": "OOOOOOO",
            "normalized": [],
            "type": []
        },
        {
            "speaker": "医生",
            "sentence": "是的，太小了，看看保险",
            "label": "OOOOOOOOOOO",
            "normalized": [],
            "type": []
        },
        {
            "speaker": "患者",
            "sentence": "小儿止咳化痰颗粒我喝可以吗？母乳",
            "label": "OOOOOOOOOOOOOOOO",
            "normalized": [],
            "type": []
        },
        {
            "speaker": "医生",
            "sentence": "你喝了也有点用，作用不大，主要是小孩吃管用",
            "label": "OOOOOOOOOOOOOOOOOOOOO",
            "normalized": [],
            "type": []
        },
        {
            "speaker": "患者",
            "sentence": "好的，谢谢！",
            "label": "OOOOOO",
            "normalized": [],
            "type": []
        }
    ]
}