{
    "data-split": "train",
    "example-id": "10819429",
    "dialogue-content": [
        {
            "speaker": "医生",
            "sentence": "你好",
            "label": "OO",
            "normalized": [],
            "type": []
        },
        {
            "speaker": "患者",
            "sentence": "你好",
            "label": "OO",
            "normalized": [],
            "type": []
        },
        {
            "speaker": "医生",
            "sentence": "我的孩子没有感冒流鼻涕之前有没有张嘴的情况",
            "label": "OOOOOOBIBIIOOOOOOOOOO",
            "normalized": [
                "普通感冒",
                "鼻流涕"
            ],
            "type": [
                "2",
                "2"
            ]
        },
        {
            "speaker": "患者",
            "sentence": "没有",
            "label": "OO",
            "normalized": [],
            "type": []
        },
        {
            "speaker": "医生",
            "sentence": "这个孩子有鼻塞的情况",
            "label": "OOOOOBIOOO",
            "normalized": [
                "鼻塞"
            ],
            "type": [
                "1"
            ]
        },
        {
            "speaker": "患者",
            "sentence": "流鼻涕好几天都不怎么流了开始张嘴",
            "label": "BIIOOOOOOOOOOOOO",
            "normalized": [
                "鼻流涕"
            ],
            "type": [
                "1"
            ]
        },
        {
            "speaker": "患者",
            "sentence": "有的时候干呕",
            "label": "OOOOBI",
            "normalized": [
                "干呕"
            ],
            "type": [
                "1"
            ]
        },
        {
            "speaker": "医生",
            "sentence": "这个孩子是不是还有鼻子不通气的情况",
            "label": "OOOOOOOOOBIIIIOOO",
            "normalized": [
                "鼻塞"
            ],
            "type": [
                "1"
            ]
        },
        {
            "speaker": "患者",
            "sentence": "通气",
            "label": "OO",
            "normalized": [],
            "type": []
        },
        {
            "speaker": "医生",
            "sentence": "哦",
            "label": "O",
            "normalized": [],
            "type": []
        },
        {
            "speaker": "患者",
            "sentence": "没张嘴的时候鼻子不通气后来好了",
            "label": "OOOOOOBIIIIOOOO",
            "normalized": [
                "鼻塞"
            ],
            "type": [
                "1"
            ]
        },
        {
            "speaker": "医生",
            "sentence": "哦，我认为与这个孩子嗓子红有一定的关系",
            "label": "OOOOOOOOOOOOOOOOOOO",
            "normalized": [],
            "type": []
        },
        {
            "speaker": "医生",
            "sentence": "感冒的孩子多会出现咽部充血",
            "label": "BIOOOOOOOBIII",
            "normalized": [
                "普通感冒",
                "咽喉炎"
            ],
            "type": [
                "1",
                "3"
            ]
        },
        {
            "speaker": "医生",
            "sentence": "咽部充血就会导致这个孩子嗓子疼痛，有可能会出现张嘴，也会出现恶心的情况",
            "label": "BIIIOOOOOOOOBIIIOOOOOOOOOOOOOOBIOOO",
            "normalized": [
                "咽喉炎",
                "咽喉不适",
                "恶心"
            ],
            "type": [
                "3",
                "3",
                "3"
            ]
        },
        {
            "speaker": "患者",
            "sentence": "",
            "label": "",
            "normalized": [],
            "type": []
        },
        {
            "speaker": "患者",
            "sentence": "这一天就像这样",
            "label": "OOOOOOO",
            "normalized": [],
            "type": []
        },
        {
            "speaker": "医生",
            "sentence": "有没有流口水呀",
            "label": "OOOOOOO",
            "normalized": [],
            "type": []
        },
        {
            "speaker": "患者",
            "sentence": "流口水",
            "label": "OOO",
            "normalized": [],
            "type": []
        },
        {
            "speaker": "医生",
            "sentence": "那还是应该与口腔有关系啊",
            "label": "OOOOOOOOOOOO",
            "normalized": [],
            "type": []
        },
        {
            "speaker": "医生",
            "sentence": "应该是这个孩子嗓子红肿疼痛引起的",
            "label": "OOOOOOOBIIIIIOOO",
            "normalized": [
                "咽喉不适"
            ],
            "type": [
                "3"
            ]
        },
        {
            "speaker": "医生",
            "sentence": "就会出现张着嘴，流口水，你需要看一下口腔当中有没有溃疡或者疱疹",
            "label": "OOOOOOOOOOOOOOOOOOOOOOOOOBIOOBI",
            "normalized": [
                "口腔溃疡",
                "疱疹"
            ],
            "type": [
                "3",
                "3"
            ]
        },
        {
            "speaker": "患者",
            "sentence": "看了没有",
            "label": "OOOO",
            "normalized": [],
            "type": []
        },
        {
            "speaker": "医生",
            "sentence": "哦，那嗓子眼红的厉害吗",
            "label": "OOOOOOOOOOO",
            "normalized": [],
            "type": []
        },
        {
            "speaker": "医生",
            "sentence": "根据你所描述的情况，我认为这个孩子应该考虑呼吸道感染",
            "label": "OOOOOOOOOOOOOOOOOOOOOBIIII",
            "normalized": [
                "呼吸道感染"
            ],
            "type": [
                "3"
            ]
        },
        {
            "speaker": "医生",
            "sentence": "也就是咱们常说的感冒了，这样的孩子由于嗓子疼痛，有可能会出现张口呼吸会出现流口水的情况，有的孩子会出现恶心，甚至吃奶减少",
            "label": "OOOOOOOOBIOOOOOOOOOBIIIOOOOOOOOOOOOOOOOOOOOOOOOOOOOBIOOOOOOO",
            "normalized": [
                "普通感冒",
                "咽喉不适",
                "恶心"
            ],
            "type": [
                "1",
                "1",
                "3"
            ]
        },
        {
            "speaker": "患者",
            "sentence": "今天我看见下嘴唇有白色痕",
            "label": "OOOOOOOOOOOO",
            "normalized": [],
            "type": []
        },
        {
            "speaker": "医生",
            "sentence": "哦，可能与这个也有关系",
            "label": "OOOOOOOOOOO",
            "normalized": [],
            "type": []
        },
        {
            "speaker": "患者",
            "sentence": "老能喝水了",
            "label": "OOOOO",
            "normalized": [],
            "type": []
        },
        {
            "speaker": "患者",
            "sentence": "就像口干似的",
            "label": "OOOOOO",
            "normalized": [],
            "type": []
        },
        {
            "speaker": "医生",
            "sentence": "张着嘴肯定不显性失水增多，就会导致这个孩子出现脱水的情况，肯定需要多喝水的",
            "label": "OOOOOOOOOOOOOOOOOOOOOOOOOOOOOOOOOOOOO",
            "normalized": [],
            "type": []
        },
        {
            "speaker": "患者",
            "sentence": "哦哦，需要去医院看一下是吧",
            "label": "OOOOOOOOOOOOO",
            "normalized": [],
            "type": []
        },
        {
            "speaker": "医生",
            "sentence": "可以的",
            "label": "OOO",
            "normalized": [],
            "type": []
        },
        {
            "speaker": "患者",
            "sentence": "嗯谢谢",
            "label": "OOO",
            "normalized": [],
            "type": []
        },
        {
            "speaker": "医生",
            "sentence": "可以到医院看一下嗓子有没有红肿的情况，另外需要查血常规的",
            "label": "OOOOOOOOOOOOOOOOOOOOOOOOOOOO",
            "normalized": [],
            "type": []
        },
        {
            "speaker": "医生",
            "sentence": "不客气",
            "label": "OOO",
            "normalized": [],
            "type": []
        },
        {
            "speaker": "患者",
            "sentence": "行谢谢了",
            "label": "OOOO",
            "normalized": [],
            "type": []
        },
        {
            "speaker": "医生",
            "sentence": "好的",
            "label": "OO",
            "normalized": [],
            "type": []
        },
        {
            "speaker": "医生",
            "sentence": "不客气",
            "label": "OOO",
            "normalized": [],
            "type": []
        }
    ]
}