{
    "data-split": "train",
    "example-id": "10842269",
    "dialogue-content": [
        {
            "speaker": "医生",
            "sentence": "家长您好，孩子今天大便了几次？都是这样子的吗？有没有呕吐和发热？另外肚子疼吗还",
            "label": "OOOOOOOOOOOOOOOOOOOOOOOOOOBIOBIOOOBIIOO",
            "normalized": [
                "呕吐",
                "发热",
                "腹痛"
            ],
            "type": [
                "2",
                "1",
                "3"
            ]
        },
        {
            "speaker": "患者",
            "sentence": "有点发热，但没呕吐",
            "label": "OOBIOOOBI",
            "normalized": [
                "发热",
                "呕吐"
            ],
            "type": [
                "1",
                "2"
            ]
        },
        {
            "speaker": "患者",
            "sentence": "从下午放学回来到现在在拉了不少了",
            "label": "OOOOOOOOOOOOOOOO",
            "normalized": [],
            "type": []
        },
        {
            "speaker": "患者",
            "sentence": "我照片上仅仅为拉后最后滴的",
            "label": "OOOOOOOOOOOOO",
            "normalized": [],
            "type": []
        },
        {
            "speaker": "患者",
            "sentence": "半个小时前又拉了半小盆",
            "label": "OOOOOOOOOOO",
            "normalized": [],
            "type": []
        },
        {
            "speaker": "医生",
            "sentence": "家里面有什么药物吗？",
            "label": "OOOOOOOOOO",
            "normalized": [],
            "type": []
        },
        {
            "speaker": "医生",
            "sentence": "大便化验过吗？",
            "label": "OOOOOOO",
            "normalized": [],
            "type": []
        },
        {
            "speaker": "患者",
            "sentence": "放学后上医院拿了些，我现在确定不了原因",
            "label": "OOOOOOOOOOOOOOOOOOO",
            "normalized": [],
            "type": []
        },
        {
            "speaker": "患者",
            "sentence": "因为早上拉的还是好便，中午学校吃的饭，饺子速冻饺子",
            "label": "OOOOOOOOOOOOOOOOOOOOOOOOO",
            "normalized": [],
            "type": []
        },
        {
            "speaker": "患者",
            "sentence": "没有",
            "label": "OO",
            "normalized": [],
            "type": []
        },
        {
            "speaker": "医生",
            "sentence": "可能是饮食不当了",
            "label": "OOOOOOOO",
            "normalized": [],
            "type": []
        },
        {
            "speaker": "医生",
            "sentence": "所以导致了腹泻",
            "label": "OOOOOBI",
            "normalized": [
                "腹泻"
            ],
            "type": [
                "1"
            ]
        },
        {
            "speaker": "患者",
            "sentence": "不是食物中毒吧",
            "label": "OOOOOOO",
            "normalized": [],
            "type": []
        },
        {
            "speaker": "患者",
            "sentence": "他这种情况属于痢疾中哪一种",
            "label": "OOOOOOOBIOOOO",
            "normalized": [
                "痢疾"
            ],
            "type": [
                "3"
            ]
        },
        {
            "speaker": "医生",
            "sentence": "应该是食物引起的，但不一定是痢疾",
            "label": "OOOOOOOOOOOOOOBI",
            "normalized": [
                "痢疾"
            ],
            "type": [
                "3"
            ]
        },
        {
            "speaker": "医生",
            "sentence": "需要去医院化验一下的",
            "label": "OOOOOOOOOO",
            "normalized": [],
            "type": []
        },
        {
            "speaker": "医生",
            "sentence": "现在在家里可以口服蒙脱石散加口服补液盐",
            "label": "OOOOOOOOOOOOOOOOOOO",
            "normalized": [],
            "type": []
        },
        {
            "speaker": "医生",
            "sentence": "不好意思，在看急诊，所以回的有点慢",
            "label": "OOOOOOOOOOOOOOOOO",
            "normalized": [],
            "type": []
        },
        {
            "speaker": "医生",
            "sentence": "这种腹泻一般是由于饮食不当造成的，但是控制不住会导致孩子腹泻很厉害，导致脱水和电解质紊乱，如果腹泻次数多，还是建议去医院看一下，化验一下大便，必要时需要静脉补充液体。",
            "label": "OOBIOOOOOOOOOOOOOOOOOOOOOOOOBIOOOOOOBIOOOOOOOOOBIOOOOOOOOOOOOOOOOOOOOOOOOOOOOOOOOOO",
            "normalized": [
                "腹泻",
                "腹泻",
                "脱水",
                "腹泻"
            ],
            "type": [
                "1",
                "1",
                "3",
                "1"
            ]
        },
        {
            "speaker": "医生",
            "sentence": "您好，请问您还在吗？",
            "label": "OOOOOOOOOO",
            "normalized": [],
            "type": []
        }
    ]
}