{
    "data-split": "train",
    "example-id": "10356998",
    "dialogue-content": [
        {
            "speaker": "医生",
            "sentence": "你好！",
            "label": "OOO",
            "normalized": [],
            "type": []
        },
        {
            "speaker": "医生",
            "sentence": "孩子发病几天了？",
            "label": "OOOOOOOO",
            "normalized": [],
            "type": []
        },
        {
            "speaker": "患者",
            "sentence": "三天",
            "label": "OO",
            "normalized": [],
            "type": []
        },
        {
            "speaker": "医生",
            "sentence": "咳嗽很严重是吗？晚上也咳嗽吗？",
            "label": "BIOOOOOOOOOBIOO",
            "normalized": [
                "咳嗽",
                "咳嗽"
            ],
            "type": [
                "1",
                "1"
            ]
        },
        {
            "speaker": "患者",
            "sentence": "晚上不咳嗽",
            "label": "OOOBI",
            "normalized": [
                "咳嗽"
            ],
            "type": [
                "2"
            ]
        },
        {
            "speaker": "医生",
            "sentence": "去医院检查过吗？",
            "label": "OOOOOOOO",
            "normalized": [],
            "type": []
        },
        {
            "speaker": "患者",
            "sentence": "我给吃的易坦静，希刻劳",
            "label": "OOOOOOOOOOO",
            "normalized": [],
            "type": []
        },
        {
            "speaker": "患者",
            "sentence": "去了，说是气管里有痰",
            "label": "OOOOOOOOBI",
            "normalized": [
                "痰"
            ],
            "type": [
                "1"
            ]
        },
        {
            "speaker": "医生",
            "sentence": "吃药几天啦症状减轻吗？",
            "label": "OOOOOOOOOOO",
            "normalized": [],
            "type": []
        },
        {
            "speaker": "患者",
            "sentence": "吃了三天了，减轻了点",
            "label": "OOOOOOOOOO",
            "normalized": [],
            "type": []
        },
        {
            "speaker": "患者",
            "sentence": "之前晚上咳嗽，现在晚上不咳了",
            "label": "OOOOBIOOOOOBIO",
            "normalized": [
                "咳嗽",
                "咳嗽"
            ],
            "type": [
                "1",
                "2"
            ]
        },
        {
            "speaker": "患者",
            "sentence": "就是嗓子里，滋啦滋啦响",
            "label": "OOOOOOOOOOO",
            "normalized": [],
            "type": []
        },
        {
            "speaker": "医生",
            "sentence": "根据你说的情况，还是有呼吸道感染，气管炎。",
            "label": "OOOOOOOOOOOBIIIIOBIIO",
            "normalized": [
                "呼吸道感染",
                "支气管炎"
            ],
            "type": [
                "1",
                "1"
            ]
        },
        {
            "speaker": "医生",
            "sentence": "孩子多大了？",
            "label": "OOOOOO",
            "normalized": [],
            "type": []
        },
        {
            "speaker": "患者",
            "sentence": "两周岁半",
            "label": "OOOO",
            "normalized": [],
            "type": []
        },
        {
            "speaker": "医生",
            "sentence": "根据你说的情况，吃药减轻，可以继续吃上两天药，观察变化。",
            "label": "OOOOOOOOOOOOOOOOOOOOOOOOOOOO",
            "normalized": [],
            "type": []
        },
        {
            "speaker": "医生",
            "sentence": "把药物再调整一下",
            "label": "OOOOOOOO",
            "normalized": [],
            "type": []
        },
        {
            "speaker": "患者",
            "sentence": "换种药吃吗",
            "label": "OOOOO",
            "normalized": [],
            "type": []
        },
        {
            "speaker": "医生",
            "sentence": "现在吃着几种药",
            "label": "OOOOOOO",
            "normalized": [],
            "type": []
        },
        {
            "speaker": "患者",
            "sentence": "三种",
            "label": "OO",
            "normalized": [],
            "type": []
        },
        {
            "speaker": "医生",
            "sentence": "说一下名字",
            "label": "OOOOO",
            "normalized": [],
            "type": []
        },
        {
            "speaker": "患者",
            "sentence": "清开灵，希刻劳，易坦静",
            "label": "OOOOOOOOOOO",
            "normalized": [],
            "type": []
        },
        {
            "speaker": "医生",
            "sentence": "可以的在吃上岩白菜素止咳去痰的",
            "label": "OOOOOOOOOOOOOOO",
            "normalized": [],
            "type": []
        },
        {
            "speaker": "医生",
            "sentence": "这四种药物一起吃，上两三天观察变化。",
            "label": "OOOOOOOOOOOOOOOOOO",
            "normalized": [],
            "type": []
        },
        {
            "speaker": "患者",
            "sentence": "好的",
            "label": "OO",
            "normalized": [],
            "type": []
        },
        {
            "speaker": "医生",
            "sentence": "可以给孩子白萝卜＋鸭梨煮水喝，也是止咳去痰的",
            "label": "OOOOOOOOOOOOOOOOOOOOOO",
            "normalized": [],
            "type": []
        },
        {
            "speaker": "患者",
            "sentence": "宝宝跳跳，就开始咳嗽",
            "label": "OOOOOOOOBI",
            "normalized": [
                "咳嗽"
            ],
            "type": [
                "1"
            ]
        },
        {
            "speaker": "医生",
            "sentence": "是的，要注意休息，不要吃容易上火的东西。",
            "label": "OOOOOOOOOOOOOOOOOOOO",
            "normalized": [],
            "type": []
        },
        {
            "speaker": "患者",
            "sentence": "白萝卜跟鸭梨一起煮吗",
            "label": "OOOOOOOOOO",
            "normalized": [],
            "type": []
        },
        {
            "speaker": "医生",
            "sentence": "是的",
            "label": "OO",
            "normalized": [],
            "type": []
        },
        {
            "speaker": "医生",
            "sentence": "萝卜梨和水一起都吃",
            "label": "OOOOOOOOO",
            "normalized": [],
            "type": []
        },
        {
            "speaker": "患者",
            "sentence": "这种情况严重吗",
            "label": "OOOOOOO",
            "normalized": [],
            "type": []
        },
        {
            "speaker": "医生",
            "sentence": "根据你说的情况不是很严重的。",
            "label": "OOOOOOOOOOOOOO",
            "normalized": [],
            "type": []
        },
        {
            "speaker": "医生",
            "sentence": "不过孩子小抵抗力差，感冒以后很容易引起肺炎。",
            "label": "OOOOOOOOOOBIOOOOOOOBIO",
            "normalized": [
                "普通感冒",
                "肺炎"
            ],
            "type": [
                "1",
                "3"
            ]
        },
        {
            "speaker": "患者",
            "sentence": "我觉得孩子嗓子滋啦滋啦响，影响呼吸似得",
            "label": "OOOOOBIIIIIIOOOOOOO",
            "normalized": [
                "痰鸣音"
            ],
            "type": [
                "1"
            ]
        },
        {
            "speaker": "医生",
            "sentence": "吃上三天药，如果不见好转就去医院拍胸片，观察是否有肺炎。",
            "label": "OOOOOOOOOOOOOOOOOOOOOOOOOBIO",
            "normalized": [
                "肺炎"
            ],
            "type": [
                "3"
            ]
        },
        {
            "speaker": "患者",
            "sentence": "但是宝宝没有发烧",
            "label": "OOOOOOBI",
            "normalized": [
                "发热"
            ],
            "type": [
                "2"
            ]
        },
        {
            "speaker": "医生",
            "sentence": "你听着是痰的声音还是喘的声音",
            "label": "OOOOBOOOOOBOOO",
            "normalized": [
                "痰",
                "喘息"
            ],
            "type": [
                "1",
                "3"
            ]
        },
        {
            "speaker": "患者",
            "sentence": "痰的声音",
            "label": "BOOO",
            "normalized": [
                "痰"
            ],
            "type": [
                "1"
            ]
        },
        {
            "speaker": "医生",
            "sentence": "如果是痰可以吃上两天药观察变化",
            "label": "OOOBOOOOOOOOOOO",
            "normalized": [
                "痰"
            ],
            "type": [
                "1"
            ]
        },
        {
            "speaker": "患者",
            "sentence": "好的",
            "label": "OO",
            "normalized": [],
            "type": []
        },
        {
            "speaker": "医生",
            "sentence": "如果是喘憋的声音应该去医院检查的。",
            "label": "OOOBOOOOOOOOOOOOO",
            "normalized": [
                "喘息"
            ],
            "type": [
                "3"
            ]
        },
        {
            "speaker": "医生",
            "sentence": "如果有喘憋一般的是肺炎的症状。",
            "label": "OOOBOOOOOBIOOOO",
            "normalized": [
                "喘息",
                "肺炎"
            ],
            "type": [
                "3",
                "3"
            ]
        },
        {
            "speaker": "患者",
            "sentence": "没喘憋",
            "label": "BIO",
            "normalized": [
                "喘息"
            ],
            "type": [
                "2"
            ]
        },
        {
            "speaker": "医生",
            "sentence": "睡觉的时候没有问题是吗？",
            "label": "OOOOOOOOOOOO",
            "normalized": [],
            "type": []
        },
        {
            "speaker": "患者",
            "sentence": "去医院医生给听了下，就说是气管有痰",
            "label": "OOOOOOOOOOOOOOOBI",
            "normalized": [
                "痰"
            ],
            "type": [
                "1"
            ]
        },
        {
            "speaker": "医生",
            "sentence": "那可以吃上两至三天药观察变化。",
            "label": "OOOOOOOOOOOOOOO",
            "normalized": [],
            "type": []
        },
        {
            "speaker": "患者",
            "sentence": "睡觉没有问题，晚上一觉能睡到天亮，偶尔翻身会咳嗽下",
            "label": "OOOOOOOOOOOOOOOOOOOOOOBIO",
            "normalized": [
                "咳嗽"
            ],
            "type": [
                "1"
            ]
        },
        {
            "speaker": "医生",
            "sentence": "根据你说的情况不是很严重的可以吃药观察。",
            "label": "OOOOOOOOOOOOOOOOOOOO",
            "normalized": [],
            "type": []
        },
        {
            "speaker": "患者",
            "sentence": "好的",
            "label": "OO",
            "normalized": [],
            "type": []
        },
        {
            "speaker": "医生",
            "sentence": "加强护理，不要再着凉。",
            "label": "OOOOOOOOOOO",
            "normalized": [],
            "type": []
        },
        {
            "speaker": "患者",
            "sentence": "现在家里没有您说的岩白菜那个药",
            "label": "OOOOOOOOOOOOOOO",
            "normalized": [],
            "type": []
        },
        {
            "speaker": "医生",
            "sentence": "还有什么药物",
            "label": "OOOOOO",
            "normalized": [],
            "type": []
        },
        {
            "speaker": "患者",
            "sentence": "有小儿清肺化痰颗粒",
            "label": "OOOOOOOOO",
            "normalized": [],
            "type": []
        },
        {
            "speaker": "医生",
            "sentence": "也可以的吃上这个",
            "label": "OOOOOOOO",
            "normalized": [],
            "type": []
        },
        {
            "speaker": "患者",
            "sentence": "就我说的四种药一起吃？",
            "label": "OOOOOOOOOOO",
            "normalized": [],
            "type": []
        },
        {
            "speaker": "医生",
            "sentence": "是的，一起吃",
            "label": "OOOOOO",
            "normalized": [],
            "type": []
        },
        {
            "speaker": "患者",
            "sentence": "希刻劳吃了四天了还用继续用吗",
            "label": "OOOOOOOOOOOOOO",
            "normalized": [],
            "type": []
        },
        {
            "speaker": "医生",
            "sentence": "吃四天可以停掉可以吃上头孢消炎的",
            "label": "OOOOOOOOOOOOOOOO",
            "normalized": [],
            "type": []
        },
        {
            "speaker": "患者",
            "sentence": "好",
            "label": "O",
            "normalized": [],
            "type": []
        },
        {
            "speaker": "医生",
            "sentence": "好的有问题及时联系",
            "label": "OOOOOOOOO",
            "normalized": [],
            "type": []
        },
        {
            "speaker": "患者",
            "sentence": "好的，谢谢医生",
            "label": "OOOOOOO",
            "normalized": [],
            "type": []
        },
        {
            "speaker": "医生",
            "sentence": "不客气祝孩子早日康复",
            "label": "OOOOOOOOOO",
            "normalized": [],
            "type": []
        },
        {
            "speaker": "医生",
            "sentence": "你好！",
            "label": "OOO",
            "normalized": [],
            "type": []
        }
    ]
}