{
    "data-split": "train",
    "example-id": "10341779",
    "dialogue-content": [
        {
            "speaker": "医生",
            "sentence": "您好，宝宝腹泻几天了？",
            "label": "OOOOOBIOOOO",
            "normalized": [
                "腹泻"
            ],
            "type": [
                "1"
            ]
        },
        {
            "speaker": "医生",
            "sentence": "在吗？",
            "label": "OOO",
            "normalized": [],
            "type": []
        },
        {
            "speaker": "患者",
            "sentence": "前两天也拉，拉的次数不多，两三次，今天厉害啦！拉了十多次，",
            "label": "OOOOOOOOOOOOOOOOOOOOOOOOOOOOO",
            "normalized": [],
            "type": []
        },
        {
            "speaker": "医生",
            "sentence": "宝宝开始有呕吐发热吗？大便什么性状的？就是黄色稀水便？",
            "label": "OOOOOBIBIOOOOOOOOOOOOOOBIIO",
            "normalized": [
                "呕吐",
                "发热",
                "水样便"
            ],
            "type": [
                "1",
                "2",
                "1"
            ]
        },
        {
            "speaker": "患者",
            "sentence": "前天吐啦两次，昨天到今天没吐，没有发热，大便水样，有点犯白",
            "label": "OOBOOOOOOOOOBIOOOBIOBIIIOOOOO",
            "normalized": [
                "呕吐",
                "呕吐",
                "发热",
                "水样便"
            ],
            "type": [
                "1",
                "2",
                "2",
                "1"
            ]
        },
        {
            "speaker": "医生",
            "sentence": "腹泻次数多需要勤喂水，或喝口服补液盐避免脱水。不知有化验便常规及轮状病毒抗体吗？",
            "label": "BIOOOOOOOOOOOOOOOOOOOOOOOOOOOOOOOOOOOOOO",
            "normalized": [
                "腹泻"
            ],
            "type": [
                "1"
            ]
        },
        {
            "speaker": "医生",
            "sentence": "目前再服用什么药物吗？",
            "label": "OOOOOOOOOOO",
            "normalized": [],
            "type": []
        },
        {
            "speaker": "患者",
            "sentence": "没有去医院，早上喂啦益生菌，刚刚喂啦蒙脱石散",
            "label": "OOOOOOOOOOOOOOOOOOOOOO",
            "normalized": [],
            "type": []
        },
        {
            "speaker": "医生",
            "sentence": "引起腹泻原因很多，如腹部受凉，消化不良，胃肠功能紊乱，肠道感染等，上述原因水样腹泻都可以口服益生菌调理菌群和思密达止泻，但最好化验便常规及轮状病毒除外肠道感染，如果是轮状病毒肠炎一般注意预防脱水。对症治疗，一般会1周左右恢复",
            "label": "OOBIOOOOOOOOOOOBIIIOBIIIIIOOOOOOOOOOOOOBIOOOOOOOOOOOOOOOOOOOOOOOOOOOOBIIIOOOOOOOOOOBIIIIIOOOOOOBIOOOOOOOOOOOOOOO",
            "normalized": [
                "腹泻",
                "消化不良",
                "胃肠功能紊乱",
                "腹泻",
                "轮状病毒感染",
                "轮状病毒感染",
                "脱水"
            ],
            "type": [
                "1",
                "3",
                "3",
                "3",
                "3",
                "3",
                "3"
            ]
        },
        {
            "speaker": "医生",
            "sentence": "目前注意勤喂水，腹部受凉，清淡易消化饮食。",
            "label": "OOOOOOOOOOOOOOOOOOOOO",
            "normalized": [],
            "type": []
        },
        {
            "speaker": "医生",
            "sentence": "腹部避免受凉",
            "label": "OOOOOO",
            "normalized": [],
            "type": []
        },
        {
            "speaker": "患者",
            "sentence": "奧，母乳还可以吃吗",
            "label": "OOOOOOOOO",
            "normalized": [],
            "type": []
        },
        {
            "speaker": "医生",
            "sentence": "可以吃",
            "label": "OOO",
            "normalized": [],
            "type": []
        },
        {
            "speaker": "医生",
            "sentence": "辅食添加需要注意",
            "label": "OOOOOOOO",
            "normalized": [],
            "type": []
        },
        {
            "speaker": "患者",
            "sentence": "要注意哪些呢",
            "label": "OOOOOO",
            "normalized": [],
            "type": []
        },
        {
            "speaker": "医生",
            "sentence": "不知之前辅食都填加什么了。不要吃偏凉，水果，油腻食物，可以喂米汤，稀粥",
            "label": "OOOOOOOOOOOOOOOOOOOOOOOOOOOOOOOOOOO",
            "normalized": [],
            "type": []
        },
        {
            "speaker": "医生",
            "sentence": "注意尿量，精神，腹泻次数。",
            "label": "OOOOOOOOBIOOO",
            "normalized": [
                "腹泻"
            ],
            "type": [
                "1"
            ]
        },
        {
            "speaker": "患者",
            "sentence": "苹果蒸熟的，可以吃吗",
            "label": "OOOOOOOOOO",
            "normalized": [],
            "type": []
        },
        {
            "speaker": "医生",
            "sentence": "宝宝目前精神，尿量正常吗？",
            "label": "OOOOOOOOOOOOO",
            "normalized": [],
            "type": []
        },
        {
            "speaker": "患者",
            "sentence": "尿量不多，精神还好",
            "label": "OOOOOOOOO",
            "normalized": [],
            "type": []
        },
        {
            "speaker": "医生",
            "sentence": "土办法，蒸苹果有缓解腹泻作用，可以试用观察。",
            "label": "OOOOOOOOOOBIOOOOOOOOOO",
            "normalized": [
                "腹泻"
            ],
            "type": [
                "3"
            ]
        },
        {
            "speaker": "医生",
            "sentence": "可以外购口服补液盐分次饮，补液避免脱水。",
            "label": "OOOOOOOOOOOOOOOOOOOO",
            "normalized": [],
            "type": []
        },
        {
            "speaker": "患者",
            "sentence": "哪里有卖，药店好像没有",
            "label": "OOOOOOOOOOO",
            "normalized": [],
            "type": []
        },
        {
            "speaker": "医生",
            "sentence": "留取大便，2小时内送检化验便常规及轮状病毒抗体，明确是否有肠道感染",
            "label": "OOOOOOOOOOOOOOOOOOOOOOOOOOOOOOOOO",
            "normalized": [],
            "type": []
        },
        {
            "speaker": "医生",
            "sentence": "药店应该有卖的",
            "label": "OOOOOOO",
            "normalized": [],
            "type": []
        },
        {
            "speaker": "患者",
            "sentence": "奧，好的，平时吃的盐，上放点可以吗",
            "label": "OOOOOOOOOOOOOOOOO",
            "normalized": [],
            "type": []
        },
        {
            "speaker": "医生",
            "sentence": "食物口服补液盐是配好的糖盐及含钾水，",
            "label": "OOOOOOOOOOOOOOOOOO",
            "normalized": [],
            "type": []
        },
        {
            "speaker": "医生",
            "sentence": "比例合适。",
            "label": "OOOOO",
            "normalized": [],
            "type": []
        },
        {
            "speaker": "医生",
            "sentence": "如果买不到，可以自己配置",
            "label": "OOOOOOOOOOOO",
            "normalized": [],
            "type": []
        },
        {
            "speaker": "患者",
            "sentence": "奧，等下去药店看看，自己怎么配置呢",
            "label": "OOOOOOOOOOOOOOOOO",
            "normalized": [],
            "type": []
        },
        {
            "speaker": "医生",
            "sentence": "简易配置法，500毫升水里面加啤酒瓶盖平平一盖盐面，加20糖",
            "label": "OOOOOOOOOOOOOOOOOOOOOOOOOOOOOO",
            "normalized": [],
            "type": []
        },
        {
            "speaker": "患者",
            "sentence": "糖是20克吗",
            "label": "OOOOOO",
            "normalized": [],
            "type": []
        },
        {
            "speaker": "医生",
            "sentence": "拉的次数里量多，喝的多，保证宝宝尿量正常，口唇不干，精神反应好",
            "label": "OOOOOOOOOOOOOOOOOOOOOOOOOOOOOOO",
            "normalized": [],
            "type": []
        },
        {
            "speaker": "医生",
            "sentence": "20克糖",
            "label": "OOOO",
            "normalized": [],
            "type": []
        },
        {
            "speaker": "医生",
            "sentence": "注意腹部保暖。",
            "label": "OOOOOOO",
            "normalized": [],
            "type": []
        },
        {
            "speaker": "患者",
            "sentence": "奧，好的，天冷老是换尿不湿，可能受凉啦",
            "label": "OOOOOOOOOOOOOOOOOOO",
            "normalized": [],
            "type": []
        },
        {
            "speaker": "医生",
            "sentence": "恩，如果腹部受凉引起，注意保暖，按上诉处理很快会恢复。",
            "label": "OOOOOOOOOOOOOOOOOOOOOOOOOOO",
            "normalized": [],
            "type": []
        },
        {
            "speaker": "医生",
            "sentence": "1岁宝宝冬季出现腹泻，大便水样，病初有呕吐，还需注意除外轮状病毒肠炎可能。",
            "label": "OOOOOOOOBIOBIIIOOOOBIOOOOOOOBIIIIIOOO",
            "normalized": [
                "腹泻",
                "水样便",
                "呕吐",
                "轮状病毒感染"
            ],
            "type": [
                "1",
                "1",
                "1",
                "3"
            ]
        },
        {
            "speaker": "患者",
            "sentence": "今天益生菌加蒙脱石散先吃吃，明天看看情况，再去医院行不行",
            "label": "OOOOOOOOOOOOOOOOOOOOOOOOOOOO",
            "normalized": [],
            "type": []
        },
        {
            "speaker": "医生",
            "sentence": "可以，只要宝宝精神状态好，可以先上诉处理观察",
            "label": "OOOOOOOOOOOOOOOOOOOOOO",
            "normalized": [],
            "type": []
        },
        {
            "speaker": "医生",
            "sentence": "注意益生菌及蒙脱石服用方法。",
            "label": "OOOOOOOOOOOOOO",
            "normalized": [],
            "type": []
        },
        {
            "speaker": "医生",
            "sentence": "两药注意间隔开时间。",
            "label": "OOOOOOOOOO",
            "normalized": [],
            "type": []
        },
        {
            "speaker": "医生",
            "sentence": "还有问题吗？",
            "label": "OOOOOO",
            "normalized": [],
            "type": []
        },
        {
            "speaker": "患者",
            "sentence": "九个月宝宝益生菌一天吃0.5克够不够，思密达蒙脱石散，一次半包，一天三吃可以吗",
            "label": "OOOOOOOOOOOOOOOOOOOOOOOOOOOOOOOOOOOOOOO",
            "normalized": [],
            "type": []
        },
        {
            "speaker": "医生",
            "sentence": "益生菌是那一类？注意是两种药物需要间隔开2小时，蒙脱石散一般两餐之间空腹服用",
            "label": "OOOOOOOOOOOOOOOOOOOOOOOOOOOOOOOOOOOOOO",
            "normalized": [],
            "type": []
        },
        {
            "speaker": "医生",
            "sentence": "蒙脱石一般1岁内每次三分之一袋，每日三次，大便水样，次数多适当加量每次半袋也可以。",
            "label": "OOOOOOOOOOOOOOOOOOOOOOOOOOOOOOOOOOOOOOOOO",
            "normalized": [],
            "type": []
        },
        {
            "speaker": "患者",
            "sentence": "是孝母散",
            "label": "OOOO",
            "normalized": [],
            "type": []
        },
        {
            "speaker": "医生",
            "sentence": "服用方法不正确有时候影响药效作用。蒙脱石用20-30毫升水调开服用。",
            "label": "OOOOOOOOOOOOOOOOOOOOOOOOOOOOOOOOOO",
            "normalized": [],
            "type": []
        },
        {
            "speaker": "医生",
            "sentence": "具体服用量按说明服用就可。",
            "label": "OOOOOOOOOOOOO",
            "normalized": [],
            "type": []
        },
        {
            "speaker": "医生",
            "sentence": "酵母散是鞣酸蛋白酵母散？",
            "label": "OOOOOOOOOOOO",
            "normalized": [],
            "type": []
        },
        {
            "speaker": "患者",
            "sentence": "嗯是的",
            "label": "OOO",
            "normalized": [],
            "type": []
        },
        {
            "speaker": "医生",
            "sentence": "恩，量按说明服用就可",
            "label": "OOOOOOOOOO",
            "normalized": [],
            "type": []
        },
        {
            "speaker": "医生",
            "sentence": "因为单剂量不同用法不同",
            "label": "OOOOOOOOOOO",
            "normalized": [],
            "type": []
        },
        {
            "speaker": "患者",
            "sentence": "好的",
            "label": "OO",
            "normalized": [],
            "type": []
        },
        {
            "speaker": "医生",
            "sentence": "好的，还有问题需要咨询吗？",
            "label": "OOOOOOOOOOOOO",
            "normalized": [],
            "type": []
        },
        {
            "speaker": "医生",
            "sentence": "如果没有，先关闭了。祝宝宝健康。",
            "label": "OOOOOOOOOOOOOOOO",
            "normalized": [],
            "type": []
        }
    ]
}