{
    "data-split": "train",
    "example-id": "10016678",
    "dialogue-content": [
        {
            "speaker": "医生",
            "sentence": "您好",
            "label": "OO",
            "normalized": [],
            "type": []
        },
        {
            "speaker": "患者",
            "sentence": "您好",
            "label": "OO",
            "normalized": [],
            "type": []
        },
        {
            "speaker": "医生",
            "sentence": "小孩肚子是哪里疼？",
            "label": "OOOOOOOOO",
            "normalized": [],
            "type": []
        },
        {
            "speaker": "医生",
            "sentence": "上腹么",
            "label": "BIO",
            "normalized": [
                "腹痛"
            ],
            "type": [
                "1"
            ]
        },
        {
            "speaker": "患者",
            "sentence": "肚脐周围",
            "label": "OOOO",
            "normalized": [],
            "type": []
        },
        {
            "speaker": "医生",
            "sentence": "疼的厉害吗",
            "label": "OOOOO",
            "normalized": [],
            "type": []
        },
        {
            "speaker": "患者",
            "sentence": "晚上睡觉前又吃了三块西瓜喝了一管牛奶，不是太过厉害",
            "label": "OOOOOOOOOOOOOOOOOOOOOOOOO",
            "normalized": [],
            "type": []
        },
        {
            "speaker": "医生",
            "sentence": "对啊，肯定有这个方面原因的，但是要排除其他方面的",
            "label": "OOOOOOOOOOOOOOOOOOOOOOOO",
            "normalized": [],
            "type": []
        },
        {
            "speaker": "医生",
            "sentence": "您给她摸摸肚子，看是不是软软的啊",
            "label": "OOOOOOOOOOOOOOOO",
            "normalized": [],
            "type": []
        },
        {
            "speaker": "患者",
            "sentence": "我摸了好像和平时一样",
            "label": "OOOOOOOOOO",
            "normalized": [],
            "type": []
        },
        {
            "speaker": "医生",
            "sentence": "那就还是消化的问题",
            "label": "OOOOOOOOO",
            "normalized": [],
            "type": []
        },
        {
            "speaker": "医生",
            "sentence": "您可以给他继续吃健胃消食片",
            "label": "OOOOOOOOOOOOO",
            "normalized": [],
            "type": []
        },
        {
            "speaker": "患者",
            "sentence": "哦！那要吃什么药吗？",
            "label": "OOOOOOOOOO",
            "normalized": [],
            "type": []
        },
        {
            "speaker": "医生",
            "sentence": "多给他揉揉肚肚",
            "label": "OOOOOOO",
            "normalized": [],
            "type": []
        },
        {
            "speaker": "医生",
            "sentence": "不用别的啦",
            "label": "OOOOO",
            "normalized": [],
            "type": []
        },
        {
            "speaker": "医生",
            "sentence": "马丁林和健胃消食片一种就够啦",
            "label": "OOOOOOOOOOOOOO",
            "normalized": [],
            "type": []
        },
        {
            "speaker": "医生",
            "sentence": "吗丁啉",
            "label": "OOO",
            "normalized": [],
            "type": []
        },
        {
            "speaker": "患者",
            "sentence": "那谢谢医生了。",
            "label": "OOOOOOO",
            "normalized": [],
            "type": []
        },
        {
            "speaker": "医生",
            "sentence": "不客气",
            "label": "OOO",
            "normalized": [],
            "type": []
        },
        {
            "speaker": "医生",
            "sentence": "有问题再联系吧",
            "label": "OOOOOOO",
            "normalized": [],
            "type": []
        },
        {
            "speaker": "患者",
            "sentence": "好的，",
            "label": "OOO",
            "normalized": [],
            "type": []
        },
        {
            "speaker": "医生",
            "sentence": "嗯",
            "label": "O",
            "normalized": [],
            "type": []
        },
        {
            "speaker": "患者",
            "sentence": "请问医生我这是第一次在这上面问，请问这样存在费用吗？",
            "label": "OOOOOOOOOOOOOOOOOOOOOOOOOO",
            "normalized": [],
            "type": []
        },
        {
            "speaker": "医生",
            "sentence": "我也不知道，我也是才受邀进来的。。。",
            "label": "OOOOOOOOOOOOOOOOOO",
            "normalized": [],
            "type": []
        },
        {
            "speaker": "患者",
            "sentence": "好的谢谢",
            "label": "OOOO",
            "normalized": [],
            "type": []
        }
    ]
}