{
    "data-split": "train",
    "example-id": "10243306",
    "dialogue-content": [
        {
            "speaker": "医生",
            "sentence": "你好宝宝这种情况多长时间了",
            "label": "OOOOOOOOOOOOO",
            "normalized": [],
            "type": []
        },
        {
            "speaker": "患者",
            "sentence": "从宝宝两个多月开始，宝宝肠胃就不好了",
            "label": "OOOOOOOOOOOOOOOOOO",
            "normalized": [],
            "type": []
        },
        {
            "speaker": "医生",
            "sentence": "宝宝是一直吃奶粉吗",
            "label": "OOOOOOOOO",
            "normalized": [],
            "type": []
        },
        {
            "speaker": "患者",
            "sentence": "八个月才吃奶粉，之前是母乳，经常有鼻涕状粘液",
            "label": "OOOOOOOOOOOOOOOOOBIIII",
            "normalized": [
                "大便粘液"
            ],
            "type": [
                "1"
            ]
        },
        {
            "speaker": "医生",
            "sentence": "有做过便化验吗",
            "label": "OOOOOOO",
            "normalized": [],
            "type": []
        },
        {
            "speaker": "患者",
            "sentence": "有，我见他经常这样，前几天就去做了化验，医生说没事",
            "label": "OOOOOOOOOOOOOOOOOOOOOOOOO",
            "normalized": [],
            "type": []
        },
        {
            "speaker": "医生",
            "sentence": "宝宝闹不闹她体重增长好吗",
            "label": "OOOOOOOOOOOO",
            "normalized": [],
            "type": []
        },
        {
            "speaker": "患者",
            "sentence": "不怎么闹，就是睡觉有时趴着睡，体重四个月都没长过了，以前两个多月差不多有十四斤，现在一岁一个月多才十七斤多",
            "label": "OOOOOOOOOOOOOOOOOOOOOOOOOOOOOOOOOOOOOOOOOOOOOOOOOOOOO",
            "normalized": [],
            "type": []
        },
        {
            "speaker": "患者",
            "sentence": "",
            "label": "",
            "normalized": [],
            "type": []
        },
        {
            "speaker": "医生",
            "sentence": "便化验是正常的",
            "label": "OOOOOOO",
            "normalized": [],
            "type": []
        },
        {
            "speaker": "医生",
            "sentence": "宝宝是足月吗出生体重多少",
            "label": "OOOOOOOOOOOO",
            "normalized": [],
            "type": []
        },
        {
            "speaker": "患者",
            "sentence": "足月，出生有六斤七两",
            "label": "OOOOOOOOOO",
            "normalized": [],
            "type": []
        },
        {
            "speaker": "医生",
            "sentence": "他吃母乳的时候一天大便几次",
            "label": "OOOOOOOOOOOOO",
            "normalized": [],
            "type": []
        },
        {
            "speaker": "医生",
            "sentence": "有给他用过什么药物调理吗",
            "label": "OOOOOOOOOOOO",
            "normalized": [],
            "type": []
        },
        {
            "speaker": "患者",
            "sentence": "刚出生都是一天一次，是那种糊状黄色大便，十几天后都是四五次很稀的大便，是两个多月的时候就有那种鼻涕状大便就去看医生",
            "label": "OOOOOOOOOOOOOBIIIIIOOOOOOOOOOOOOOOOOOOOOOOOOOOOBIIOOOOOOO",
            "normalized": [
                "稀便",
                "稀便"
            ],
            "type": [
                "1",
                "1"
            ]
        },
        {
            "speaker": "患者",
            "sentence": "吃了很多药",
            "label": "OOOOO",
            "normalized": [],
            "type": []
        },
        {
            "speaker": "医生",
            "sentence": "吃完药物之后有效果吗",
            "label": "OOOOOOOOOO",
            "normalized": [],
            "type": []
        },
        {
            "speaker": "医生",
            "sentence": "第一次有粘液的时候做便化验也没有异常吗",
            "label": "OOOOBIOOOOOOOOOOOOO",
            "normalized": [
                "大便粘液"
            ],
            "type": [
                "1"
            ]
        },
        {
            "speaker": "患者",
            "sentence": "有潜血，吃药都没有什么效果",
            "label": "OOOOOOOOOOOOO",
            "normalized": [],
            "type": []
        },
        {
            "speaker": "医生",
            "sentence": "现在用的什么奶粉",
            "label": "OOOOOOOO",
            "normalized": [],
            "type": []
        },
        {
            "speaker": "医生",
            "sentence": "有吃过醒脾养儿颗粒吗",
            "label": "OOOOOOOOOO",
            "normalized": [],
            "type": []
        },
        {
            "speaker": "患者",
            "sentence": "吃药打针后就没有潜血了，就是大便还是有四五次",
            "label": "OOOOOOOOOOOOOOOOOOOOOO",
            "normalized": [],
            "type": []
        },
        {
            "speaker": "医生",
            "sentence": "做过乳糖不耐受方面的检查吗",
            "label": "OOOOOOOOOOOOO",
            "normalized": [],
            "type": []
        },
        {
            "speaker": "患者",
            "sentence": "忘了，以前住院时间做了什么过敏的要五百块钱的",
            "label": "OOOOOOOOOOOOOBIOOOOOOO",
            "normalized": [
                "过敏"
            ],
            "type": [
                "1"
            ]
        },
        {
            "speaker": "患者",
            "sentence": "吃了没乳糖奶粉大便就正常，不吃又来了",
            "label": "OOOOOOOOOOOOOOOOOO",
            "normalized": [],
            "type": []
        },
        {
            "speaker": "医生",
            "sentence": "宝宝如果吃无乳糖奶粉就正常的话考虑他还是有乳糖酶缺乏的",
            "label": "OOOOOOOOOOOOOOOOOOOOOOOOOOO",
            "normalized": [],
            "type": []
        },
        {
            "speaker": "患者",
            "sentence": "我两个小孩都是这样的，大的小孩是一岁多大便才正常",
            "label": "OOOOOOOOOOOOOOOOOOOOOOOO",
            "normalized": [],
            "type": []
        },
        {
            "speaker": "患者",
            "sentence": "现在正换奶粉，港版的美素佳儿转金领冠",
            "label": "OOOOOOOOOOOOOOOOOO",
            "normalized": [],
            "type": []
        },
        {
            "speaker": "医生",
            "sentence": "有这样孩子的，先天乳糖酶分泌不足吃母乳的时候就是大便次数多比较稀，一岁以后逐渐吃辅食他就会好转",
            "label": "OOOOOOOOOOOOOOOOOOOOOOOOOOOOOOOBOOOOOOOOOOOOOOO",
            "normalized": [
                "稀便"
            ],
            "type": [
                "1"
            ]
        },
        {
            "speaker": "医生",
            "sentence": "这样的孩子你要给他吃无乳糖奶粉，或者奶中加乳糖酶",
            "label": "OOOOOOOOOOOOOOOOOOOOOOOO",
            "normalized": [],
            "type": []
        },
        {
            "speaker": "患者",
            "sentence": "药店有乳糖酶买，之前买合生元益生菌给他吃都没效果，现在一直都吃妈咪爱",
            "label": "OOOOOOOOOOOOOOOOOOOOOOOOOOOOOOOOOO",
            "normalized": [],
            "type": []
        },
        {
            "speaker": "医生",
            "sentence": "乳糖酶缺乏的孩子吃这种益生菌调理是没有效果的",
            "label": "OOOOOOOOOOOOOOOOOOOOOO",
            "normalized": [],
            "type": []
        },
        {
            "speaker": "患者",
            "sentence": "药店有乳糖酶买吗",
            "label": "OOOOOOOO",
            "normalized": [],
            "type": []
        },
        {
            "speaker": "医生",
            "sentence": "你可以到药店或妇婴用品商店找一下如果没有的话可以网购",
            "label": "OOOOOOOOOOOOOOOOOOOOOOOOOO",
            "normalized": [],
            "type": []
        },
        {
            "speaker": "患者",
            "sentence": "问题是他刚出生那几天大便都很好，会不会是我在他刚出生那两个月给太多保婴丹给他吃了",
            "label": "OOOOOOOOOOOOOOOOOOOOOOOOOOOOOOOOOOOOOOOO",
            "normalized": [],
            "type": []
        },
        {
            "speaker": "患者",
            "sentence": "伤了肠胃的",
            "label": "OOOOO",
            "normalized": [],
            "type": []
        },
        {
            "speaker": "医生",
            "sentence": "宝宝如果是伤了肠胃你吃无乳糖奶粉他也会拉肚子的",
            "label": "OOOOOOOOOOOOOOOOOOOBIIO",
            "normalized": [
                "腹泻"
            ],
            "type": [
                "1"
            ]
        },
        {
            "speaker": "医生",
            "sentence": "你好",
            "label": "OO",
            "normalized": [],
            "type": []
        },
        {
            "speaker": "患者",
            "sentence": "乳糖酶和乳酶生有什么差别",
            "label": "OOOOOOOOOOOO",
            "normalized": [],
            "type": []
        },
        {
            "speaker": "患者",
            "sentence": "他之前有吃了乳酶生片，可没效果",
            "label": "OOOOOOOOOOOOOOO",
            "normalized": [],
            "type": []
        },
        {
            "speaker": "医生",
            "sentence": "他们有很大差别的乳糖酶是一种消化酶类，专门帮助宝宝消化乳糖的，用于乳糖不耐受的宝宝",
            "label": "OOOOOOOOOOOOOOOOOOOOOOOOOOOOOOOOOOOOOOOOO",
            "normalized": [],
            "type": []
        },
        {
            "speaker": "患者",
            "sentence": "乳糖酶有什么副作用吗?可以长期吃吗",
            "label": "OOOOOOOOOOOOOOOOO",
            "normalized": [],
            "type": []
        },
        {
            "speaker": "医生",
            "sentence": "乳酶生是活乳酸杆菌的干制剂，主要用于消化不良的孩子",
            "label": "OOOOOOOOOOOOOOOOOOBIIIOOO",
            "normalized": [
                "消化不良"
            ],
            "type": [
                "3"
            ]
        },
        {
            "speaker": "患者",
            "sentence": "'乳糖酶有什么副作用吗?可以长期吃吗",
            "label": "OOOOOOOOOOOOOOOOOO",
            "normalized": [],
            "type": []
        },
        {
            "speaker": "医生",
            "sentence": "可以的",
            "label": "OOO",
            "normalized": [],
            "type": []
        },
        {
            "speaker": "医生",
            "sentence": "它没有副作用的就是一个消化酶类",
            "label": "OOOOOOOOOOOOOOO",
            "normalized": [],
            "type": []
        },
        {
            "speaker": "医生",
            "sentence": "随着宝宝长大他乳糖酶分泌增多之后就可以逐渐给他减少乳糖酶的用量",
            "label": "OOOOOOOOOOOOOOOOOOOOOOOOOOOOOOO",
            "normalized": [],
            "type": []
        }
    ]
}