{
    "data-split": "train",
    "example-id": "10734728",
    "dialogue-content": [
        {
            "speaker": "医生",
            "sentence": "你好我是您的接诊医生",
            "label": "OOOOOOOOOO",
            "normalized": [],
            "type": []
        },
        {
            "speaker": "医生",
            "sentence": "宝贝多大了呢",
            "label": "OOOOOO",
            "normalized": [],
            "type": []
        },
        {
            "speaker": "患者",
            "sentence": "两岁八个月",
            "label": "OOOOO",
            "normalized": [],
            "type": []
        },
        {
            "speaker": "医生",
            "sentence": "最近家里有人感冒吗？",
            "label": "OOOOOOOOOO",
            "normalized": [],
            "type": []
        },
        {
            "speaker": "医生",
            "sentence": "有没有着凉呢",
            "label": "OOOOOO",
            "normalized": [],
            "type": []
        },
        {
            "speaker": "患者",
            "sentence": "前段时间我感冒了",
            "label": "OOOOOOOO",
            "normalized": [],
            "type": []
        },
        {
            "speaker": "医生",
            "sentence": "嗯嗯，家里有人感冒的话不要靠近宝贝，容易交叉感染的奥",
            "label": "OOOOOOOOOOOOOOOOOOOOOOOOOO",
            "normalized": [],
            "type": []
        },
        {
            "speaker": "医生",
            "sentence": "宝贝咳嗽总共几天了呢",
            "label": "OOBIOOOOOO",
            "normalized": [
                "咳嗽"
            ],
            "type": [
                "1"
            ]
        },
        {
            "speaker": "患者",
            "sentence": "昨天下午开始",
            "label": "OOOOOO",
            "normalized": [],
            "type": []
        },
        {
            "speaker": "医生",
            "sentence": "咳嗽勤吗？",
            "label": "BIOOO",
            "normalized": [
                "咳嗽"
            ],
            "type": [
                "1"
            ]
        },
        {
            "speaker": "患者",
            "sentence": "挺频繁",
            "label": "OOO",
            "normalized": [],
            "type": []
        },
        {
            "speaker": "患者",
            "sentence": "上午咳嗽四次了",
            "label": "OOBIOOO",
            "normalized": [
                "咳嗽"
            ],
            "type": [
                "1"
            ]
        },
        {
            "speaker": "患者",
            "sentence": "咳嗽听着有痰",
            "label": "BIOOBI",
            "normalized": [
                "咳嗽",
                "痰"
            ],
            "type": [
                "1",
                "1"
            ]
        },
        {
            "speaker": "医生",
            "sentence": "咳嗽有痰吗",
            "label": "BIBIO",
            "normalized": [
                "咳嗽",
                "痰"
            ],
            "type": [
                "1",
                "1"
            ]
        },
        {
            "speaker": "患者",
            "sentence": "说话鼻音",
            "label": "OOOO",
            "normalized": [],
            "type": []
        },
        {
            "speaker": "医生",
            "sentence": "嗯嗯，痰量比之前多了吗",
            "label": "OOOBIOOOOOO",
            "normalized": [
                "痰"
            ],
            "type": [
                "1"
            ]
        },
        {
            "speaker": "患者",
            "sentence": "比昨天多",
            "label": "OOOO",
            "normalized": [],
            "type": []
        },
        {
            "speaker": "医生",
            "sentence": "嗯嗯，宝贝鼻塞吗？",
            "label": "OOOOOBIOO",
            "normalized": [
                "鼻塞"
            ],
            "type": [
                "3"
            ]
        },
        {
            "speaker": "患者",
            "sentence": "昨天下午咳嗽两次，嗓子哑了",
            "label": "OOOOBIOOOBIIO",
            "normalized": [
                "咳嗽",
                "沙哑"
            ],
            "type": [
                "1",
                "1"
            ]
        },
        {
            "speaker": "医生",
            "sentence": "多给宝贝喝点温水，别哭闹太厉害了奥！别着凉",
            "label": "OOOOOOOOOOOOOOOOOOOOO",
            "normalized": [],
            "type": []
        },
        {
            "speaker": "患者",
            "sentence": "今天咳嗽多了，打喷嚏后咳嗽",
            "label": "OOBIOOOBIIOBI",
            "normalized": [
                "咳嗽",
                "打喷嚏",
                "咳嗽"
            ],
            "type": [
                "1",
                "1",
                "1"
            ]
        },
        {
            "speaker": "患者",
            "sentence": "给她吃银光颗粒和葵花肺热咳喘口服液",
            "label": "OOOOOOOOOOOOOOOOO",
            "normalized": [],
            "type": []
        },
        {
            "speaker": "医生",
            "sentence": "嗯嗯，宝贝咳嗽炎症渗出比较少所以痰比较少，随着炎症渗出痰开始增多，增多后刺激宝贝咳嗽症状比较明显！",
            "label": "OOOOOBIOOOOOOOOOBOOOOOOOOOOBOOOOOOOOOOOOBIOOOOOOO",
            "normalized": [
                "咳嗽",
                "痰",
                "痰",
                "咳嗽"
            ],
            "type": [
                "1",
                "1",
                "1",
                "1"
            ]
        },
        {
            "speaker": "医生",
            "sentence": "咳嗽是一个过程，宝贝上痰后咳嗽症状比较厉害，并不代表宝贝病情加重了，痰液刺激的！不用担心，多给宝贝拍后背，促进痰的排除的奥",
            "label": "BIOOOOOOOOOBOBIOOOOOOOOOOOOOOOOOOOBOOOOOOOOOOOOOOOOOOOOBOOOOO",
            "normalized": [
                "咳嗽",
                "痰",
                "咳嗽",
                "痰",
                "痰"
            ],
            "type": [
                "1",
                "1",
                "1",
                "1",
                "1"
            ]
        },
        {
            "speaker": "患者",
            "sentence": "吃什么药呢",
            "label": "OOOOO",
            "normalized": [],
            "type": []
        },
        {
            "speaker": "医生",
            "sentence": "看过医生吗？",
            "label": "OOOOOO",
            "normalized": [],
            "type": []
        },
        {
            "speaker": "医生",
            "sentence": "宝贝会吐痰吗？",
            "label": "OOOBIOO",
            "normalized": [
                "痰"
            ],
            "type": [
                "1"
            ]
        },
        {
            "speaker": "患者",
            "sentence": "不会",
            "label": "OO",
            "normalized": [],
            "type": []
        },
        {
            "speaker": "患者",
            "sentence": "没有啊",
            "label": "OOO",
            "normalized": [],
            "type": []
        },
        {
            "speaker": "患者",
            "sentence": "不发烧",
            "label": "OBI",
            "normalized": [
                "发热"
            ],
            "type": [
                "2"
            ]
        },
        {
            "speaker": "医生",
            "sentence": "宝贝这个的话太小了所以痰不会吐，只能被呕吐出去或者拉出去，所以多给宝贝拍背能把痰呕吐出去也是比较好的痰咽下去之后胃肠功能会有影响，能吃多少吃多少别强喂",
            "label": "OOOOOOOOOOOBOOBOOOOBIOOOOOOOOOOOOOOOOOOBBIOOOOOOOOBOOOOOOOOOOOOOOOOOOOOOOOO",
            "normalized": [
                "痰",
                "呕吐",
                "呕吐",
                "痰",
                "呕吐",
                "痰"
            ],
            "type": [
                "1",
                "3",
                "3",
                "1",
                "3",
                "1"
            ]
        },
        {
            "speaker": "医生",
            "sentence": "痰通过这两种途径排出去的话也是比较好的，利于宝贝的恢复",
            "label": "BOOOOOOOOOOOOOOOOOOOOOOOOOO",
            "normalized": [
                "痰"
            ],
            "type": [
                "1"
            ]
        },
        {
            "speaker": "患者",
            "sentence": "嗯嗯",
            "label": "OO",
            "normalized": [],
            "type": []
        },
        {
            "speaker": "医生",
            "sentence": "宝贝这个目前的症状主要是考虑的支气管炎，支气管炎的话这个可能由于受凉或者感染引起来的，这个治疗的原则的话主要是消炎止咳化痰治疗的奥！",
            "label": "OOOOOOOOOOOOOOOBIIIOBIIIOOOOOOOOOOOOOOOOOOOOOOOOOOOOOOOOOOOOOOOOOO",
            "normalized": [
                "支气管炎",
                "支气管炎"
            ],
            "type": [
                "3",
                "3"
            ]
        },
        {
            "speaker": "医生",
            "sentence": "宝贝目前的话痰量增多炎症渗出增多，具体感染的情况的话不明确，需不需要用抗生素，所以我建议给宝贝先查个血常规胸片，排除一下支气管炎，看一下具体感染情况，根据结果对症处理！这样能够指导我们用药，用药大体时间，用的药物也是比较对症的，宝贝恢复起来也是比较快的，利于宝贝恢复！",
            "label": "OOOOOOBIIIOOOOOOOOOOOOOOOOOOOOOOOOOOOOOOOOOOOOOOOOOOOOOOOOOOBIIIOOOOOOOOOOOOOOOOOOOOOOOOOOOOOOOOOOOOOOOOOOOOOOOOOOOOOOOOOOOOOOOOOOOOOO",
            "normalized": [
                "痰",
                "支气管炎"
            ],
            "type": [
                "1",
                "3"
            ]
        },
        {
            "speaker": "患者",
            "sentence": "解感颗粒和易坦静？",
            "label": "OOOOOOOOO",
            "normalized": [],
            "type": []
        },
        {
            "speaker": "医生",
            "sentence": "易坦静是化痰的话，这个可以做个检查看一下是否适合",
            "label": "OOOOOOOOOOOOOOOOOOOOOOOO",
            "normalized": [],
            "type": []
        },
        {
            "speaker": "医生",
            "sentence": "您可以注意以下方面",
            "label": "OOOOOOOOO",
            "normalized": [],
            "type": []
        },
        {
            "speaker": "医生",
            "sentence": "宝贝吃饭注意饮食，生冷辛辣刺激食物不能吃油腻食物不能吃，清淡饮食为主，特别油腻食物容易生痰的奥，多喝点温水，注意休息，别活动太厉害了奥，多给宝贝拍背，这个时候吃饭会有影响可能，能吃多少吃多少别强喂奥！",
            "label": "OOOOOOOOOOOOOOOOOOOOOOOOOOOOOOOOOOOOOOOOOOOBIOOOOOOOOOOOOOOOOOOOOOOOOOOOOOOOOOOOOOOOOOOOOOOOOOOOOOOO",
            "normalized": [
                "痰"
            ],
            "type": [
                "1"
            ]
        },
        {
            "speaker": "患者",
            "sentence": "好的",
            "label": "OO",
            "normalized": [],
            "type": []
        },
        {
            "speaker": "医生",
            "sentence": "嗯嗯，目前的话病情比较稳定的，您可以给宝贝做个检查，明确一下病因，具体感染情况，多喝点温水，别着凉，一定注意以上注意事项奥！",
            "label": "OOOOOOOOOOOOOOOOOOOOOOOOOOOOOOOOOOOOOOOOOOOOOOOOOOOOOOOOOOOOOO",
            "normalized": [],
            "type": []
        },
        {
            "speaker": "患者",
            "sentence": "好的，谢谢",
            "label": "OOOOO",
            "normalized": [],
            "type": []
        },
        {
            "speaker": "医生",
            "sentence": "宝贝这个的痰的目前拍上来的话就好了，这个病程总共大概需要7到10天时间，这个越小的宝贝恢复起来越慢宝贝排痰比较慢，看完面诊医生之后药物吸收也是一个过程的奥，所以不可能用上药之后症状立马就消失的奥",
            "label": "OOOOOBOOOOOOOOOOOOOOOOOOOOOOOOOOOOOOOOOOOOOOOOOOOOOBIOOOOOOOOOOOOOOOOOOOOOOOOOOOOOOOOOOOOOOOOOOOO",
            "normalized": [
                "痰",
                "痰"
            ],
            "type": [
                "1",
                "1"
            ]
        },
        {
            "speaker": "患者",
            "sentence": "好的啊",
            "label": "OOO",
            "normalized": [],
            "type": []
        },
        {
            "speaker": "医生",
            "sentence": "嗯嗯，好的，祝宝贝健康，有问题欢迎咨询",
            "label": "OOOOOOOOOOOOOOOOOOO",
            "normalized": [],
            "type": []
        },
        {
            "speaker": "患者",
            "sentence": "有点哑嗓子",
            "label": "OOBII",
            "normalized": [
                "沙哑"
            ],
            "type": [
                "1"
            ]
        },
        {
            "speaker": "患者",
            "sentence": "知道了大夫，谢谢",
            "label": "OOOOOOOO",
            "normalized": [],
            "type": []
        },
        {
            "speaker": "医生",
            "sentence": "哑嗓子的话这个多喝点温水，别着凉，看一下感染情况，再面诊医生指导下看一下需不需要雾化",
            "label": "OOOOOOOOOOOOOOOOOOOOOOOOOOOOOOOOOOOOOOOOOO",
            "normalized": [],
            "type": []
        },
        {
            "speaker": "医生",
            "sentence": "嗯嗯，关于宝贝健康问题还有疑问吗？",
            "label": "OOOOOOOOOOOOOOOOO",
            "normalized": [],
            "type": []
        },
        {
            "speaker": "医生",
            "sentence": "你好我是您的接诊医生",
            "label": "OOOOOOOOOO",
            "normalized": [],
            "type": []
        },
        {
            "speaker": "医生",
            "sentence": "宝贝最近家里有人感冒吗？",
            "label": "OOOOOOOOOOOO",
            "normalized": [],
            "type": []
        },
        {
            "speaker": "医生",
            "sentence": "有没有着凉呢",
            "label": "OOOOOO",
            "normalized": [],
            "type": []
        },
        {
            "speaker": "医生",
            "sentence": "上午咨询的那个小朋友，对吗",
            "label": "OOOOOOOOOOOOO",
            "normalized": [],
            "type": []
        }
    ]
}