{
    "data-split": "train",
    "example-id": "10183380",
    "dialogue-content": [
        {
            "speaker": "医生",
            "sentence": "你好",
            "label": "OO",
            "normalized": [],
            "type": []
        },
        {
            "speaker": "患者",
            "sentence": "您好",
            "label": "OO",
            "normalized": [],
            "type": []
        },
        {
            "speaker": "医生",
            "sentence": "这孩子除了咳嗽以外，还有其他的症状吗？有没有声音嘶哑的情况",
            "label": "OOOOOBIOOOOOOOOOOOOOOOOOBIOOO",
            "normalized": [
                "咳嗽",
                "沙哑"
            ],
            "type": [
                "1",
                "2"
            ]
        },
        {
            "speaker": "患者",
            "sentence": "没有，前几天发烧，和咳嗽，这几天只咳嗽",
            "label": "OOOOOOBIOOBIOOOOOBI",
            "normalized": [
                "发热",
                "咳嗽",
                "咳嗽"
            ],
            "type": [
                "1",
                "1",
                "1"
            ]
        },
        {
            "speaker": "医生",
            "sentence": "相对来说夜间咳嗽症状重，还是白天咳嗽症状重",
            "label": "OOOOOOBIOOOOOOOOBIOOO",
            "normalized": [
                "咳嗽",
                "咳嗽"
            ],
            "type": [
                "1",
                "1"
            ]
        },
        {
            "speaker": "患者",
            "sentence": "白天咳嗽，一睡着了就不咳了",
            "label": "OOBIOOOOOOOBO",
            "normalized": [
                "咳嗽",
                "咳嗽"
            ],
            "type": [
                "1",
                "2"
            ]
        },
        {
            "speaker": "医生",
            "sentence": "这个孩子一共可做多长时间了",
            "label": "OOOOOOOOOOOOO",
            "normalized": [],
            "type": []
        },
        {
            "speaker": "医生",
            "sentence": "这个孩子一共咳嗽多长时间了",
            "label": "OOOOOOBIOOOOO",
            "normalized": [
                "咳嗽"
            ],
            "type": [
                "1"
            ]
        },
        {
            "speaker": "患者",
            "sentence": "上个星期六刚开始咳得，但咳的不要紧就给吃了两天的药，第三天咳嗽的历害的，上个星期三开始输液的",
            "label": "OOOOOOOOBIOOBOOOOOOOOOOOOOOOOBIOOOOOOOOOOOOOOO",
            "normalized": [
                "咳嗽",
                "咳嗽",
                "咳嗽"
            ],
            "type": [
                "1",
                "1",
                "1"
            ]
        },
        {
            "speaker": "医生",
            "sentence": "前几天输液有用的什么药物？",
            "label": "OOOOOOOOOOOOO",
            "normalized": [],
            "type": []
        },
        {
            "speaker": "患者",
            "sentence": "头孢，和阿奇",
            "label": "OOOOOO",
            "normalized": [],
            "type": []
        },
        {
            "speaker": "医生",
            "sentence": "也就是说这个孩子咳嗽一个周了",
            "label": "OOOOOOOOBIOOOO",
            "normalized": [
                "咳嗽"
            ],
            "type": [
                "1"
            ]
        },
        {
            "speaker": "患者",
            "sentence": "还有止咳的",
            "label": "OOOOO",
            "normalized": [],
            "type": []
        },
        {
            "speaker": "医生",
            "sentence": "输液以后这个孩子咳嗽症状明显的缓解了，还是可缓解的不明显，还是加重了",
            "label": "OOOOOOOOBIOOOOOOOOOOOOOOOOOOOOOOOO",
            "normalized": [
                "咳嗽"
            ],
            "type": [
                "1"
            ]
        },
        {
            "speaker": "患者",
            "sentence": "咳嗽的有十天了",
            "label": "BIOOOOO",
            "normalized": [
                "咳嗽"
            ],
            "type": [
                "1"
            ]
        },
        {
            "speaker": "医生",
            "sentence": "哦",
            "label": "O",
            "normalized": [],
            "type": []
        },
        {
            "speaker": "医生",
            "sentence": "都进行过什么检查",
            "label": "OOOOOOOO",
            "normalized": [],
            "type": []
        },
        {
            "speaker": "患者",
            "sentence": "输完液有明显好转，但是输完液还吃了三四天的药还是咳嗽",
            "label": "OOOOOOOOOOOOOOOOOOOOOOOOBI",
            "normalized": [
                "咳嗽"
            ],
            "type": [
                "1"
            ]
        },
        {
            "speaker": "医生",
            "sentence": "输液以后，咳嗽症状明显的缓解了，但是现在仍然有咳嗽的情况",
            "label": "OOOOOBIOOOOOOOOOOOOOOOOBIOOO",
            "normalized": [
                "咳嗽",
                "咳嗽"
            ],
            "type": [
                "1",
                "1"
            ]
        },
        {
            "speaker": "患者",
            "sentence": "没有检查",
            "label": "OOOO",
            "normalized": [],
            "type": []
        },
        {
            "speaker": "患者",
            "sentence": "是",
            "label": "O",
            "normalized": [],
            "type": []
        },
        {
            "speaker": "患者",
            "sentence": "该怎么办呢大夫？",
            "label": "OOOOOOOO",
            "normalized": [],
            "type": []
        },
        {
            "speaker": "医生",
            "sentence": "这个孩子咳嗽的时间比较长，应该进行相应的检查，比如说血常规，肺炎支原体，胸片",
            "label": "OOOOBIOOOOOOOOOOOOOOOOOOOOOOOOBIIIIOOO",
            "normalized": [
                "咳嗽",
                "支气管炎"
            ],
            "type": [
                "1",
                "3"
            ]
        },
        {
            "speaker": "医生",
            "sentence": "根据你所描述的情况这个孩子最起码是个支气管炎",
            "label": "OOOOOOOOOOOOOOOOOOBIII",
            "normalized": [
                "支气管炎"
            ],
            "type": [
                "3"
            ]
        },
        {
            "speaker": "医生",
            "sentence": "应该继续给孩子输液治疗的",
            "label": "OOOOOOOOOOOO",
            "normalized": [],
            "type": []
        },
        {
            "speaker": "医生",
            "sentence": "这个孩子五周岁了，能不能咳出痰来，黄痰还是白痰",
            "label": "OOOOOOOOOOOOBIIOOBIOOOB",
            "normalized": [
                "咳嗽",
                "痰",
                "痰"
            ],
            "type": [
                "1",
                "3",
                "3"
            ]
        },
        {
            "speaker": "患者",
            "sentence": "可是大夫们看了嗓子说不要紧，给开的药",
            "label": "OOOOOOOOOOOOOOOOOO",
            "normalized": [],
            "type": []
        },
        {
            "speaker": "医生",
            "sentence": "应该是嗓子关系不大了，这个孩子需要考虑气管炎",
            "label": "OOOOOOOOOOOOOOOOOOOBII",
            "normalized": [
                "支气管炎"
            ],
            "type": [
                "3"
            ]
        },
        {
            "speaker": "患者",
            "sentence": "咳不出痰来",
            "label": "BOOBO",
            "normalized": [
                "咳嗽",
                "痰"
            ],
            "type": [
                "1",
                "1"
            ]
        },
        {
            "speaker": "医生",
            "sentence": "如果这个孩子咳不出痰来，就高度怀疑支原体感染的可能，支原体感染的孩子就会出现病情迁延不愈，反反复复",
            "label": "OOOOOOBOOBOOOOOOOBIIIIOOOOBIIIIOOOOOOOOOOOOOOOOOO",
            "normalized": [
                "咳嗽",
                "痰",
                "支原体感染",
                "支原体感染"
            ],
            "type": [
                "1",
                "1",
                "3",
                "3"
            ]
        },
        {
            "speaker": "医生",
            "sentence": "可以继续应用阿奇霉素抗感染",
            "label": "OOOOOOOOOOOOO",
            "normalized": [],
            "type": []
        },
        {
            "speaker": "医生",
            "sentence": "另外需要雾化吸入缓解咳嗽症状",
            "label": "OOOOOOOOOOBIOO",
            "normalized": [
                "咳嗽"
            ],
            "type": [
                "1"
            ]
        },
        {
            "speaker": "患者",
            "sentence": "还有什么办法吗？",
            "label": "OOOOOOOO",
            "normalized": [],
            "type": []
        },
        {
            "speaker": "医生",
            "sentence": "你不想输液了？",
            "label": "OOOOOOO",
            "normalized": [],
            "type": []
        },
        {
            "speaker": "医生",
            "sentence": "那就给孩子口服阿奇霉素吧，雾化吸入可以吧？这个没有痛苦的，可以明显地缓解咳嗽症状",
            "label": "OOOOOOOOOOOOOOOOOOOOOOOOOOOOOOOOOOOOBIOO",
            "normalized": [
                "咳嗽"
            ],
            "type": [
                "1"
            ]
        },
        {
            "speaker": "患者",
            "sentence": "孩子星期天刚输完，这刚停了一星期",
            "label": "OOOOOOOOOOOOOOOO",
            "normalized": [],
            "type": []
        },
        {
            "speaker": "医生",
            "sentence": "那就口服阿奇霉素雾化吸入吧",
            "label": "OOOOOOOOOOOOO",
            "normalized": [],
            "type": []
        },
        {
            "speaker": "医生",
            "sentence": "可以先试试看",
            "label": "OOOOOO",
            "normalized": [],
            "type": []
        },
        {
            "speaker": "患者",
            "sentence": "哦！谢谢了！",
            "label": "OOOOOO",
            "normalized": [],
            "type": []
        },
        {
            "speaker": "医生",
            "sentence": "如果咳嗽症状明显的缓解了，那就继续维持这种治疗方案3到4天",
            "label": "OOBIOOOOOOOOOOOOOOOOOOOOOOOOO",
            "normalized": [
                "咳嗽"
            ],
            "type": [
                "1"
            ]
        }
    ]
}